"C:/Users/nguye/UnrealProject/DOTD/DOTD.uproject" 1
"../../../Engine/Plugins/BlueprintFileUtils/BlueprintFileUtils.uplugin" 2
"../../../Engine/Plugins/AudioGameplayVolume/AudioGameplayVolume.uplugin" 3
"../../../Engine/Plugins/EnhancedInput/EnhancedInput.uplugin" 4
"../../../Engine/Plugins/MemoryUsageQueries/MemoryUsageQueries.uplugin" 5
"../../../Engine/Plugins/Fab/Fab.uplugin" 6
"../../../Engine/Plugins/RenderGraphInsights/RenderGraphInsights.uplugin" 7
"../../../Engine/Plugins/XGEController/XGEController.uplugin" 8
"../../../Engine/Plugins/Cameras/GameplayCameras/GameplayCameras.uplugin" 9
"../../../Engine/Plugins/Cameras/CameraShakePreviewer/CameraShakePreviewer.uplugin" 10
"../../../Engine/Plugins/Animation/AnimationWarping/AnimationWarping.uplugin" 11
"../../../Engine/Plugins/Animation/ControlRigSpline/ControlRigSpline.uplugin" 12
"../../../Engine/Plugins/Animation/ControlRig/ControlRig.uplugin" 13
"../../../Engine/Plugins/MeshPainting/MeshPainting.uplugin" 14
"../../../Engine/Plugins/LightWeightInstancesEditor/LightWeightInstancesEditor.uplugin" 15
"../../../Engine/Plugins/JsonBlueprintUtilities/JsonBlueprintUtilities.uplugin" 16
"../../../Engine/Plugins/Animation/AnimationLocomotionLibrary/AnimationLocomotionLibrary.uplugin" 17
"../../../Engine/Plugins/2D/Paper2D/Paper2D.uplugin" 18
"../../../Engine/Plugins/Animation/DeformerGraph/DeformerGraph.uplugin" 19
"../../../Engine/Plugins/Animation/GameplayInsights/GameplayInsights.uplugin" 20
"../../../Engine/Plugins/Animation/BlendSpaceMotionAnalysis/BlendSpaceMotionAnalysis.uplugin" 21
"../../../Engine/Plugins/Animation/LiveLink/LiveLink.uplugin" 22
"../../../Engine/Plugins/Animation/IKRig/IKRig.uplugin" 23
"../../../Engine/Plugins/Animation/ACLPlugin/ACLPlugin.uplugin" 24
"../../../Engine/Plugins/Animation/MotionWarping/MotionWarping.uplugin" 25
"../../../Engine/Plugins/Animation/RigLogic/RigLogic.uplugin" 26
"../../../Engine/Plugins/Slate/SlateScripting/SlateScripting.uplugin" 27
"../../../Engine/Plugins/Slate/SlateInsights/SlateInsights.uplugin" 28
"../../../Engine/Plugins/Enterprise/AxFImporter/AxFImporter.uplugin" 29
"../../../Engine/Plugins/Enterprise/DatasmithContent/DatasmithContent.uplugin" 30
"../../../Engine/Plugins/Enterprise/DatasmithCADImporter/DatasmithCADImporter.uplugin" 31
"../../../Engine/Plugins/Enterprise/DataprepEditor/DataprepEditor.uplugin" 32
"../../../Engine/Plugins/Enterprise/LidarPointCloud/LidarPointCloud.uplugin" 33
"../../../Engine/Plugins/Enterprise/VariantManager/VariantManager.uplugin" 34
"../../../Engine/Plugins/Enterprise/GLTFExporter/GLTFExporter.uplugin" 35
"../../../Engine/Plugins/Enterprise/MDLImporter/MDLImporter.uplugin" 36
"../../../Engine/Plugins/Interchange/Runtime/Interchange.uplugin" 37
"../../../Engine/Plugins/Interchange/Editor/InterchangeEditor.uplugin" 38
"../../../Engine/Plugins/Enterprise/DatasmithFBXImporter/DatasmithFBXImporter.uplugin" 39
"../../../Engine/Plugins/MovieScene/LevelSequenceEditor/LevelSequenceEditor.uplugin" 40
"../../../Engine/Plugins/Enterprise/VariantManagerContent/VariantManagerContent.uplugin" 41
"../../../Engine/Plugins/MovieScene/MoviePipelineMaskRenderPass/MoviePipelineMaskRenderPass.uplugin" 42
"../../../Engine/Plugins/Enterprise/DatasmithImporter/DatasmithImporter.uplugin" 43
"../../../Engine/Plugins/MovieScene/MovieRenderPipeline/MovieRenderPipeline.uplugin" 44
"../../../Engine/Plugins/MovieScene/TemplateSequence/TemplateSequence.uplugin" 45
"../../../Engine/Plugins/MovieScene/MovieSceneTextTrack/MovieSceneTextTrack.uplugin" 46
"../../../Engine/Plugins/MovieScene/CustomizableSequencerTracks/CustomizableSequencerTracks.uplugin" 47
"../../../Engine/Plugins/Experimental/AnimToTexture/AnimToTexture.uplugin" 48
"../../../Engine/Plugins/Experimental/ActorPalette/ActorPalette.uplugin" 49
"../../../Engine/Plugins/Experimental/AbilitySystemGameFeatureActions/AbilitySystemGameFeatureActions.uplugin" 50
"../../../Engine/Plugins/MovieScene/ReplayTracks/ReplayTracks.uplugin" 51
"../../../Engine/Plugins/Animation/AnimationModifierLibrary/AnimationModifierLibrary.uplugin" 52
"../../../Engine/Plugins/Experimental/AssetPlacementEdMode/AssetPlacementEdMode.uplugin" 53
"../../../Engine/Plugins/Experimental/BlueprintStats/BlueprintStats.uplugin" 54
"../../../Engine/Plugins/MovieScene/ActorSequence/ActorSequence.uplugin" 55
"../../../Engine/Plugins/Experimental/ChaosCaching/ChaosCaching.uplugin" 56
"../../../Engine/Plugins/Experimental/BlueprintSnapNodes/BlueprintSnapNodes.uplugin" 57
"../../../Engine/Plugins/Experimental/ChaosClothAsset/ChaosClothAsset.uplugin" 58
"../../../Engine/Plugins/Experimental/ChaosEditor/ChaosEditor.uplugin" 59
"../../../Engine/Plugins/Experimental/ChaosClothAssetEditor/ChaosClothAssetEditor.uplugin" 60
"../../../Engine/Plugins/Experimental/ChaosNiagara/ChaosNiagara.uplugin" 61
"../../../Engine/Plugins/MovieScene/SequencerScripting/SequencerScripting.uplugin" 62
"../../../Engine/Plugins/AudioGameplay/AudioGameplay.uplugin" 63
"../../../Engine/Plugins/Experimental/ChaosUserDataPT/ChaosUserDataPT.uplugin" 64
"../../../Engine/Plugins/Experimental/ChaosFlesh/ChaosFlesh.uplugin" 65
"../../../Engine/Plugins/Experimental/CharacterAI/CharacterAI.uplugin" 66
"../../../Engine/Plugins/Animation/AnimationData/AnimationData.uplugin" 67
"../../../Engine/Plugins/Experimental/ChaosSolverPlugin/ChaosSolverPlugin.uplugin" 68
"../../../Engine/Plugins/Experimental/Chooser/Chooser.uplugin" 69
"../../../Engine/Plugins/Performance/PerformanceMonitor/PerformanceMonitor.uplugin" 70
"../../../Engine/Plugins/Experimental/CodeEditor/CodeEditor.uplugin" 71
"../../../Engine/Plugins/Experimental/CodeView/CodeView.uplugin" 72
"../../../Engine/Plugins/Experimental/CinematicPrestreaming/CinematicPrestreaming.uplugin" 73
"../../../Engine/Plugins/Experimental/ChaosVehiclesPlugin/ChaosVehiclesPlugin.uplugin" 74
"../../../Engine/Plugins/Experimental/CommonConversation/CommonConversation.uplugin" 75
"../../../Engine/Plugins/Experimental/ControlFlows/ControlFlows.uplugin" 76
"../../../Engine/Plugins/Experimental/ColorCorrectRegions/ColorCorrectRegions.uplugin" 77
"../../../Engine/Plugins/Experimental/Dataflow/Dataflow.uplugin" 78
"../../../Engine/Plugins/Experimental/ChaosClothEditor/ChaosClothEditor.uplugin" 79
"../../../Engine/Plugins/Experimental/ChaosCloth/ChaosCloth.uplugin" 80
"../../../Engine/Plugins/Experimental/DatasmithCloTranslator/DatasmithCloTranslator.uplugin" 81
"../../../Engine/Plugins/Experimental/DefaultInstallBundleManager/DefaultInstallBundleManager.uplugin" 82
"../../../Engine/Plugins/Experimental/FieldSystemPlugin/FieldSystemPlugin.uplugin" 83
"../../../Engine/Plugins/Experimental/AutomationUtils/AutomationUtils.uplugin" 84
"../../../Engine/Plugins/Experimental/GameFeatures/GameFeatures.uplugin" 85
"../../../Engine/Plugins/Experimental/FullBodyIK/FullBodyIK.uplugin" 86
"../../../Engine/Plugins/Experimental/GameplayGraph/GameplayGraph.uplugin" 87
"../../../Engine/Plugins/Experimental/Gauntlet/Gauntlet.uplugin" 88
"../../../Engine/Plugins/Experimental/GeometryCacheAbcFile/GeometryCacheAbcFile.uplugin" 89
"../../../Engine/Plugins/Experimental/GeometryCollectionPlugin/GeometryCollectionPlugin.uplugin" 90
"../../../Engine/Plugins/Experimental/CineCameraRigs/CineCameraRigs.uplugin" 91
"../../../Engine/Plugins/Experimental/GizmoEdMode/GizmoEdMode.uplugin" 92
"../../../Engine/Plugins/Experimental/GeometryFlow/GeometryFlow.uplugin" 93
"../../../Engine/Plugins/Experimental/GameplayBehaviors/GameplayBehaviors.uplugin" 94
"../../../Engine/Plugins/Experimental/GizmoFramework/GizmoFramework.uplugin" 95
"../../../Engine/Plugins/Experimental/HairModelingToolset/HairModelingToolset.uplugin" 96
"../../../Engine/Plugins/Enterprise/DatasmithC4DImporter/DatasmithC4DImporter.uplugin" 97
"../../../Engine/Plugins/Experimental/ImagePlate/ImagePlate.uplugin" 98
"../../../Engine/Plugins/Experimental/GPULightmass/GPULightmass.uplugin" 99
"../../../Engine/Plugins/Experimental/ChaosVD/ChaosVD.uplugin" 100
"../../../Engine/Plugins/Experimental/LandscapePatch/LandscapePatch.uplugin" 101
"../../../Engine/Plugins/Experimental/LiveLinkControlRig/LiveLinkControlRig.uplugin" 102
"../../../Engine/Plugins/Experimental/LiveLinkFaceImporter/LiveLinkFaceImporter.uplugin" 103
"../../../Engine/Plugins/Experimental/LearningAgents/LearningAgents.uplugin" 104
"../../../Engine/Plugins/Experimental/MeshLODToolset/MeshLODToolset.uplugin" 105
"../../../Engine/Plugins/Experimental/Landmass/Landmass.uplugin" 106
"../../../Engine/Plugins/Experimental/BackChannel/BackChannel.uplugin" 107
"../../../Engine/Plugins/Experimental/AnimNext/AnimNext.uplugin" 108
"../../../Engine/Plugins/Experimental/Mutable/Mutable.uplugin" 109
"../../../Engine/Plugins/Experimental/MotoSynth/MotoSynth.uplugin" 110
"../../../Engine/Plugins/Experimental/AppleVision/AppleVision.uplugin" 111
"../../../Engine/Plugins/Experimental/LocalizableMessage/LocalizableMessage.uplugin" 112
"../../../Engine/Plugins/Experimental/NNE/NNE.uplugin" 113
"../../../Engine/Plugins/Experimental/CineCameraSceneCapture/CineCameraSceneCapture.uplugin" 114
"../../../Engine/Plugins/Experimental/NNERuntimeRDG/NNERuntimeRDG.uplugin" 115
"../../../Engine/Plugins/Experimental/NNERuntimeORTGpu/NNERuntimeORTGpu.uplugin" 116
"../../../Engine/Plugins/Experimental/Fracture/Fracture.uplugin" 117
"../../../Engine/Plugins/Experimental/GameplayTargetingSystem/TargetingSystem.uplugin" 118
"../../../Engine/Plugins/Experimental/MeshModelingToolsetExp/MeshModelingToolsetExp.uplugin" 119
"../../../Engine/Plugins/Experimental/MotorSimOutputMotoSynth/MotorSimOutputMotoSynth.uplugin" 120
"../../../Engine/Plugins/Experimental/JWT/JWT.uplugin" 121
"../../../Engine/Plugins/Experimental/OptiXDenoise/OptiXDenoise.uplugin" 122
"../../../Engine/Plugins/Experimental/OpenImageDenoise/OpenImageDenoise.uplugin" 123
"../../../Engine/Plugins/Experimental/PCG/PCG.uplugin" 124
"../../../Engine/Plugins/Experimental/PCGExternalDataInterop/PCGExternalDataInterop.uplugin" 125
"../../../Engine/Plugins/Experimental/PCGGeometryScriptInterop/PCGGeometryScriptInterop.uplugin" 126
"../../../Engine/Plugins/Experimental/PhysicsControl/PhysicsControl.uplugin" 127
"../../../Engine/Plugins/Experimental/ModularGameplay/ModularGameplay.uplugin" 128
"../../../Engine/Plugins/Experimental/NNERuntimeORTCpu/NNERuntimeORTCpu.uplugin" 129
"../../../Engine/Plugins/Experimental/PanoramicCapture/PanoramicCapture.uplugin" 130
"../../../Engine/Plugins/Experimental/PixelStreamingPlayer/PixelStreamingPlayer.uplugin" 131
"../../../Engine/Plugins/Experimental/PluginAudit/PluginAudit.uplugin" 132
"../../../Engine/Plugins/Experimental/PluginTemplateTool/PluginTemplateTool.uplugin" 133
"../../../Engine/Plugins/Experimental/PlanarCutPlugin/PlanarCut.uplugin" 134
"../../../Engine/Plugins/Experimental/NaniteDisplacedMesh/NaniteDisplacedMesh.uplugin" 135
"../../../Engine/Plugins/Experimental/PythonFoundationPackages/PythonFoundationPackages.uplugin" 136
"../../../Engine/Plugins/Experimental/RenderGrid/RenderGrid.uplugin" 137
"../../../Engine/Plugins/Experimental/PythonScriptPlugin/PythonScriptPlugin.uplugin" 138
"../../../Engine/Plugins/Experimental/SampleToolsEditorMode/SampleToolsEditorMode.uplugin" 139
"../../../Engine/Plugins/Experimental/RemoteSession/RemoteSession.uplugin" 140
"../../../Engine/Plugins/Experimental/ScreenReader/ScreenReader.uplugin" 141
"../../../Engine/Plugins/Experimental/ProxyLODPlugin/ProxyLODPlugin.uplugin" 142
"../../../Engine/Plugins/Experimental/RawInput/RawInput.uplugin" 143
"../../../Engine/Plugins/Experimental/ScriptableToolsEditorMode/ScriptableToolsEditorMode.uplugin" 144
"../../../Engine/Plugins/Experimental/QuicMessaging/QuicMessaging.uplugin" 145
"../../../Engine/Plugins/Experimental/ScriptableToolsFramework/ScriptableToolsFramework.uplugin" 146
"../../../Engine/Plugins/Experimental/Shotgrid/Shotgrid.uplugin" 147
"../../../Engine/Plugins/Experimental/SimpleHMD/SimpleHMD.uplugin" 148
"../../../Engine/Plugins/Experimental/SlateScreenReader/SlateScreenReader.uplugin" 149
"../../../Engine/Plugins/Experimental/StaticMeshEditorModeling/StaticMeshEditorModeling.uplugin" 150
"../../../Engine/Plugins/Experimental/PlatformCrypto/PlatformCrypto.uplugin" 151
"../../../Engine/Plugins/Experimental/TetMeshing/TetMeshing.uplugin" 152
"../../../Engine/Plugins/Experimental/Iris/Iris.uplugin" 153
"../../../Engine/Plugins/Experimental/GeometryScripting/GeometryScripting.uplugin" 154
"../../../Engine/Plugins/Experimental/Text3D/Text3D.uplugin" 155
"../../../Engine/Plugins/Experimental/TextureMediaPlayer/TextureMediaPlayer.uplugin" 156
"../../../Engine/Plugins/Experimental/TypedElementsDataStorage/TypedElementsDataStorage.uplugin" 157
"../../../Engine/Plugins/Experimental/UserToolBoxCore/UserToolBoxCore.uplugin" 158
"../../../Engine/Plugins/Experimental/UIFramework/UIFramework.uplugin" 159
"../../../Engine/Plugins/Experimental/StructUtils/StructUtils.uplugin" 160
"../../../Engine/Plugins/FastBuildController/FastBuildController.uplugin" 161
"../../../Engine/Plugins/Experimental/VirtualCamera/VirtualCamera.uplugin" 162
"../../../Engine/Plugins/Experimental/VirtualHeightfieldMesh/VirtualHeightfieldMesh.uplugin" 163
"../../../Engine/Plugins/Experimental/VirtualScouting/VirtualScouting.uplugin" 164
"../../../Engine/Plugins/Bridge/Bridge.uplugin" 165
"../../../Engine/Plugins/Experimental/UserToolBoxBasicCommand/UserToolBoxBasicCommand.uplugin" 166
"../../../Engine/Plugins/Experimental/VirtualProductionUtilities/VirtualProductionUtilities.uplugin" 167
"../../../Engine/Plugins/Experimental/Water/Water.uplugin" 168
"../../../Engine/Plugins/Experimental/WaterExtras/WaterExtras.uplugin" 169
"../../../Engine/Plugins/Experimental/WaveFunctionCollapse/WaveFunctionCollapse.uplugin" 170
"../../../Engine/Plugins/Experimental/WebSocketNetworking/WebSocketNetworking.uplugin" 171
"../../../Engine/Plugins/Experimental/WidgetEditorToolPalette/WidgetEditorToolPalette.uplugin" 172
"../../../Engine/Plugins/Experimental/ToolPresets/ToolPresets.uplugin" 173
"../../../Engine/Plugins/Experimental/XRCreativeFramework/XRCreativeFramework.uplugin" 174
"../../../Engine/Plugins/Runtime/ActorLayerUtilities/ActorLayerUtilities.uplugin" 175
"../../../Engine/Plugins/Runtime/AnimationBudgetAllocator/AnimationBudgetAllocator.uplugin" 176
"../../../Engine/Plugins/Runtime/AndroidPermission/AndroidPermission.uplugin" 177
"../../../Engine/Plugins/Runtime/AndroidDeviceProfileSelector/AndroidDeviceProfileSelector.uplugin" 178
"../../../Engine/Plugins/Experimental/VirtualCameraCore/VirtualCameraCore.uplugin" 179
"../../../Engine/Plugins/Experimental/TextToSpeech/TextToSpeech.uplugin" 180
"../../../Engine/Plugins/Runtime/AppleImageUtils/AppleImageUtils.uplugin" 181
"../../../Engine/Plugins/Runtime/AndroidFileServer/AndroidFileServer.uplugin" 182
"../../../Engine/Plugins/Runtime/AppleMoviePlayer/AppleMoviePlayer.uplugin" 183
"../../../Engine/Plugins/Runtime/ApexDestruction/ApexDestruction.uplugin" 184
"../../../Engine/Plugins/Runtime/ArchVisCharacter/ArchVisCharacter.uplugin" 185
"../../../Engine/Plugins/Runtime/AudioCapture/AudioCapture.uplugin" 186
"../../../Engine/Plugins/Runtime/AudioModulation/AudioModulation.uplugin" 187
"../../../Engine/Plugins/Runtime/AudioMotorSim/AudioMotorSim.uplugin" 188
"../../../Engine/Plugins/Runtime/AudioSynesthesia/AudioSynesthesia.uplugin" 189
"../../../Engine/Plugins/Runtime/AssetTags/AssetTags.uplugin" 190
"../../../Engine/Plugins/Runtime/ChunkDownloader/ChunkDownloader.uplugin" 191
"../../../Engine/Plugins/Runtime/CommonUI/CommonUI.uplugin" 192
"../../../Engine/Plugins/Runtime/CustomMeshComponent/CustomMeshComponent.uplugin" 193
"../../../Engine/Plugins/Runtime/ExampleDeviceProfileSelector/ExampleDeviceProfileSelector.uplugin" 194
"../../../Engine/Plugins/Runtime/Firebase/Firebase.uplugin" 195
"../../../Engine/Plugins/Runtime/DataRegistry/DataRegistry.uplugin" 196
"../../../Engine/Plugins/Experimental/Volumetrics/Volumetrics.uplugin" 197
"../../../Engine/Plugins/Experimental/PluginReferenceViewer/PluginReferenceViewer.uplugin" 198
"../../../Engine/Plugins/Runtime/ComputeFramework/ComputeFramework.uplugin" 199
"../../../Engine/Plugins/TraceUtilities/TraceUtilities.uplugin" 200
"../../../Engine/Plugins/Runtime/GameplayStateTree/GameplayStateTree.uplugin" 201
"../../../Engine/Plugins/Runtime/GameplayBehaviorSmartObjects/GameplayBehaviorSmartObjects.uplugin" 202
"../../../Engine/Plugins/Runtime/GameplayAbilities/GameplayAbilities.uplugin" 203
"../../../Engine/Plugins/Runtime/GoogleCloudMessaging/GoogleCloudMessaging.uplugin" 204
"../../../Engine/Plugins/Runtime/HairStrands/HairStrands.uplugin" 205
"../../../Engine/Plugins/Animation/LiveLinkCurveDebugUI/LiveLinkCurveDebugUI.uplugin" 206
"../../../Engine/Plugins/Runtime/AndroidBackgroundService/AndroidBackgroundService.uplugin" 207
"../../../Engine/Plugins/Runtime/HPMotionController/HPMotionController.uplugin" 208
"../../../Engine/Plugins/Runtime/IOSDeviceProfileSelector/IOSDeviceProfileSelector.uplugin" 209
"../../../Engine/Plugins/Runtime/GameplayInteractions/GameplayInteractions.uplugin" 210
"../../../Engine/Plugins/Runtime/IOSReplayKit/IOSReplayKit.uplugin" 211
"../../../Engine/Plugins/Runtime/LevelStreamingPersistence/LevelStreamingPersistence.uplugin" 212
"../../../Engine/Plugins/Runtime/LinuxDeviceProfileSelector/LinuxDeviceProfileSelector.uplugin" 213
"../../../Engine/Plugins/Runtime/MassGameplay/MassGameplay.uplugin" 214
"../../../Engine/Plugins/Runtime/LocationServicesBPLibrary/LocationServicesBPLibrary.uplugin" 215
"../../../Engine/Plugins/Runtime/MicrosoftSpatialAudio/MicroSoftSpatialSound.uplugin" 216
"../../../Engine/Plugins/Runtime/LocationServicesAndroidImpl/LocationServicesAndroidImpl.uplugin" 217
"../../../Engine/Plugins/Runtime/MassEntity/MassEntity.uplugin" 218
"../../../Engine/Plugins/Runtime/MIDIDevice/MIDIDevice.uplugin" 219
"../../../Engine/Plugins/Runtime/AndroidMoviePlayer/AndroidMoviePlayer.uplugin" 220
"../../../Engine/Plugins/Runtime/MixedRealityCaptureFramework/MixedRealityCaptureFramework.uplugin" 221
"../../../Engine/Plugins/Runtime/LiveLinkOvernDisplay/LiveLinkOverNDisplay.uplugin" 222
"../../../Engine/Plugins/Runtime/HTTPChunkInstaller/HTTPChunkInstaller.uplugin" 223
"../../../Engine/Plugins/Runtime/MobileFSR/MobileFSR.uplugin" 224
"../../../Engine/Plugins/Runtime/MobilePatchingUtils/MobilePatchingUtils.uplugin" 225
"../../../Engine/Plugins/Runtime/ModelViewViewModel/ModelViewViewModel.uplugin" 226
"../../../Engine/Plugins/Runtime/LocationServicesIOSImpl/LocationServicesIOSImpl.uplugin" 227
"../../../Engine/Plugins/Runtime/MeshModelingToolset/MeshModelingToolset.uplugin" 228
"../../../Engine/Plugins/Runtime/AudioWidgets/AudioWidgets.uplugin" 229
"../../../Engine/Plugins/Experimental/SkeletalReduction/SkeletalReduction.uplugin" 230
"../../../Engine/Plugins/Runtime/NavCorridor/NavCorridor.uplugin" 231
"../../../Engine/Plugins/Runtime/nDisplayModularFeatures/nDisplayModularFeatures.uplugin" 232
"../../../Engine/Plugins/Runtime/NetworkPrediction/NetworkPrediction.uplugin" 233
"../../../Engine/Plugins/Runtime/NetworkPredictionInsights/NetworkPredictionInsights.uplugin" 234
"../../../Engine/Plugins/Runtime/nDisplay/nDisplay.uplugin" 235
"../../../Engine/Plugins/Runtime/OpenXRHandTracking/OpenXRHandTracking.uplugin" 236
"../../../Engine/Plugins/Runtime/OpenXR/OpenXR.uplugin" 237
"../../../Engine/Plugins/Runtime/OpenXRMsftHandInteraction/OpenXRMsftHandInteraction.uplugin" 238
"../../../Engine/Plugins/Runtime/OpenXRViveTracker/OpenXRViveTracker.uplugin" 239
"../../../Engine/Plugins/Runtime/MsQuic/MsQuic.uplugin" 240
"../../../Engine/Plugins/Runtime/GeometryCache/GeometryCache.uplugin" 241
"../../../Engine/Plugins/Runtime/OptionalMobileFeaturesBPLibrary/OptionalMobileFeaturesBPLibrary.uplugin" 242
"../../../Engine/Plugins/Runtime/ProceduralMeshComponent/ProceduralMeshComponent.uplugin" 243
"../../../Engine/Plugins/Runtime/PreLoadScreenMoviePlayer/PreLoadScreenMoviePlayer.uplugin" 244
"../../../Engine/Plugins/Runtime/ReplicationGraph/ReplicationGraph.uplugin" 245
"../../../Engine/Plugins/Runtime/InputDebugging/InputDebugging.uplugin" 246
"../../../Engine/Plugins/Experimental/ImpostorBaker/ImpostorBaker.uplugin" 247
"../../../Engine/Plugins/Runtime/GooglePAD/GooglePAD.uplugin" 248
"../../../Engine/Plugins/Runtime/PropertyAccess/PropertyAccessEditor.uplugin" 249
"../../../Engine/Plugins/Runtime/GeometryProcessing/GeometryProcessing.uplugin" 250
"../../../Engine/Plugins/Runtime/ReplicationSystemTestPlugin/ReplicationSystemTestPlugin.uplugin" 251
"../../../Engine/Plugins/ScriptPlugin/ScriptPlugin.uplugin" 252
"../../../Engine/Plugins/Runtime/OpenCV/OpenCV.uplugin" 253
"../../../Engine/Plugins/Runtime/OpenXREyeTracker/OpenXREyeTracker.uplugin" 254
"../../../Engine/Plugins/Runtime/RigVM/RigVM.uplugin" 255
"../../../Engine/Plugins/Runtime/ResonanceAudio/ResonanceAudio.uplugin" 256
"../../../Engine/Plugins/Runtime/GeoReferencing/GeoReferencing.uplugin" 257
"../../../Engine/Plugins/Runtime/SoundCueTemplates/SoundCueTemplates.uplugin" 258
"../../../Engine/Plugins/Runtime/SoundMod/SoundMod.uplugin" 259
"../../../Engine/Plugins/Runtime/OSC/OSC.uplugin" 260
"../../../Engine/Plugins/Runtime/SoundFields/SoundFields.uplugin" 261
"../../../Engine/Plugins/Runtime/HDRIBackdrop/HDRIBackdrop.uplugin" 262
"../../../Engine/Plugins/Runtime/Spatialization/Spatialization.uplugin" 263
"../../../Engine/Plugins/Runtime/SoundUtilities/SoundUtilities.uplugin" 264
"../../../Engine/Plugins/Runtime/Synthesis/Synthesis.uplugin" 265
"../../../Engine/Plugins/Runtime/RenderTrace/RenderTrace.uplugin" 266
"../../../Engine/Plugins/Runtime/WaveTable/WaveTable.uplugin" 267
"../../../Engine/Plugins/Runtime/CableComponent/CableComponent.uplugin" 268
"../../../Engine/Plugins/Runtime/WarpUtils/WarpUtils.uplugin" 269
"../../../Engine/Plugins/Runtime/SunPosition/SunPosition.uplugin" 270
"../../../Engine/Plugins/Runtime/WebBrowserNativeProxy/WebBrowserNativeProxy.uplugin" 271
"../../../Engine/Plugins/Runtime/OSCModulationMixing/OSCModulationMixing.uplugin" 272
"../../../Engine/Plugins/Runtime/WebBrowserWidget/WebBrowserWidget.uplugin" 273
"../../../Engine/Plugins/Runtime/WebMMoviePlayer/WebMMoviePlayer.uplugin" 274
"../../../Engine/Plugins/Runtime/WindowsDeviceProfileSelector/WindowsDeviceProfileSelector.uplugin" 275
"../../../Engine/Plugins/Runtime/WorldConditions/WorldConditions.uplugin" 276
"../../../Engine/Plugins/Runtime/XRBase/XRBase.uplugin" 277
"../../../Engine/Plugins/Runtime/ZoneGraph/ZoneGraph.uplugin" 278
"../../../Engine/Plugins/Runtime/ZoneGraphAnnotations/ZoneGraphAnnotations.uplugin" 279
"../../../Engine/Plugins/Compression/OodleNetwork/OodleNetwork.uplugin" 280
"../../../Engine/Plugins/Portal/LauncherChunkInstaller/LauncherChunkInstaller.uplugin" 281
"../../../Engine/Plugins/NetcodeUnitTest/NetcodeUnitTest/NetcodeUnitTest.uplugin" 282
"../../../Engine/Plugins/Runtime/WindowsMoviePlayer/WindowsMoviePlayer.uplugin" 283
"../../../Engine/Plugins/Compositing/LensDistortion/LensDistortion.uplugin" 284
"../../../Engine/Plugins/Compositing/OpenCVLensDistortion/OpenCVLensDistortion.uplugin" 285
"../../../Engine/Plugins/Runtime/SignificanceManager/SignificanceManager.uplugin" 286
"../../../Engine/Plugins/Developer/AnimationSharing/AnimationSharing.uplugin" 287
"../../../Engine/Plugins/Developer/BlankPlugin/BlankPlugin.uplugin" 288
"../../../Engine/Plugins/Developer/CodeLiteSourceCodeAccess/CodeLiteSourceCodeAccess.uplugin" 289
"../../../Engine/Plugins/Compositing/Composure/Composure.uplugin" 290
"../../../Engine/Plugins/Developer/KDevelopSourceCodeAccess/KDevelopSourceCodeAccess.uplugin" 291
"../../../Engine/Plugins/Runtime/SmartObjects/SmartObjects.uplugin" 292
"../../../Engine/Plugins/Developer/NullSourceCodeAccess/NullSourceCodeAccess.uplugin" 293
"../../../Engine/Plugins/Developer/GitSourceControl/GitSourceControl.uplugin" 294
"../../../Engine/Plugins/Compositing/OpenColorIO/OpenColorIO.uplugin" 295
"../../../Engine/Plugins/Developer/OneSkyLocalizationService/OneSkyLocalizationService.uplugin" 296
"../../../Engine/Plugins/Developer/PerforceSourceControl/PerforceSourceControl.uplugin" 297
"../../../Engine/Plugins/Developer/PixWinPlugin/PixWinPlugin.uplugin" 298
"../../../Engine/Plugins/Developer/N10XSourceCodeAccess/N10XSourceCodeAccess.uplugin" 299
"../../../Engine/Plugins/Developer/PlasticSourceControl/PlasticSourceControl.uplugin" 300
"../../../Engine/Plugins/Developer/PluginUtils/PluginUtils.uplugin" 301
"../../../Engine/Plugins/Developer/RenderDocPlugin/RenderDocPlugin.uplugin" 302
"../../../Engine/Plugins/Developer/DumpGPUServices/DumpGPUServices.uplugin" 303
"../../../Engine/Plugins/Developer/RiderSourceCodeAccess/RiderSourceCodeAccess.uplugin" 304
"../../../Engine/Plugins/Developer/TextureFormatOodle/TextureFormatOodle.uplugin" 305
"../../../Engine/Plugins/Web/HttpBlueprint/HttpBlueprint.uplugin" 306
"../../../Engine/Plugins/Developer/PropertyAccessNode/PropertyAccessNode.uplugin" 307
"../../../Engine/Plugins/Developer/TraceDataFiltering/TraceDataFilters.uplugin" 308
"../../../Engine/Plugins/Developer/CLionSourceCodeAccess/CLionSourceCodeAccess.uplugin" 309
"../../../Engine/Plugins/Developer/UObjectPlugin/UObjectPlugin.uplugin" 310
"../../../Engine/Plugins/Developer/XcodeGPUDebuggerPlugin/XcodeGPUDebuggerPlugin.uplugin" 311
"../../../Engine/Plugins/Developer/VisualStudioSourceCodeAccess/VisualStudioSourceCodeAccess.uplugin" 312
"../../../Engine/Plugins/Editor/AssetManagerEditor/AssetManagerEditor.uplugin" 313
"../../../Engine/Plugins/Runtime/StateTree/StateTree.uplugin" 314
"../../../Engine/Plugins/Developer/XCodeSourceCodeAccess/XCodeSourceCodeAccess.uplugin" 315
"../../../Engine/Plugins/Editor/BlueprintMaterialTextureNodes/BlueprintMaterialTextureNodes.uplugin" 316
"../../../Engine/Plugins/Editor/BlueprintHeaderView/BlueprintHeaderView.uplugin" 317
"../../../Engine/Plugins/Developer/VisualStudioCodeSourceCodeAccess/VisualStudioCodeSourceCodeAccess.uplugin" 318
"../../../Engine/Plugins/Editor/AssetRegistryExport/AssetRegistryExport.uplugin" 319
"../../../Engine/Plugins/Editor/CryptoKeys/CryptoKeys.uplugin" 320
"../../../Engine/Plugins/Runtime/Metasound/Metasound.uplugin" 321
"../../../Engine/Plugins/Editor/DataValidation/DataValidation.uplugin" 322
"../../../Engine/Plugins/Editor/CurveEditorTools/CurveEditorTools.uplugin" 323
"../../../Engine/Plugins/Editor/AssetReferenceRestrictions/AssetReferenceRestrictions.uplugin" 324
"../../../Engine/Plugins/Editor/DisplayClusterLaunch/DisplayClusterLaunch.uplugin" 325
"../../../Engine/Plugins/Editor/AssetSearch/AssetSearch.uplugin" 326
"../../../Engine/Plugins/Editor/EditorDebugTools/EditorDebugTools.uplugin" 327
"../../../Engine/Plugins/Editor/EditorScriptingUtilities/EditorScriptingUtilities.uplugin" 328
"../../../Engine/Plugins/Editor/EngineAssetDefinitions/EngineAssetDefinitions.uplugin" 329
"../../../Engine/Plugins/Editor/FacialAnimation/FacialAnimation.uplugin" 330
"../../../Engine/Plugins/Editor/GameplayTagsEditor/GameplayTagsEditor.uplugin" 331
"../../../Engine/Plugins/Editor/EditorPerformanceModule/EditorPerformanceModule.uplugin" 332
"../../../Engine/Plugins/Runtime/NetworkPredictionExtras/NetworkPredictionExtras.uplugin" 333
"../../../Engine/Plugins/Editor/MakeCookedEditorAsDLC/MakeCookedEditorAsDLC.uplugin" 334
"../../../Engine/Plugins/Editor/LiveUpdateForSlate/LiveUpdateForSlate.uplugin" 335
"../../../Engine/Plugins/Editor/MaterialAnalyzer/MaterialAnalyzer.uplugin" 336
"../../../Engine/Plugins/Editor/MobileLauncherProfileWizard/MobileLauncherProfileWizard.uplugin" 337
"../../../Engine/Plugins/Editor/GeometryMode/GeometryMode.uplugin" 338
"../../../Engine/Plugins/Editor/ModelingToolsEditorMode/ModelingToolsEditorMode.uplugin" 339
"../../../Engine/Plugins/Editor/PluginBrowser/PluginBrowser.uplugin" 340
"../../../Engine/Plugins/Editor/MacGraphicsSwitching/MacGraphicsSwitching.uplugin" 341
"../../../Engine/Plugins/Editor/SpeedTreeImporter/SpeedTreeImporter.uplugin" 342
"../../../Engine/Plugins/Editor/StylusInput/StylusInput.uplugin" 343
"../../../Engine/Plugins/Editor/WorldPartitionHLODUtilities/WorldPartitionHLODUtilities.uplugin" 344
"../../../Engine/Plugins/Editor/UVEditor/UVEditor.uplugin" 345
"../../../Engine/Plugins/Messaging/MessagingDebugger/MessagingDebugger.uplugin" 346
"../../../Engine/Plugins/Editor/WaveformEditor/WaveformEditor.uplugin" 347
"../../../Engine/Plugins/Messaging/TcpMessaging/TcpMessaging.uplugin" 348
"../../../Engine/Plugins/Runtime/Soundscape/Soundscape.uplugin" 349
"../../../Engine/Plugins/Tests/RHITests/RHITests.uplugin" 350
"../../../Engine/Plugins/Tests/EditorTests/EditorTests.uplugin" 351
"../../../Engine/Plugins/Tests/RuntimeTests/RuntimeTests.uplugin" 352
"../../../Engine/Plugins/Tests/FunctionalTestingEditor/FunctionalTestingEditor.uplugin" 353
"../../../Engine/Plugins/Messaging/UdpMessaging/UdpMessaging.uplugin" 354
"../../../Engine/Plugins/Editor/ChangelistReview/ChangelistReview.uplugin" 355
"../../../Engine/Plugins/Tests/TestFramework/TestFramework.uplugin" 356
"../../../Engine/Plugins/Tests/TestSamples/TestSamples.uplugin" 357
"../../../Engine/Plugins/Tests/PythonAutomationTest/PythonAutomationTest.uplugin" 358
"../../../Engine/Plugins/Tests/WidgetAutomationTests/WidgetAutomationTests.uplugin" 359
"../../../Engine/Plugins/Tests/FbxAutomationTestBuilder/FbxAutomationTestBuilder.uplugin" 360
"../../../Engine/Plugins/Online/EOSShared/EOSShared.uplugin" 361
"../../../Engine/Plugins/Tests/CQTest/CQTest.uplugin" 362
"../../../Engine/Plugins/Online/OnlineBase/OnlineBase.uplugin" 363
"../../../Engine/Plugins/Online/OnlineFramework/OnlineFramework.uplugin" 364
"../../../Engine/Plugins/Online/OnlineServices/OnlineServices.uplugin" 365
"../../../Engine/Plugins/Online/OnlineServicesEOS/OnlineServicesEOS.uplugin" 366
"../../../Engine/Plugins/Online/OnlineServicesNull/OnlineServicesNull.uplugin" 367
"../../../Engine/Plugins/Online/OnlineServicesEOSGS/OnlineServicesEOSGS.uplugin" 368
"../../../Engine/Plugins/Online/OnlineServicesOSSAdapter/OnlineServicesOSSAdapter.uplugin" 369
"../../../Engine/Plugins/Online/OnlineSubsystemAmazon/OnlineSubsystemAmazon.uplugin" 370
"../../../Engine/Plugins/Online/OnlineSubsystem/OnlineSubsystem.uplugin" 371
"../../../Engine/Plugins/Online/OnlineSubsystemEOS/OnlineSubsystemEOS.uplugin" 372
"../../../Engine/Plugins/Online/OnlineSubsystemApple/OnlineSubsystemApple.uplugin" 373
"../../../Engine/Plugins/NetcodeUnitTest/NUTUnrealEngine/NUTUnrealEngine.uplugin" 374
"../../../Engine/Plugins/Online/OnlineSubsystemNull/OnlineSubsystemNull.uplugin" 375
"../../../Engine/Plugins/Online/OnlineSubsystemOculus/OnlineSubsystemOculus.uplugin" 376
"../../../Engine/Plugins/Online/OnlineSubsystemGoogle/OnlineSubsystemGoogle.uplugin" 377
"../../../Engine/Plugins/Tests/AutomationDriverTests/AutomationDriverTests.uplugin" 378
"../../../Engine/Plugins/Online/OnlineSubsystemSteam/OnlineSubsystemSteam.uplugin" 379
"../../../Engine/Plugins/Editor/ConsoleVariablesEditor/ConsoleVariables.uplugin" 380
"../../../Engine/Plugins/Online/SocketSubsystemEOS/SocketSubsystemEOS.uplugin" 381
"../../../Engine/Plugins/VirtualProduction/CameraCalibration/CameraCalibration.uplugin" 382
"../../../Engine/Plugins/VirtualProduction/CameraCalibrationCore/CameraCalibrationCore.uplugin" 383
"../../../Engine/Plugins/Online/WebAuth/WebAuth.uplugin" 384
"../../../Engine/Plugins/VirtualProduction/CompositePlane/CompositePlane.uplugin" 385
"../../../Engine/Plugins/Editor/GuidedTutorials/GuidedTutorials.uplugin" 386
"../../../Engine/Plugins/VirtualProduction/DataCharts/DataCharts.uplugin" 387
"../../../Engine/Plugins/Tests/InterchangeTests/InterchangeTests.uplugin" 388
"../../../Engine/Plugins/VirtualProduction/ICVFX/ICVFX.uplugin" 389
"../../../Engine/Plugins/VirtualProduction/ICVFXTesting/ICVFXTesting.uplugin" 390
"../../../Engine/Plugins/VirtualProduction/EpicStageApp/EpicStageApp.uplugin" 391
"../../../Engine/Plugins/VirtualProduction/LevelSnapshots/LevelSnapshots.uplugin" 392
"../../../Engine/Plugins/Developer/TraceSourceFiltering/TraceSourceFilters.uplugin" 393
"../../../Engine/Plugins/VirtualProduction/LiveLinkFreeD/LiveLinkFreeD.uplugin" 394
"../../../Engine/Plugins/VirtualProduction/LiveLinkCamera/LiveLinkCamera.uplugin" 395
"../../../Engine/Plugins/VirtualProduction/LiveLinkPrestonMDR/LiveLinkPrestonMDR.uplugin" 396
"../../../Engine/Plugins/Runtime/SkeletalMerging/SkeletalMerging.uplugin" 397
"../../../Engine/Plugins/VirtualProduction/LiveLinkXR/LiveLinkXR.uplugin" 398
"../../../Engine/Plugins/VirtualProduction/LiveLinkMasterLockit/LiveLinkMasterLockit.uplugin" 399
"../../../Engine/Plugins/VirtualProduction/LiveLinkLens/LiveLinkLens.uplugin" 400
"../../../Engine/Plugins/Online/OnlineSubsystemUtils/OnlineSubsystemUtils.uplugin" 401
"../../../Engine/Plugins/VirtualProduction/RemoteControlProtocolOSC/RemoteControlProtocolOSC.uplugin" 402
"../../../Engine/Plugins/VirtualProduction/RemoteControlWebInterface/RemoteControlWebInterface.uplugin" 403
"../../../Engine/Plugins/VirtualProduction/RemoteControlProtocolDMX/RemoteControlProtocolDMX.uplugin" 404
"../../../Engine/Plugins/VirtualProduction/RemoteControlProtocolMIDI/RemoteControlProtocolMIDI.uplugin" 405
"../../../Engine/Plugins/VirtualProduction/MultiUserTakes/MultiUserTakes.uplugin" 406
"../../../Engine/Plugins/VirtualProduction/RemoteControlInterception/RemoteControlInterception.uplugin" 407
"../../../Engine/Plugins/VirtualProduction/StageMonitoring/StageMonitoring.uplugin" 408
"../../../Engine/Plugins/Online/OnlineSubsystemTencent/OnlineSubsystemTencent.uplugin" 409
"../../../Engine/Plugins/VirtualProduction/Switchboard/Switchboard.uplugin" 410
"../../../Engine/Plugins/VirtualProduction/Takes/Takes.uplugin" 411
"../../../Engine/Plugins/VirtualProduction/LiveLinkVRPN/LiveLinkVRPN.uplugin" 412
"../../../Engine/Plugins/VirtualProduction/TimedDataMonitor/TimedDataMonitor.uplugin" 413
"../../../Engine/Plugins/Importers/AlembicHairImporter/AlembicHairImporter.uplugin" 414
"../../../Engine/Plugins/Importers/USDImporter/USDImporter.uplugin" 415
"../../../Engine/Plugins/Importers/USDMultiUser/USDMultiUser.uplugin" 416
"../../../Engine/Plugins/Media/AndroidCamera/AndroidCamera.uplugin" 417
"../../../Engine/Plugins/Media/AndroidMedia/AndroidMedia.uplugin" 418
"../../../Engine/Plugins/Media/AvfMedia/AvfMedia.uplugin" 419
"../../../Engine/Plugins/Media/AjaMedia/AjaMedia.uplugin" 420
"../../../Engine/Plugins/Media/AppleProResDecoderElectra/AppleProResDecoderElectra.uplugin" 421
"../../../Engine/Plugins/VirtualProduction/TextureShare/TextureShare.uplugin" 422
"../../../Engine/Plugins/Media/AppleProResMedia/AppleProResMedia.uplugin" 423
"../../../Engine/Plugins/Media/AvidDNxHDDecoderElectra/AvidDNxHDDecoderElectra.uplugin" 424
"../../../Engine/Plugins/Media/AvidDNxMedia/AvidDNxMedia.uplugin" 425
"../../../Engine/Plugins/Media/BlackmagicMedia/BlackmagicMedia.uplugin" 426
"../../../Engine/Plugins/Media/ElectraCDM/ElectraCDM.uplugin" 427
"../../../Engine/Plugins/Media/ElectraCodecs/ElectraCodecs.uplugin" 428
"../../../Engine/Plugins/Media/ElectraPlayer/ElectraPlayer.uplugin" 429
"../../../Engine/Plugins/Importers/AlembicImporter/AlembicImporter.uplugin" 430
"../../../Engine/Plugins/Media/ElectraUtil/ElectraUtil.uplugin" 431
"../../../Engine/Plugins/Media/HAPDecoderElectra/HAPDecoderElectra.uplugin" 432
"../../../Engine/Plugins/Media/HardwareEncoders/HardwareEncoders.uplugin" 433
"../../../Engine/Plugins/Media/HAPMedia/HAPMedia.uplugin" 434
"../../../Engine/Plugins/Media/ImgMedia/ImgMedia.uplugin" 435
"../../../Engine/Plugins/Media/MediaFrameworkUtilities/MediaFrameworkUtilities.uplugin" 436
"../../../Engine/Plugins/Media/MediaCompositing/MediaCompositing.uplugin" 437
"../../../Engine/Plugins/Media/MediaPlate/MediaPlate.uplugin" 438
"../../../Engine/Plugins/Media/MediaPlayerEditor/MediaPlayerEditor.uplugin" 439
"../../../Engine/Plugins/Media/MfMedia/MfMedia.uplugin" 440
"../../../Engine/Plugins/Media/OpusDecoderElectra/OpusDecoderElectra.uplugin" 441
"../../../Engine/Plugins/Developer/SubversionSourceControl/SubversionSourceControl.uplugin" 442
"../../../Engine/Plugins/Media/MediaIOFramework/MediaIOFramework.uplugin" 443
"../../../Engine/Plugins/Media/LinearTimecode/LinearTimecode.uplugin" 444
"../../../Engine/Plugins/Media/PixelStreaming/PixelStreaming.uplugin" 445
"../../../Engine/Plugins/Media/PixelCapture/PixelCapture.uplugin" 446
"../../../Engine/Plugins/Media/TimecodeSynchronizer/TimecodeSynchronizer.uplugin" 447
"../../../Engine/Plugins/Media/WebMMedia/WebMMedia.uplugin" 448
"../../../Engine/Plugins/AI/AISupport/AISupport.uplugin" 449
"../../../Engine/Plugins/Protocols/MQTT/MQTT.uplugin" 450
"../../../Engine/Plugins/Media/WmfMedia/WmfMedia.uplugin" 451
"../../../Engine/Plugins/AI/HTNPlanner/HTNPlanner.uplugin" 452
"../../../Engine/Plugins/Media/VPxDecoderElectra/VPxDecoderElectra.uplugin" 453
"../../../Engine/Plugins/AI/MassAI/MassAI.uplugin" 454
"../../../Engine/Plugins/AI/MLAdapter/MLAdapter.uplugin" 455
"../../../Engine/Plugins/FX/CascadeToNiagaraConverter/CascadeToNiagaraConverter.uplugin" 456
"../../../Engine/Plugins/AI/EnvironmentQueryEditor/EnvironmentQueryEditor.uplugin" 457
"../../../Engine/Plugins/FX/ExampleCustomDataInterface/ExampleCustomDataInterface.uplugin" 458
"../../../Engine/Plugins/FX/Niagara/Niagara.uplugin" 459
"../../../Engine/Plugins/FX/NiagaraSimCaching/NiagaraSimCaching.uplugin" 460
"../../../Engine/Plugins/Editor/SequencerAnimTools/SequencerAnimTools.uplugin" 461
"../../../Engine/Plugins/AI/MassCrowd/MassCrowd.uplugin" 462
"../../../Engine/Plugins/Media/AudioCaptureTimecodeProvider/AudioCaptureTimecodeProvider.uplugin" 463
"../../../Engine/Plugins/Media/MediaMovieStreamer/MediaMovieStreamer.uplugin" 464
"../../../Engine/Plugins/FX/NiagaraFluids/NiagaraFluids.uplugin" 465
"../../../Engine/Plugins/Experimental/Animation/ContextualAnimation/ContextualAnimation.uplugin" 466
"../../../Engine/Plugins/Experimental/Animation/CurveExpression/CurveExpression.uplugin" 467
"../../../Engine/Plugins/Experimental/Animation/MotionTrajectory/MotionTrajectory.uplugin" 468
"../../../Engine/Plugins/Online/OnlineSubsystemFacebook/OnlineSubsystemFacebook.uplugin" 469
"../../../Engine/Plugins/VirtualProduction/Rivermax/RivermaxCore/RivermaxCore.uplugin" 470
"../../../Engine/Plugins/VirtualProduction/RemoteControl/RemoteControl.uplugin" 471
"../../../Engine/Plugins/Experimental/Animation/PoseSearch/PoseSearch.uplugin" 472
"../../../Engine/Plugins/Experimental/Animation/SkeletalMeshModelingTools/SkeletalMeshModelingTools.uplugin" 473
"../../../Engine/Plugins/VirtualProduction/Rivermax/RivermaxMedia/RivermaxMedia.uplugin" 474
"../../../Engine/Plugins/Runtime/Windows/WinDualShock/WinDualShock.uplugin" 475
"../../../Engine/Plugins/Online/VoiceChat/VoiceChat/VoiceChat.uplugin" 476
"../../../Engine/Plugins/Animation/MLDeformer/MLDeformerFramework/MLDeformerFramework.uplugin" 477
"../../../Engine/Plugins/Animation/MLDeformer/ChaosClothGenerator/ChaosClothGenerator.uplugin" 478
"../../../Engine/Plugins/Animation/MLDeformer/VertexDeltaModel/VertexDeltaModel.uplugin" 479
"../../../Engine/Plugins/Online/VoiceChat/EOSVoiceChat/EOSVoiceChat.uplugin" 480
"../../../Engine/Plugins/Animation/MLDeformer/NearestNeighborModel/NearestNeighborModel.uplugin" 481
"../../../Engine/Plugins/Online/IOS/OnlineSubsystemIOS/OnlineSubsystemIOS.uplugin" 482
"../../../Engine/Plugins/Animation/MLDeformer/NeuralMorphModel/NeuralMorphModel.uplugin" 483
"../../../Engine/Plugins/Media/ElectraSubtitles/ElectraSubtitles.uplugin" 484
"../../../Engine/Plugins/Runtime/Analytics/Adjust/Adjust.uplugin" 485
"../../../Engine/Plugins/Runtime/Analytics/AnalyticsMulticast/AnalyticsMulticast.uplugin" 486
"../../../Engine/Plugins/Runtime/Analytics/Flurry/Flurry.uplugin" 487
"../../../Engine/Plugins/Runtime/Oculus/OculusAudio/OculusAudio.uplugin" 488
"../../../Engine/Plugins/Runtime/XR/XRScribe/XRScribe.uplugin" 489
"../../../Engine/Plugins/Editor/ContentBrowser/ContentBrowserAliasDataSoure/ContentBrowserAliasDataSource.uplugin" 490
"../../../Engine/Plugins/Runtime/Analytics/FileLogging/FileLogging.uplugin" 491
"../../../Engine/Plugins/Runtime/Analytics/AnalyticsBlueprintLibrary/AnalyticsBlueprintLibrary.uplugin" 492
"../../../Engine/Plugins/Editor/ContentBrowser/ContentBrowserAssetDataSource/ContentBrowserAssetDataSource.uplugin" 493
"../../../Engine/Plugins/Editor/ContentBrowser/ContentBrowserFileDataSource/ContentBrowserFileDataSource.uplugin" 494
"../../../Engine/Plugins/Runtime/Database/SQLiteCore/SQLiteCore.uplugin" 495
"../../../Engine/Plugins/Editor/ContentBrowser/ContentBrowserClassDataSource/ContentBrowserClassDataSource.uplugin" 496
"../../../Engine/Plugins/Runtime/Database/RemoteDatabaseSupport/RemoteDatabaseSupport.uplugin" 497
"../../../Engine/Plugins/Runtime/Advertising/IOSTapJoy/IOSTapJoy.uplugin" 498
"../../../Engine/Plugins/Experimental/AVCodecs/NVCodecs/NVCodecs.uplugin" 499
"../../../Engine/Plugins/Experimental/Animation/Optimus/Optimus.uplugin" 500
"../../../Engine/Plugins/Experimental/VirtualProduction/LedWallCalibration/LedWallCalibration.uplugin" 501
"../../../Engine/Plugins/Experimental/VirtualProduction/VPSettings/VPSettings.uplugin" 502
"../../../Engine/Plugins/VirtualProduction/SequencerPlaylists/SequencerPlaylists.uplugin" 503
"../../../Engine/Plugins/Experimental/CharacterFXEditor/BaseCharacterFXEditor/BaseCharacterFXEditor.uplugin" 504
"../../../Engine/Plugins/Runtime/Database/DatabaseSupport/DatabaseSupport.uplugin" 505
"../../../Engine/Plugins/Experimental/AVCodecs/WMFCodecs/WMFCodecs.uplugin" 506
"../../../Engine/Plugins/Runtime/Database/ADOSupport/ADOSupport.uplugin" 507
"../../../Engine/Plugins/Media/BinkMedia/BinkMedia.uplugin" 508
"../../../Engine/Plugins/Experimental/CharacterFXEditor/ExampleCharacterFXEditor/ExampleCharacterFXEditor.uplugin" 509
"../../../Engine/Plugins/Runtime/PacketHandlers/AESHandlerComponent/AESHandlerComponent.uplugin" 510
"../../../Engine/Plugins/Experimental/AR/PointCloud/PointCloud.uplugin" 511
"../../../Engine/Plugins/Experimental/VirtualProduction/VPRoles/VPRoles.uplugin" 512
"../../../Engine/Plugins/Runtime/PacketHandlers/DTLSHandlerComponent/DTLSHandlerComponent.uplugin" 513
"../../../Engine/Plugins/Runtime/PacketHandlers/AESGCMHandlerComponent/AESGCMHandlerComponent.uplugin" 514
"../../../Engine/Plugins/Experimental/Enterprise/DataprepGeometryOperations/DataprepGeometryOperations.uplugin" 515
"../../../Engine/Plugins/Experimental/Enterprise/DatasmithInterchange/DatasmithInterchange.uplugin" 516
"../../../Engine/Plugins/Experimental/Enterprise/DatasmithRuntime/DatasmithRuntime.uplugin" 517
"../../../Engine/Plugins/Online/Android/OnlineSubsystemGooglePlay/OnlineSubsystemGooglePlay.uplugin" 518
"../../../Engine/Plugins/Runtime/AR/AzureSpatialAnchors/AzureSpatialAnchors.uplugin" 519
"../../../Engine/Plugins/Runtime/AR/AzureSpatialAnchorsForARCore/AzureSpatialAnchorsForARCore.uplugin" 520
"../../../Engine/Plugins/Runtime/AR/ARUtilities/ARUtilities.uplugin" 521
"../../../Engine/Plugins/Runtime/MeshReconstruction/DummyMeshReconstructor/DummyMeshReconstructor.uplugin" 522
"../../../Engine/Plugins/Runtime/Nvidia/GeForceNOWWrapper/GeForceNOWWrapper.uplugin" 523
"../../../Engine/Plugins/Online/Android/AndroidFetchBackgroundDownload/AndroidFetchBackgroundDownload.uplugin" 524
"../../../Engine/Plugins/Runtime/Steam/SteamAudio/SteamAudio.uplugin" 525
"../../../Engine/Plugins/Runtime/Steam/SteamController/SteamController.uplugin" 526
"../../../Engine/Plugins/Developer/Concert/ConcertMain/ConcertMain.uplugin" 527
"../../../Engine/Plugins/Runtime/Steam/SteamSockets/SteamSockets.uplugin" 528
"../../../Engine/Plugins/Runtime/Steam/SteamShared/SteamShared.uplugin" 529
"../../../Engine/Plugins/Runtime/Database/SQLiteSupport/SQLiteSupport.uplugin" 530
"../../../Engine/Plugins/Editor/ObjectMixer/LightMixer/LightMixer.uplugin" 531
"../../../Engine/Plugins/VirtualProduction/DMX/DMXDisplayCluster/DMXDisplayCluster.uplugin" 532
"../../../Engine/Plugins/VirtualProduction/DMX/DMXFixtures/DMXFixtures.uplugin" 533
"../../../Engine/Plugins/VirtualProduction/DMX/DMXEngine/DMXEngine.uplugin" 534
"../../../Engine/Plugins/Editor/ObjectMixer/ObjectMixer/ObjectMixer.uplugin" 535
"../../../Engine/Plugins/Experimental/Web/WebAPI/WebAPI.uplugin" 536
"../../../Engine/Plugins/Runtime/XR/XRVisualization/XRVisualization.uplugin" 537
"../../../Engine/Plugins/VirtualProduction/DMX/DMXModularFeatures/DMXModularFeatures.uplugin" 538
"../../../Engine/Plugins/VirtualProduction/DMX/DMXProtocol/DMXProtocol.uplugin" 539
"../../../Engine/Plugins/VirtualProduction/Rivermax/RivermaxSync/RivermaxSync.uplugin" 540
"../../../Engine/Plugins/VirtualProduction/DMX/DMXControlConsole/DMXControlConsole.uplugin" 541
"../../../Engine/Plugins/VirtualProduction/DMX/DMXPixelMapping/DMXPixelMapping.uplugin" 542
"../../../Engine/Plugins/VirtualProduction/DMX/DatasmithMVR/DatasmithMVR.uplugin" 543
"../../../Engine/Plugins/Runtime/AR/Google/GoogleARCore/GoogleARCore.uplugin" 544
"../../../Engine/Plugins/Runtime/AR/Google/GoogleARCoreServices/GoogleARCoreServices.uplugin" 545
"../../../Engine/Plugins/Developer/Concert/ConcertUI/ConcertClientSharedSlate/ConcertClientSharedSlate.uplugin" 546
"../../../Engine/Plugins/Experimental/AVCodecs/AMFCodecs/AMFCodecs.uplugin" 547
"../../../Engine/Plugins/Developer/Concert/ConcertApp/MultiUserClient/MultiUserClient.uplugin" 548
"../../../Engine/Plugins/Developer/Concert/ConcertApp/MultiUserServer/MultiUserServer.uplugin" 549
"../../../Engine/Plugins/Editor/Localization/PortableObjectFileDataSource/PortableObjectFileDataSource.uplugin" 550
"../../../Engine/Plugins/Runtime/AR/AzureSpatialAnchorsForARKit/AzureSpatialAnchorsForARKit.uplugin" 551
"../../../Engine/Plugins/Developer/Concert/ConcertApp/DisasterRecoveryClient/DisasterRecoveryClient.uplugin" 552
"../../../Engine/Plugins/Runtime/Nvidia/Reflex/Reflex.uplugin" 553
"../../../Engine/Plugins/Developer/Concert/ConcertSync/ConcertSyncTest/ConcertSyncTest.uplugin" 554
"../../../Engine/Plugins/Developer/Concert/ConcertSync/ConcertSyncServer/ConcertSyncServer.uplugin" 555
"../../../Engine/Plugins/Runtime/AR/AppleAR/AppleARKitFaceSupport/AppleARKitFaceSupport.uplugin" 556
"../../../Engine/Plugins/Experimental/AVCodecs/AVCodecsCore/AVCodecsCore.uplugin" 557
"../../../Engine/Plugins/Developer/Concert/ConcertSync/ConcertSyncCore/ConcertSyncCore.uplugin" 558
"../../../Engine/Plugins/Runtime/AR/AppleAR/AppleARKit/AppleARKit.uplugin" 559
"../../../Engine/Plugins/Developer/Concert/ConcertUI/ConcertSharedSlate/ConcertSharedSlate.uplugin" 560
"../../../Engine/Plugins/Developer/Concert/ConcertSync/ConcertSyncClient/ConcertSyncClient.uplugin" 561
"../../../Engine/Content/Internationalization/icudt64l/cnvalias.icu" 562
"../../../Engine/Content/Internationalization/icudt64l/res_index.res" 563
"../../../Engine/Content/Internationalization/icudt64l/plurals.res" 564
"../../../Engine/Content/Internationalization/icudt64l/lang/en_AU.res" 565
"../../../Engine/Content/Internationalization/icudt64l/lang/pool.res" 566
"../../../Engine/Content/Internationalization/icudt64l/lang/en_001.res" 567
"../../../Engine/Content/Internationalization/icudt64l/lang/en.res" 568
"../../../Engine/Content/Internationalization/icudt64l/lang/root.res" 569
"../../../Engine/Content/Internationalization/icudt64l/region/en_AU.res" 570
"../../../Engine/Content/Internationalization/icudt64l/region/pool.res" 571
"../../../Engine/Content/Internationalization/icudt64l/region/en.res" 572
"../../../Engine/Content/Internationalization/icudt64l/region/root.res" 573
"../../../Engine/Content/Internationalization/icudt64l/windowsZones.res" 574
"../../../Engine/Content/Internationalization/icudt64l/zoneinfo64.res" 575
"../../../Engine/Content/Internationalization/icudt64l/keyTypeData.res" 576
"../../../Engine/Content/Internationalization/icudt64l/timezoneTypes.res" 577
"../../../Engine/Content/Internationalization/icudt64l/likelySubtags.res" 578
"../../../Engine/Content/Internationalization/icudt64l/en_US.res" 579
"../../../Engine/Content/Internationalization/icudt64l/pool.res" 580
"../../../Engine/Content/Internationalization/icudt64l/en.res" 581
"../../../Engine/Content/Internationalization/icudt64l/root.res" 582
"../../../Engine/Content/Internationalization/icudt64l/supplementalData.res" 583
"../../../Engine/Config/ConfigRedirects.ini" 584
"C:/Users/nguye/AppData/Local/UnrealEngine/5.3/Saved/Config/WindowsEditor/Manifest.ini" 585
"../../../Engine/Config/Base.ini" 586
"../../../Engine/Config/BaseEngine.ini" 587
"../../../Engine/Config/Windows/BaseWindowsEngine.ini" 588
"../../../../Users/nguye/UnrealProject/DOTD/Config/DefaultEngine.ini" 589
"../../../Engine/Config/Windows/WindowsEngine.ini" 590
"C:/Users/nguye/UnrealProject/DOTD/Saved/Config/WindowsEditor/Engine.ini" 591
"../../../Engine/Config/BaseGame.ini" 592
"../../../../Users/nguye/UnrealProject/DOTD/Config/DefaultGame.ini" 593
"../../../Engine/Config/Windows/WindowsGame.ini" 594
"C:/Users/nguye/UnrealProject/DOTD/Saved/Config/WindowsEditor/Game.ini" 595
"../../../Engine/Config/BaseInput.ini" 596
"../../../../Users/nguye/UnrealProject/DOTD/Config/DefaultInput.ini" 597
"../../../Engine/Config/Windows/WindowsInput.ini" 598
"C:/Users/nguye/UnrealProject/DOTD/Saved/Config/WindowsEditor/Input.ini" 599
"../../../Engine/Config/BaseDeviceProfiles.ini" 600
"C:/Users/nguye/UnrealProject/DOTD/Saved/Config/WindowsEditor/DeviceProfiles.ini" 601
"../../../Engine/Config/BaseGameUserSettings.ini" 602
"C:/Users/nguye/UnrealProject/DOTD/Saved/Config/WindowsEditor/GameUserSettings.ini" 603
"../../../Engine/Config/BaseScalability.ini" 604
"C:/Users/nguye/UnrealProject/DOTD/Saved/Config/WindowsEditor/Scalability.ini" 605
"../../../Engine/Config/BaseRuntimeOptions.ini" 606
"C:/Users/nguye/UnrealProject/DOTD/Saved/Config/WindowsEditor/RuntimeOptions.ini" 607
"../../../Engine/Config/BaseInstallBundle.ini" 608
"C:/Users/nguye/UnrealProject/DOTD/Saved/Config/WindowsEditor/InstallBundle.ini" 609
"../../../Engine/Config/BaseHardware.ini" 610
"C:/Users/nguye/UnrealProject/DOTD/Saved/Config/WindowsEditor/Hardware.ini" 611
"../../../Engine/Config/BaseCompat.ini" 612
"C:/Users/nguye/UnrealProject/DOTD/Saved/Config/WindowsEditor/Compat.ini" 613
"../../../Engine/Config/BaseLightmass.ini" 614
"C:/Users/nguye/UnrealProject/DOTD/Saved/Config/WindowsEditor/Lightmass.ini" 615
"../../../Engine/Config/BaseEditor.ini" 616
"../../../../Users/nguye/UnrealProject/DOTD/Config/DefaultEditor.ini" 617
"C:/Users/nguye/UnrealProject/DOTD/Saved/Config/WindowsEditor/Editor.ini" 618
"../../../Engine/Config/BaseEditorPerProjectUserSettings.ini" 619
"../../../../Users/nguye/UnrealProject/DOTD/Config/DefaultEditorPerProjectUserSettings.ini" 620
"../../../Engine/Config/Windows/WindowsEditorPerProjectUserSettings.ini" 621
"C:/Users/nguye/UnrealProject/DOTD/Saved/Config/WindowsEditor/EditorPerProjectUserSettings.ini" 622
"../../../Engine/Config/BaseEditorSettings.ini" 623
"C:/Users/nguye/AppData/Local/UnrealEngine/5.3/Saved/Config/WindowsEditor/EditorSettings.ini" 624
"../../../Engine/Config/BaseEditorKeyBindings.ini" 625
"C:/Users/nguye/AppData/Local/UnrealEngine/5.3/Saved/Config/WindowsEditor/EditorKeyBindings.ini" 626
"C:/Users/nguye/AppData/Local/UnrealEngine/5.3/Saved/Config/WindowsEditor/EditorLayout.ini" 627
"../../../Engine/Config/IOS/BaseIOSEngine.ini" 628
"../../../Engine/Config/IOS/IOSEngine.ini" 629
"../../../Engine/Config/Unix/UnixEngine.ini" 630
"../../../Engine/Config/Linux/BaseLinuxEngine.ini" 631
"../../../Engine/Config/Linux/LinuxEngine.ini" 632
"../../../Engine/Config/IOS/BaseIOSGame.ini" 633
"../../../Engine/Config/Android/BaseAndroidEngine.ini" 634
"../../../Engine/Config/TVOS/TVOSEngine.ini" 635
"../../../Engine/Config/Mac/BaseMacEngine.ini" 636
"../../../Engine/Config/LinuxArm64/BaseLinuxArm64Engine.ini" 637
"../../../Engine/Config/Android/AndroidEngine.ini" 638
"../../../Engine/Config/IOS/IOSGame.ini" 639
"../../../Engine/Config/LinuxArm64/LinuxArm64Engine.ini" 640
"../../../Engine/Config/Mac/MacEngine.ini" 641
"../../../Engine/Config/Android/BaseAndroidGame.ini" 642
"../../../Engine/Config/Linux/LinuxGame.ini" 643
"../../../Engine/Config/Mac/MacGame.ini" 644
"../../../Engine/Binaries/Win64/BootstrapPackagedGame-Win64-Shipping.target" 645
"../../../Engine/Binaries/Win64/BuildPatchTool-Win64-Shipping.target" 646
"../../../Engine/Config/IOS/IOSScalability.ini" 647
"../../../Engine/Config/Android/AndroidScalability.ini" 648
"../../../Engine/Binaries/Win64/CrashReportClient-Win64-Shipping.target" 649
"../../../Engine/Config/Android/BaseAndroidInstallBundle.ini" 650
"../../../Engine/Binaries/Win64/CrashReportClientEditor-Win64-Shipping.target" 651
"../../../Engine/Binaries/Win64/DatasmithCADWorker.target" 652
"../../../Engine/Binaries/Win64/EpicWebHelper-Win64-Shipping.target" 653
"../../../Engine/Binaries/Win64/InterchangeWorker.target" 654
"../../../Engine/Binaries/Win64/LiveCodingConsole.target" 655
"../../../Engine/Binaries/Win64/ShaderCompileWorker.target" 656
"../../../Engine/Binaries/Win64/SwitchboardListener.target" 657
"../../../Engine/Binaries/Win64/SwitchboardListenerHelper.target" 658
"../../../Engine/Binaries/Win64/UnrealEditor-Win64-DebugGame.target" 659
"../../../Engine/Binaries/Win64/UnrealEditor.target" 660
"../../../Engine/Plugins/Bridge/Config/BaseBridge.ini" 661
"C:/Users/nguye/UnrealProject/DOTD/Saved/Config/WindowsEditor/Bridge.ini" 662
"../../../Engine/Plugins/EnhancedInput/Config/BaseEnhancedInput.ini" 663
"C:/Users/nguye/UnrealProject/DOTD/Saved/Config/WindowsEditor/EnhancedInput.ini" 664
"../../../Engine/Plugins/EnhancedInput/Config/Input.ini" 665
"../../../Engine/Plugins/Fab/Config/BaseFab.ini" 666
"C:/Users/nguye/UnrealProject/DOTD/Saved/Config/WindowsEditor/Fab.ini" 667
"../../../Engine/Plugins/TraceUtilities/Config/BaseTraceUtilities.ini" 668
"C:/Users/nguye/UnrealProject/DOTD/Saved/Config/WindowsEditor/TraceUtilities.ini" 669
"../../../Engine/Plugins/Animation/ControlRig/Config/BaseControlRig.ini" 670
"C:/Users/nguye/UnrealProject/DOTD/Saved/Config/WindowsEditor/ControlRig.ini" 671
"../../../Engine/Plugins/2D/Paper2D/Config/BasePaper2D.ini" 672
"C:/Users/nguye/UnrealProject/DOTD/Saved/Config/WindowsEditor/Paper2D.ini" 673
"../../../Engine/Plugins/Animation/IKRig/Config/BaseIKRig.ini" 674
"C:/Users/nguye/UnrealProject/DOTD/Saved/Config/WindowsEditor/IKRig.ini" 675
"../../../Engine/Plugins/Enterprise/DatasmithContent/Config/BaseDatasmithContent.ini" 676
"C:/Users/nguye/UnrealProject/DOTD/Saved/Config/WindowsEditor/DatasmithContent.ini" 677
"../../../Engine/Plugins/Enterprise/GLTFExporter/Config/BaseGLTFExporter.ini" 678
"../../../Engine/Plugins/Enterprise/GLTFExporter/Config/DefaultGLTFExporter.ini" 679
"C:/Users/nguye/UnrealProject/DOTD/Saved/Config/WindowsEditor/GLTFExporter.ini" 680
"../../../Engine/Plugins/Enterprise/VariantManagerContent/Config/BaseVariantManagerContent.ini" 681
"C:/Users/nguye/UnrealProject/DOTD/Saved/Config/WindowsEditor/VariantManagerContent.ini" 682
"../../../Engine/Plugins/Interchange/Runtime/Config/BaseInterchange.ini" 683
"C:/Users/nguye/UnrealProject/DOTD/Saved/Config/WindowsEditor/Interchange.ini" 684
"../../../Engine/Plugins/Experimental/FullBodyIK/Config/BaseFullBodyIK.ini" 685
"C:/Users/nguye/UnrealProject/DOTD/Saved/Config/WindowsEditor/FullBodyIK.ini" 686
"../../../Engine/Plugins/Experimental/StructUtils/Config/BaseStructUtils.ini" 687
"C:/Users/nguye/UnrealProject/DOTD/Saved/Config/WindowsEditor/StructUtils.ini" 688
"../../../Engine/Plugins/Experimental/ToolPresets/Config/BaseToolPresets.ini" 689
"C:/Users/nguye/UnrealProject/DOTD/Saved/Config/WindowsEditor/ToolPresets.ini" 690
"../../../Engine/Plugins/Runtime/InputDebugging/Config/Input.ini" 691
"../../../Engine/Plugins/Runtime/Synthesis/Config/BaseSynthesis.ini" 692
"C:/Users/nguye/UnrealProject/DOTD/Saved/Config/WindowsEditor/Synthesis.ini" 693
"../../../Engine/Plugins/Developer/TraceDataFiltering/Config/BaseTraceDataFilters.ini" 694
"C:/Users/nguye/UnrealProject/DOTD/Saved/Config/WindowsEditor/TraceDataFilters.ini" 695
"../../../Engine/Plugins/Runtime/Metasound/Config/BaseMetasound.ini" 696
"C:/Users/nguye/UnrealProject/DOTD/Saved/Config/WindowsEditor/Metasound.ini" 697
"../../../Engine/Plugins/Editor/EditorScriptingUtilities/Config/BaseEditorScriptingUtilities.ini" 698
"C:/Users/nguye/UnrealProject/DOTD/Saved/Config/WindowsEditor/EditorScriptingUtilities.ini" 699
"../../../Engine/Plugins/FX/Niagara/Config/BaseNiagara.ini" 700
"C:/Users/nguye/UnrealProject/DOTD/Saved/Config/WindowsEditor/Niagara.ini" 701
"../../../Engine/Plugins/Editor/ModelingToolsEditorMode/Binaries/Win64/UnrealEditor.modules" 702
"../../../Engine/Plugins/Runtime/MeshModelingToolset/Binaries/Win64/UnrealEditor.modules" 703
"../../../Engine/Plugins/Experimental/MeshModelingToolsetExp/Binaries/Win64/UnrealEditor.modules" 704
"../../../Engine/Plugins/Experimental/MeshLODToolset/Binaries/Win64/UnrealEditor.modules" 705
"../../../Engine/Plugins/Experimental/ToolPresets/Binaries/Win64/UnrealEditor.modules" 706
"../../../Engine/Plugins/Runtime/GeometryProcessing/Binaries/Win64/UnrealEditor.modules" 707
"../../../Engine/Plugins/Experimental/ProxyLODPlugin/Binaries/Win64/UnrealEditor.modules" 708
"../../../Engine/Plugins/Experimental/GeometryFlow/Binaries/Win64/UnrealEditor.modules" 709
"../../../Engine/Plugins/Editor/EditorScriptingUtilities/Binaries/Win64/UnrealEditor.modules" 710
"../../../Engine/Plugins/Bridge/Binaries/Win64/UnrealEditor.modules" 711
"../../../Engine/Plugins/EnhancedInput/Binaries/Win64/UnrealEditor.modules" 712
"../../../Engine/Plugins/Fab/Binaries/Win64/UnrealEditor.modules" 713
"../../../Engine/Plugins/Interchange/Runtime/Binaries/Win64/UnrealEditor.modules" 714
"../../../Engine/Plugins/Online/EOSShared/Binaries/Win64/UnrealEditor.modules" 715
"../../../Engine/Plugins/Enterprise/VariantManagerContent/Binaries/Win64/UnrealEditor.modules" 716
"../../../Engine/Plugins/Enterprise/VariantManager/Binaries/Win64/UnrealEditor.modules" 717
"../../../Engine/Plugins/TraceUtilities/Binaries/Win64/UnrealEditor.modules" 718
"../../../Engine/Plugins/XGEController/Binaries/Win64/UnrealEditor.modules" 719
"../../../Engine/Plugins/MeshPainting/Binaries/Win64/UnrealEditor.modules" 720
"../../../Engine/Plugins/Interchange/Editor/Binaries/Win64/UnrealEditor.modules" 721
"../../../Engine/Plugins/FastBuildController/Binaries/Win64/UnrealEditor.modules" 722
"../../../Engine/Plugins/Cameras/GameplayCameras/Binaries/Win64/UnrealEditor.modules" 723
"../../../Engine/Plugins/MovieScene/TemplateSequence/Binaries/Win64/UnrealEditor.modules" 724
"../../../Engine/Plugins/MovieScene/LevelSequenceEditor/Binaries/Win64/UnrealEditor.modules" 725
"../../../Engine/Plugins/MovieScene/SequencerScripting/Binaries/Win64/UnrealEditor.modules" 726
"../../../Engine/Plugins/Experimental/PythonScriptPlugin/Binaries/Win64/UnrealEditor.modules" 727
"../../../Engine/Plugins/Editor/ContentBrowser/ContentBrowserFileDataSource/Binaries/Win64/UnrealEditor.modules" 728
"../../../Engine/Plugins/Cameras/CameraShakePreviewer/Binaries/Win64/UnrealEditor.modules" 729
"../../../Engine/Plugins/Animation/AnimationData/Binaries/Win64/UnrealEditor.modules" 730
"../../../Engine/Plugins/Animation/ControlRig/Binaries/Win64/UnrealEditor.modules" 731
"../../../Engine/Plugins/Runtime/RigVM/Binaries/Win64/UnrealEditor.modules" 732
"../../../Engine/Plugins/Runtime/PropertyAccess/Binaries/Win64/UnrealEditor.modules" 733
"../../../Engine/Plugins/Animation/AnimationModifierLibrary/Binaries/Win64/UnrealEditor.modules" 734
"../../../Engine/Plugins/Animation/ControlRigSpline/Binaries/Win64/UnrealEditor.modules" 735
"../../../Engine/Plugins/2D/Paper2D/Binaries/Win64/UnrealEditor.modules" 736
"../../../Engine/Plugins/Animation/IKRig/Binaries/Win64/UnrealEditor.modules" 737
"../../../Engine/Plugins/Experimental/FullBodyIK/Binaries/Win64/UnrealEditor.modules" 738
"../../../Engine/Plugins/Animation/BlendSpaceMotionAnalysis/Binaries/Win64/UnrealEditor.modules" 739
"../../../Engine/Plugins/Animation/ACLPlugin/Binaries/Win64/UnrealEditor.modules" 740
"../../../Engine/Plugins/Enterprise/DatasmithContent/Binaries/Win64/UnrealEditor.modules" 741
"../../../Engine/Plugins/Enterprise/GLTFExporter/Binaries/Win64/UnrealEditor.modules" 742
"../../../Engine/Plugins/Experimental/BackChannel/Binaries/Win64/UnrealEditor.modules" 743
"../../../Engine/Plugins/MovieScene/ActorSequence/Binaries/Win64/UnrealEditor.modules" 744
"../../../Engine/Plugins/Experimental/ChaosEditor/Binaries/Win64/UnrealEditor.modules" 745
"../../../Engine/Plugins/Experimental/PlanarCutPlugin/Binaries/Win64/UnrealEditor.modules" 746
"../../../Engine/Plugins/Experimental/GeometryCollectionPlugin/Binaries/Win64/UnrealEditor.modules" 747
"../../../Engine/Plugins/Experimental/Fracture/Binaries/Win64/UnrealEditor.modules" 748
"../../../Engine/Plugins/Runtime/ProceduralMeshComponent/Binaries/Win64/UnrealEditor.modules" 749
"../../../Engine/Plugins/Experimental/ChaosSolverPlugin/Binaries/Win64/UnrealEditor.modules" 750
"../../../Engine/Plugins/Experimental/Dataflow/Binaries/Win64/UnrealEditor.modules" 751
"../../../Engine/Plugins/Experimental/ChaosNiagara/Binaries/Win64/UnrealEditor.modules" 752
"../../../Engine/Plugins/FX/Niagara/Binaries/Win64/UnrealEditor.modules" 753
"../../../Engine/Plugins/Experimental/ChaosUserDataPT/Binaries/Win64/UnrealEditor.modules" 754
"../../../Engine/Plugins/Experimental/CharacterAI/Binaries/Win64/UnrealEditor.modules" 755
"../../../Engine/Plugins/Experimental/ChaosClothEditor/Binaries/Win64/UnrealEditor.modules" 756
"../../../Engine/Plugins/Experimental/ChaosCloth/Binaries/Win64/UnrealEditor.modules" 757
"../../../Engine/Plugins/Experimental/ChaosCaching/Binaries/Win64/UnrealEditor.modules" 758
"../../../Engine/Plugins/VirtualProduction/Takes/Binaries/Win64/UnrealEditor.modules" 759
"../../../Engine/Plugins/Runtime/AudioCapture/Binaries/Win64/UnrealEditor.modules" 760
"../../../Engine/Plugins/Experimental/AutomationUtils/Binaries/Win64/UnrealEditor.modules" 761
"../../../Engine/Plugins/Experimental/LocalizableMessage/Binaries/Win64/UnrealEditor.modules" 762
"../../../Engine/Plugins/Experimental/StructUtils/Binaries/Win64/UnrealEditor.modules" 763
"../../../Engine/Plugins/Experimental/OpenImageDenoise/Binaries/Win64/UnrealEditor.modules" 764
"../../../Engine/Plugins/Experimental/PlatformCrypto/Binaries/Win64/UnrealEditor.modules" 765
"../../../Engine/Plugins/Experimental/SkeletalReduction/Binaries/Win64/UnrealEditor.modules" 766
"../../../Engine/Plugins/Runtime/ActorLayerUtilities/Binaries/Win64/UnrealEditor.modules" 767
"../../../Engine/Plugins/Runtime/AndroidDeviceProfileSelector/Binaries/Win64/UnrealEditor.modules" 768
"../../../Engine/Plugins/Runtime/AndroidFileServer/Binaries/Win64/UnrealEditor.modules" 769
"../../../Engine/Plugins/Runtime/AndroidPermission/Binaries/Win64/UnrealEditor.modules" 770
"../../../Engine/Plugins/Runtime/AppleImageUtils/Binaries/Win64/UnrealEditor.modules" 771
"../../../Engine/Plugins/Runtime/ArchVisCharacter/Binaries/Win64/UnrealEditor.modules" 772
"../../../Engine/Plugins/Runtime/AssetTags/Binaries/Win64/UnrealEditor.modules" 773
"../../../Engine/Plugins/Runtime/ChunkDownloader/Binaries/Win64/UnrealEditor.modules" 774
"../../../Engine/Plugins/Runtime/CustomMeshComponent/Binaries/Win64/UnrealEditor.modules" 775
"../../../Engine/Plugins/Runtime/ExampleDeviceProfileSelector/Binaries/Win64/UnrealEditor.modules" 776
"../../../Engine/Plugins/Runtime/GeometryCache/Binaries/Win64/UnrealEditor.modules" 777
"../../../Engine/Plugins/Runtime/GooglePAD/Binaries/Win64/UnrealEditor.modules" 778
"../../../Engine/Plugins/Runtime/LocationServicesBPLibrary/Binaries/Win64/UnrealEditor.modules" 779
"../../../Engine/Plugins/Runtime/MobilePatchingUtils/Binaries/Win64/UnrealEditor.modules" 780
"../../../Engine/Plugins/Runtime/MsQuic/Binaries/Win64/UnrealEditor.modules" 781
"../../../Engine/Plugins/Runtime/InputDebugging/Binaries/Win64/UnrealEditor.modules" 782
"../../../Engine/Plugins/Runtime/ResonanceAudio/Binaries/Win64/UnrealEditor.modules" 783
"../../../Engine/Plugins/Runtime/SoundFields/Binaries/Win64/UnrealEditor.modules" 784
"../../../Engine/Plugins/Runtime/Synthesis/Binaries/Win64/UnrealEditor.modules" 785
"../../../Engine/Plugins/Runtime/AudioSynesthesia/Binaries/Win64/UnrealEditor.modules" 786
"../../../Engine/Plugins/Runtime/CableComponent/Binaries/Win64/UnrealEditor.modules" 787
"../../../Engine/Plugins/Runtime/WebMMoviePlayer/Binaries/Win64/UnrealEditor.modules" 788
"../../../Engine/Plugins/Media/WebMMedia/Binaries/Win64/UnrealEditor.modules" 789
"../../../Engine/Plugins/Runtime/WindowsDeviceProfileSelector/Binaries/Win64/UnrealEditor.modules" 790
"../../../Engine/Plugins/Runtime/WindowsMoviePlayer/Binaries/Win64/UnrealEditor.modules" 791
"../../../Engine/Plugins/Portal/LauncherChunkInstaller/Binaries/Win64/UnrealEditor.modules" 792
"../../../Engine/Plugins/Compression/OodleNetwork/Binaries/Win64/UnrealEditor.modules" 793
"../../../Engine/Plugins/Developer/AnimationSharing/Binaries/Win64/UnrealEditor.modules" 794
"../../../Engine/Plugins/Runtime/SignificanceManager/Binaries/Win64/UnrealEditor.modules" 795
"../../../Engine/Plugins/Developer/CLionSourceCodeAccess/Binaries/Win64/UnrealEditor.modules" 796
"../../../Engine/Plugins/Developer/GitSourceControl/Binaries/Win64/UnrealEditor.modules" 797
"../../../Engine/Plugins/Developer/N10XSourceCodeAccess/Binaries/Win64/UnrealEditor.modules" 798
"../../../Engine/Plugins/Developer/PerforceSourceControl/Binaries/Win64/UnrealEditor.modules" 799
"../../../Engine/Plugins/Developer/PixWinPlugin/Binaries/Win64/UnrealEditor.modules" 800
"../../../Engine/Plugins/Developer/PlasticSourceControl/Binaries/Win64/UnrealEditor.modules" 801
"../../../Engine/Plugins/Developer/PluginUtils/Binaries/Win64/UnrealEditor.modules" 802
"../../../Engine/Plugins/Developer/PropertyAccessNode/Binaries/Win64/UnrealEditor.modules" 803
"../../../Engine/Plugins/Developer/RenderDocPlugin/Binaries/Win64/UnrealEditor.modules" 804
"../../../Engine/Plugins/Developer/RiderSourceCodeAccess/Binaries/Win64/UnrealEditor.modules" 805
"../../../Engine/Plugins/Developer/SubversionSourceControl/Binaries/Win64/UnrealEditor.modules" 806
"../../../Engine/Plugins/Developer/TextureFormatOodle/Binaries/Win64/UnrealEditor.modules" 807
"../../../Engine/Plugins/Developer/DumpGPUServices/Binaries/Win64/UnrealEditor.modules" 808
"../../../Engine/Plugins/Developer/TraceDataFiltering/Binaries/Win64/UnrealEditor.modules" 809
"../../../Engine/Plugins/Developer/UObjectPlugin/Binaries/Win64/UnrealEditor.modules" 810
"../../../Engine/Plugins/Developer/VisualStudioCodeSourceCodeAccess/Binaries/Win64/UnrealEditor.modules" 811
"../../../Engine/Plugins/Developer/VisualStudioSourceCodeAccess/Binaries/Win64/UnrealEditor.modules" 812
"../../../Engine/Plugins/Editor/AssetManagerEditor/Binaries/Win64/UnrealEditor.modules" 813
"../../../Engine/Plugins/Editor/BlueprintHeaderView/Binaries/Win64/UnrealEditor.modules" 814
"../../../Engine/Plugins/Editor/CryptoKeys/Binaries/Win64/UnrealEditor.modules" 815
"../../../Engine/Plugins/Runtime/Metasound/Binaries/Win64/UnrealEditor.modules" 816
"../../../Engine/Plugins/Runtime/AudioWidgets/Binaries/Win64/UnrealEditor.modules" 817
"../../../Engine/Plugins/Runtime/WaveTable/Binaries/Win64/UnrealEditor.modules" 818
"../../../Engine/Plugins/Editor/CurveEditorTools/Binaries/Win64/UnrealEditor.modules" 819
"../../../Engine/Plugins/Editor/DataValidation/Binaries/Win64/UnrealEditor.modules" 820
"../../../Engine/Plugins/Editor/EditorDebugTools/Binaries/Win64/UnrealEditor.modules" 821
"../../../Engine/Plugins/Editor/EngineAssetDefinitions/Binaries/Win64/UnrealEditor.modules" 822
"../../../Engine/Plugins/Editor/FacialAnimation/Binaries/Win64/UnrealEditor.modules" 823
"../../../Engine/Plugins/Editor/GameplayTagsEditor/Binaries/Win64/UnrealEditor.modules" 824
"../../../Engine/Plugins/Editor/GeometryMode/Binaries/Win64/UnrealEditor.modules" 825
"../../../Engine/Plugins/Editor/MaterialAnalyzer/Binaries/Win64/UnrealEditor.modules" 826
"../../../Engine/Plugins/Editor/MobileLauncherProfileWizard/Binaries/Win64/UnrealEditor.modules" 827
"../../../Engine/Plugins/Editor/PluginBrowser/Binaries/Win64/UnrealEditor.modules" 828
"../../../Engine/Plugins/Editor/SpeedTreeImporter/Binaries/Win64/UnrealEditor.modules" 829
"../../../Engine/Plugins/Editor/WorldPartitionHLODUtilities/Binaries/Win64/UnrealEditor.modules" 830
"../../../Engine/Plugins/Editor/UVEditor/Binaries/Win64/UnrealEditor.modules" 831
"../../../Engine/Plugins/Messaging/TcpMessaging/Binaries/Win64/UnrealEditor.modules" 832
"../../../Engine/Plugins/Messaging/UdpMessaging/Binaries/Win64/UnrealEditor.modules" 833
"../../../Engine/Plugins/Editor/ChangelistReview/Binaries/Win64/UnrealEditor.modules" 834
"../../../Engine/Plugins/Online/OnlineBase/Binaries/Win64/UnrealEditor.modules" 835
"../../../Engine/Plugins/Online/OnlineSubsystem/Binaries/Win64/UnrealEditor.modules" 836
"../../../Engine/Plugins/Online/OnlineSubsystemNull/Binaries/Win64/UnrealEditor.modules" 837
"../../../Engine/Plugins/Online/OnlineSubsystemUtils/Binaries/Win64/UnrealEditor.modules" 838
"../../../Engine/Plugins/Online/OnlineServices/Binaries/Win64/UnrealEditor.modules" 839
"../../../Engine/Plugins/Tests/InterchangeTests/Binaries/Win64/UnrealEditor.modules" 840
"../../../Engine/Plugins/Media/AndroidMedia/Binaries/Win64/UnrealEditor.modules" 841
"../../../Engine/Plugins/Media/AvfMedia/Binaries/Win64/UnrealEditor.modules" 842
"../../../Engine/Plugins/Importers/AlembicImporter/Binaries/Win64/UnrealEditor.modules" 843
"../../../Engine/Plugins/Media/ImgMedia/Binaries/Win64/UnrealEditor.modules" 844
"../../../Engine/Plugins/Media/MediaPlayerEditor/Binaries/Win64/UnrealEditor.modules" 845
"../../../Engine/Plugins/Media/MediaCompositing/Binaries/Win64/UnrealEditor.modules" 846
"../../../Engine/Plugins/Media/MediaPlate/Binaries/Win64/UnrealEditor.modules" 847
"../../../Engine/Plugins/AI/AISupport/Binaries/Win64/UnrealEditor.modules" 848
"../../../Engine/Plugins/Media/WmfMedia/Binaries/Win64/UnrealEditor.modules" 849
"../../../Engine/Plugins/AI/EnvironmentQueryEditor/Binaries/Win64/UnrealEditor.modules" 850
"../../../Engine/Plugins/Editor/SequencerAnimTools/Binaries/Win64/UnrealEditor.modules" 851
"../../../Engine/Plugins/Editor/ContentBrowser/ContentBrowserAssetDataSource/Binaries/Win64/UnrealEditor.modules" 852
"../../../Engine/Plugins/Editor/ContentBrowser/ContentBrowserClassDataSource/Binaries/Win64/UnrealEditor.modules" 853
"../../../Engine/Plugins/Editor/Localization/PortableObjectFileDataSource/Binaries/Win64/UnrealEditor.modules" 854
"../../../Engine/Plugins/Editor/ObjectMixer/LightMixer/Binaries/Win64/UnrealEditor.modules" 855
"../../../Engine/Plugins/Editor/ObjectMixer/ObjectMixer/Binaries/Win64/UnrealEditor.modules" 856
"C:/Users/nguye/AppData/Local/UnrealEngine/5.3/Saved/Config/WindowsEditor/SourceControlSettings.ini" 857
"C:/Users/nguye/UnrealProject/DOTD/Saved/Config/WindowsEditor/SourceControlSettings.ini" 858
"../../../Engine/Content/Certificates/ThirdParty/cacert.pem" 859
"../../../Engine/Config/ConsoleVariables.ini" 860
"../../../Engine/Binaries/Win64/Android/UnrealEditor.modules" 861
"../../../Engine/Binaries/Win64/IOS/UnrealEditor.modules" 862
"../../../Engine/Binaries/Win64/Linux/UnrealEditor.modules" 863
"../../../Engine/Binaries/Win64/LinuxArm64/UnrealEditor.modules" 864
"../../../Engine/Content/Localization/Editor/en/Editor.locres" 865
"../../../Engine/Content/Localization/EditorTutorials/en/EditorTutorials.locres" 866
"../../../Engine/Content/Localization/Keywords/en/Keywords.locres" 867
"../../../Engine/Content/Localization/Category/en/Category.locres" 868
"../../../Engine/Content/Localization/ToolTips/en/ToolTips.locres" 869
"../../../Engine/Content/Localization/PropertyNames/en/PropertyNames.locres" 870
"../../../Engine/Content/Localization/Engine/en/Engine.locres" 871
"../../../Engine/Plugins/Online/OnlineSubsystem/Content/Localization/OnlineSubsystem/en/OnlineSubsystem.locres" 872
"../../../Engine/Plugins/Online/OnlineSubsystemUtils/Content/Localization/OnlineSubsystemUtils/en/OnlineSubsystemUtils.locres" 873
"../../../Engine/Plugins/Online/IOS/OnlineSubsystemIOS/Content/Localization/OnlineSubsystemIOS/en/OnlineSubsystemIOS.locres" 874
"../../../Engine/Plugins/Online/Android/OnlineSubsystemGooglePlay/Content/Localization/OnlineSubsystemGooglePlay/en/OnlineSubsystemGooglePlay.locres" 875
"../../../Engine/Content/Internationalization/icudt64l/en_AU.res" 876
"../../../Engine/Content/Internationalization/icudt64l/en_001.res" 877
"../../../Engine/Content/Internationalization/icudt64l/numberingSystems.res" 878
"../../../Engine/Content/Internationalization/icudt64l/curr/supplementalData.res" 879
"../../../Engine/Content/Internationalization/icudt64l/curr/en_AU.res" 880
"../../../Engine/Content/Internationalization/icudt64l/curr/pool.res" 881
"../../../Engine/Content/Internationalization/icudt64l/curr/en_001.res" 882
"../../../Engine/Content/Internationalization/icudt64l/curr/en.res" 883
"../../../Engine/Content/Internationalization/icudt64l/curr/root.res" 884
"../../../Engine/Content/Internationalization/icudt64l/lang/af.res" 885
"../../../Engine/Content/Internationalization/icudt64l/region/af.res" 886
"../../../Engine/Content/Internationalization/icudt64l/lang/agq.res" 887
"../../../Engine/Content/Internationalization/icudt64l/region/agq.res" 888
"../../../Engine/Content/Internationalization/icudt64l/lang/ak.res" 889
"../../../Engine/Content/Internationalization/icudt64l/region/ak.res" 890
"../../../Engine/Content/Internationalization/icudt64l/lang/am.res" 891
"../../../Engine/Content/Internationalization/icudt64l/region/am.res" 892
"../../../Engine/Content/Internationalization/icudt64l/lang/ar.res" 893
"../../../Engine/Content/Internationalization/icudt64l/region/ar.res" 894
"../../../Engine/Content/Internationalization/icudt64l/region/ar_AE.res" 895
"../../../Engine/Content/Internationalization/icudt64l/lang/ar_EG.res" 896
"../../../Engine/Content/Internationalization/icudt64l/lang/ar_LY.res" 897
"../../../Engine/Content/Internationalization/icudt64l/region/ar_LY.res" 898
"../../../Engine/Content/Internationalization/icudt64l/lang/ar_SA.res" 899
"../../../Engine/Content/Internationalization/icudt64l/region/ar_SA.res" 900
"../../../Engine/Content/Internationalization/icudt64l/lang/as.res" 901
"../../../Engine/Content/Internationalization/icudt64l/region/as.res" 902
"../../../Engine/Content/Internationalization/icudt64l/lang/asa.res" 903
"../../../Engine/Content/Internationalization/icudt64l/region/asa.res" 904
"../../../Engine/Content/Internationalization/icudt64l/lang/ast.res" 905
"../../../Engine/Content/Internationalization/icudt64l/region/ast.res" 906
"../../../Engine/Content/Internationalization/icudt64l/lang/az.res" 907
"../../../Engine/Content/Internationalization/icudt64l/lang/az_Cyrl.res" 908
"../../../Engine/Content/Internationalization/icudt64l/lang/az_AZ.res" 909
"../../../Engine/Content/Internationalization/icudt64l/lang/az_Latn_AZ.res" 910
"../../../Engine/Content/Internationalization/icudt64l/lang/az_Latn.res" 911
"../../../Engine/Content/Internationalization/icudt64l/region/az_AZ.res" 912
"../../../Engine/Content/Internationalization/icudt64l/region/az_Latn_AZ.res" 913
"../../../Engine/Content/Internationalization/icudt64l/region/az_Latn.res" 914
"../../../Engine/Content/Internationalization/icudt64l/region/az.res" 915
"../../../Engine/Content/Internationalization/icudt64l/region/az_Cyrl.res" 916
"../../../Engine/Content/Internationalization/icudt64l/lang/bas.res" 917
"../../../Engine/Content/Internationalization/icudt64l/region/bas.res" 918
"../../../Engine/Content/Internationalization/icudt64l/lang/be.res" 919
"../../../Engine/Content/Internationalization/icudt64l/region/be.res" 920
"../../../Engine/Content/Internationalization/icudt64l/lang/bem.res" 921
"../../../Engine/Content/Internationalization/icudt64l/region/bem.res" 922
"../../../Engine/Content/Internationalization/icudt64l/lang/bez.res" 923
"../../../Engine/Content/Internationalization/icudt64l/region/bez.res" 924
"../../../Engine/Content/Internationalization/icudt64l/lang/bg.res" 925
"../../../Engine/Content/Internationalization/icudt64l/region/bg.res" 926
"../../../Engine/Content/Internationalization/icudt64l/lang/bm.res" 927
"../../../Engine/Content/Internationalization/icudt64l/region/bm.res" 928
"../../../Engine/Content/Internationalization/icudt64l/lang/bn.res" 929
"../../../Engine/Content/Internationalization/icudt64l/region/bn.res" 930
"../../../Engine/Content/Internationalization/icudt64l/lang/bn_IN.res" 931
"../../../Engine/Content/Internationalization/icudt64l/region/bn_IN.res" 932
"../../../Engine/Content/Internationalization/icudt64l/lang/bo.res" 933
"../../../Engine/Content/Internationalization/icudt64l/region/bo.res" 934
"../../../Engine/Content/Internationalization/icudt64l/region/bo_IN.res" 935
"../../../Engine/Content/Internationalization/icudt64l/lang/br.res" 936
"../../../Engine/Content/Internationalization/icudt64l/region/br.res" 937
"../../../Engine/Content/Internationalization/icudt64l/lang/brx.res" 938
"../../../Engine/Content/Internationalization/icudt64l/region/brx.res" 939
"../../../Engine/Content/Internationalization/icudt64l/lang/bs.res" 940
"../../../Engine/Content/Internationalization/icudt64l/lang/bs_Cyrl.res" 941
"../../../Engine/Content/Internationalization/icudt64l/lang/bs_BA.res" 942
"../../../Engine/Content/Internationalization/icudt64l/lang/bs_Latn_BA.res" 943
"../../../Engine/Content/Internationalization/icudt64l/lang/bs_Latn.res" 944
"../../../Engine/Content/Internationalization/icudt64l/region/bs_BA.res" 945
"../../../Engine/Content/Internationalization/icudt64l/region/bs_Latn_BA.res" 946
"../../../Engine/Content/Internationalization/icudt64l/region/bs_Latn.res" 947
"../../../Engine/Content/Internationalization/icudt64l/region/bs.res" 948
"../../../Engine/Content/Internationalization/icudt64l/region/bs_Cyrl.res" 949
"../../../Engine/Content/Internationalization/icudt64l/lang/ca.res" 950
"../../../Engine/Content/Internationalization/icudt64l/region/ca.res" 951
"../../../Engine/Content/Internationalization/icudt64l/lang/ccp.res" 952
"../../../Engine/Content/Internationalization/icudt64l/region/ccp.res" 953
"../../../Engine/Content/Internationalization/icudt64l/lang/ce.res" 954
"../../../Engine/Content/Internationalization/icudt64l/region/ce.res" 955
"../../../Engine/Content/Internationalization/icudt64l/lang/ceb.res" 956
"../../../Engine/Content/Internationalization/icudt64l/region/ceb.res" 957
"../../../Engine/Content/Internationalization/icudt64l/lang/cgg.res" 958
"../../../Engine/Content/Internationalization/icudt64l/region/cgg.res" 959
"../../../Engine/Content/Internationalization/icudt64l/lang/chr.res" 960
"../../../Engine/Content/Internationalization/icudt64l/region/chr.res" 961
"../../../Engine/Content/Internationalization/icudt64l/lang/ckb.res" 962
"../../../Engine/Content/Internationalization/icudt64l/region/ckb.res" 963
"../../../Engine/Content/Internationalization/icudt64l/lang/cs.res" 964
"../../../Engine/Content/Internationalization/icudt64l/region/cs.res" 965
"../../../Engine/Content/Internationalization/icudt64l/lang/cy.res" 966
"../../../Engine/Content/Internationalization/icudt64l/region/cy.res" 967
"../../../Engine/Content/Internationalization/icudt64l/lang/da.res" 968
"../../../Engine/Content/Internationalization/icudt64l/region/da.res" 969
"../../../Engine/Content/Internationalization/icudt64l/lang/dav.res" 970
"../../../Engine/Content/Internationalization/icudt64l/region/dav.res" 971
"../../../Engine/Content/Internationalization/icudt64l/lang/de.res" 972
"../../../Engine/Content/Internationalization/icudt64l/lang/de_AT.res" 973
"../../../Engine/Content/Internationalization/icudt64l/region/de_AT.res" 974
"../../../Engine/Content/Internationalization/icudt64l/region/de.res" 975
"../../../Engine/Content/Internationalization/icudt64l/lang/de_CH.res" 976
"../../../Engine/Content/Internationalization/icudt64l/region/de_CH.res" 977
"../../../Engine/Content/Internationalization/icudt64l/lang/de_LU.res" 978
"../../../Engine/Content/Internationalization/icudt64l/lang/dje.res" 979
"../../../Engine/Content/Internationalization/icudt64l/region/dje.res" 980
"../../../Engine/Content/Internationalization/icudt64l/lang/dsb.res" 981
"../../../Engine/Content/Internationalization/icudt64l/region/dsb.res" 982
"../../../Engine/Content/Internationalization/icudt64l/lang/dua.res" 983
"../../../Engine/Content/Internationalization/icudt64l/region/dua.res" 984
"../../../Engine/Content/Internationalization/icudt64l/lang/dyo.res" 985
"../../../Engine/Content/Internationalization/icudt64l/region/dyo.res" 986
"../../../Engine/Content/Internationalization/icudt64l/lang/dz.res" 987
"../../../Engine/Content/Internationalization/icudt64l/region/dz.res" 988
"../../../Engine/Content/Internationalization/icudt64l/lang/ebu.res" 989
"../../../Engine/Content/Internationalization/icudt64l/region/ebu.res" 990
"../../../Engine/Content/Internationalization/icudt64l/lang/ee.res" 991
"../../../Engine/Content/Internationalization/icudt64l/region/ee.res" 992
"../../../Engine/Content/Internationalization/icudt64l/lang/el.res" 993
"../../../Engine/Content/Internationalization/icudt64l/region/el.res" 994
"../../../Engine/Content/Internationalization/icudt64l/lang/en_150.res" 995
"../../../Engine/Content/Internationalization/icudt64l/region/en_150.res" 996
"../../../Engine/Content/Internationalization/icudt64l/lang/en_AG.res" 997
"../../../Engine/Content/Internationalization/icudt64l/region/en_AG.res" 998
"../../../Engine/Content/Internationalization/icudt64l/lang/en_AI.res" 999
"../../../Engine/Content/Internationalization/icudt64l/region/en_AI.res" 1000
"../../../Engine/Content/Internationalization/icudt64l/lang/en_AT.res" 1001
"../../../Engine/Content/Internationalization/icudt64l/region/en_AT.res" 1002
"../../../Engine/Content/Internationalization/icudt64l/lang/en_BB.res" 1003
"../../../Engine/Content/Internationalization/icudt64l/region/en_BB.res" 1004
"../../../Engine/Content/Internationalization/icudt64l/lang/en_BE.res" 1005
"../../../Engine/Content/Internationalization/icudt64l/region/en_BE.res" 1006
"../../../Engine/Content/Internationalization/icudt64l/lang/en_BM.res" 1007
"../../../Engine/Content/Internationalization/icudt64l/region/en_BM.res" 1008
"../../../Engine/Content/Internationalization/icudt64l/lang/en_BS.res" 1009
"../../../Engine/Content/Internationalization/icudt64l/region/en_BS.res" 1010
"../../../Engine/Content/Internationalization/icudt64l/lang/en_BW.res" 1011
"../../../Engine/Content/Internationalization/icudt64l/region/en_BW.res" 1012
"../../../Engine/Content/Internationalization/icudt64l/lang/en_BZ.res" 1013
"../../../Engine/Content/Internationalization/icudt64l/region/en_BZ.res" 1014
"../../../Engine/Content/Internationalization/icudt64l/lang/en_CA.res" 1015
"../../../Engine/Content/Internationalization/icudt64l/region/en_CA.res" 1016
"../../../Engine/Content/Internationalization/icudt64l/lang/en_CC.res" 1017
"../../../Engine/Content/Internationalization/icudt64l/region/en_CC.res" 1018
"../../../Engine/Content/Internationalization/icudt64l/lang/en_CH.res" 1019
"../../../Engine/Content/Internationalization/icudt64l/region/en_CH.res" 1020
"../../../Engine/Content/Internationalization/icudt64l/lang/en_CK.res" 1021
"../../../Engine/Content/Internationalization/icudt64l/region/en_CK.res" 1022
"../../../Engine/Content/Internationalization/icudt64l/lang/en_CM.res" 1023
"../../../Engine/Content/Internationalization/icudt64l/region/en_CM.res" 1024
"../../../Engine/Content/Internationalization/icudt64l/lang/en_CX.res" 1025
"../../../Engine/Content/Internationalization/icudt64l/region/en_CX.res" 1026
"../../../Engine/Content/Internationalization/icudt64l/lang/en_CY.res" 1027
"../../../Engine/Content/Internationalization/icudt64l/region/en_CY.res" 1028
"../../../Engine/Content/Internationalization/icudt64l/lang/en_DE.res" 1029
"../../../Engine/Content/Internationalization/icudt64l/region/en_DE.res" 1030
"../../../Engine/Content/Internationalization/icudt64l/lang/en_DG.res" 1031
"../../../Engine/Content/Internationalization/icudt64l/region/en_DG.res" 1032
"../../../Engine/Content/Internationalization/icudt64l/lang/en_DK.res" 1033
"../../../Engine/Content/Internationalization/icudt64l/region/en_DK.res" 1034
"../../../Engine/Content/Internationalization/icudt64l/lang/en_DM.res" 1035
"../../../Engine/Content/Internationalization/icudt64l/region/en_DM.res" 1036
"../../../Engine/Content/Internationalization/icudt64l/lang/en_ER.res" 1037
"../../../Engine/Content/Internationalization/icudt64l/region/en_ER.res" 1038
"../../../Engine/Content/Internationalization/icudt64l/lang/en_FI.res" 1039
"../../../Engine/Content/Internationalization/icudt64l/region/en_FI.res" 1040
"../../../Engine/Content/Internationalization/icudt64l/lang/en_FJ.res" 1041
"../../../Engine/Content/Internationalization/icudt64l/region/en_FJ.res" 1042
"../../../Engine/Content/Internationalization/icudt64l/lang/en_FK.res" 1043
"../../../Engine/Content/Internationalization/icudt64l/region/en_FK.res" 1044
"../../../Engine/Content/Internationalization/icudt64l/lang/en_FM.res" 1045
"../../../Engine/Content/Internationalization/icudt64l/region/en_FM.res" 1046
"../../../Engine/Content/Internationalization/icudt64l/lang/en_GB.res" 1047
"../../../Engine/Content/Internationalization/icudt64l/region/en_GB.res" 1048
"../../../Engine/Content/Internationalization/icudt64l/lang/en_GD.res" 1049
"../../../Engine/Content/Internationalization/icudt64l/region/en_GD.res" 1050
"../../../Engine/Content/Internationalization/icudt64l/lang/en_GG.res" 1051
"../../../Engine/Content/Internationalization/icudt64l/region/en_GG.res" 1052
"../../../Engine/Content/Internationalization/icudt64l/lang/en_GH.res" 1053
"../../../Engine/Content/Internationalization/icudt64l/region/en_GH.res" 1054
"../../../Engine/Content/Internationalization/icudt64l/lang/en_GI.res" 1055
"../../../Engine/Content/Internationalization/icudt64l/region/en_GI.res" 1056
"../../../Engine/Content/Internationalization/icudt64l/lang/en_GM.res" 1057
"../../../Engine/Content/Internationalization/icudt64l/region/en_GM.res" 1058
"../../../Engine/Content/Internationalization/icudt64l/lang/en_GY.res" 1059
"../../../Engine/Content/Internationalization/icudt64l/region/en_GY.res" 1060
"../../../Engine/Content/Internationalization/icudt64l/lang/en_HK.res" 1061
"../../../Engine/Content/Internationalization/icudt64l/region/en_HK.res" 1062
"../../../Engine/Content/Internationalization/icudt64l/lang/en_IE.res" 1063
"../../../Engine/Content/Internationalization/icudt64l/region/en_IE.res" 1064
"../../../Engine/Content/Internationalization/icudt64l/lang/en_IL.res" 1065
"../../../Engine/Content/Internationalization/icudt64l/region/en_IL.res" 1066
"../../../Engine/Content/Internationalization/icudt64l/lang/en_IM.res" 1067
"../../../Engine/Content/Internationalization/icudt64l/region/en_IM.res" 1068
"../../../Engine/Content/Internationalization/icudt64l/lang/en_IN.res" 1069
"../../../Engine/Content/Internationalization/icudt64l/region/en_IN.res" 1070
"../../../Engine/Content/Internationalization/icudt64l/lang/en_IO.res" 1071
"../../../Engine/Content/Internationalization/icudt64l/region/en_IO.res" 1072
"../../../Engine/Content/Internationalization/icudt64l/lang/en_JE.res" 1073
"../../../Engine/Content/Internationalization/icudt64l/region/en_JE.res" 1074
"../../../Engine/Content/Internationalization/icudt64l/lang/en_JM.res" 1075
"../../../Engine/Content/Internationalization/icudt64l/region/en_JM.res" 1076
"../../../Engine/Content/Internationalization/icudt64l/lang/en_KE.res" 1077
"../../../Engine/Content/Internationalization/icudt64l/region/en_KE.res" 1078
"../../../Engine/Content/Internationalization/icudt64l/lang/en_KI.res" 1079
"../../../Engine/Content/Internationalization/icudt64l/region/en_KI.res" 1080
"../../../Engine/Content/Internationalization/icudt64l/lang/en_KN.res" 1081
"../../../Engine/Content/Internationalization/icudt64l/region/en_KN.res" 1082
"../../../Engine/Content/Internationalization/icudt64l/lang/en_KY.res" 1083
"../../../Engine/Content/Internationalization/icudt64l/region/en_KY.res" 1084
"../../../Engine/Content/Internationalization/icudt64l/lang/en_LC.res" 1085
"../../../Engine/Content/Internationalization/icudt64l/region/en_LC.res" 1086
"../../../Engine/Content/Internationalization/icudt64l/lang/en_LR.res" 1087
"../../../Engine/Content/Internationalization/icudt64l/region/en_LR.res" 1088
"../../../Engine/Content/Internationalization/icudt64l/lang/en_LS.res" 1089
"../../../Engine/Content/Internationalization/icudt64l/region/en_LS.res" 1090
"../../../Engine/Content/Internationalization/icudt64l/lang/en_MG.res" 1091
"../../../Engine/Content/Internationalization/icudt64l/region/en_MG.res" 1092
"../../../Engine/Content/Internationalization/icudt64l/lang/en_MO.res" 1093
"../../../Engine/Content/Internationalization/icudt64l/region/en_MO.res" 1094
"../../../Engine/Content/Internationalization/icudt64l/lang/en_MS.res" 1095
"../../../Engine/Content/Internationalization/icudt64l/region/en_MS.res" 1096
"../../../Engine/Content/Internationalization/icudt64l/lang/en_MT.res" 1097
"../../../Engine/Content/Internationalization/icudt64l/region/en_MT.res" 1098
"../../../Engine/Content/Internationalization/icudt64l/lang/en_MU.res" 1099
"../../../Engine/Content/Internationalization/icudt64l/region/en_MU.res" 1100
"../../../Engine/Content/Internationalization/icudt64l/lang/en_MW.res" 1101
"../../../Engine/Content/Internationalization/icudt64l/region/en_MW.res" 1102
"../../../Engine/Content/Internationalization/icudt64l/lang/en_MY.res" 1103
"../../../Engine/Content/Internationalization/icudt64l/region/en_MY.res" 1104
"../../../Engine/Content/Internationalization/icudt64l/lang/en_NA.res" 1105
"../../../Engine/Content/Internationalization/icudt64l/region/en_NA.res" 1106
"../../../Engine/Content/Internationalization/icudt64l/lang/en_NF.res" 1107
"../../../Engine/Content/Internationalization/icudt64l/region/en_NF.res" 1108
"../../../Engine/Content/Internationalization/icudt64l/lang/en_NG.res" 1109
"../../../Engine/Content/Internationalization/icudt64l/region/en_NG.res" 1110
"../../../Engine/Content/Internationalization/icudt64l/lang/en_NL.res" 1111
"../../../Engine/Content/Internationalization/icudt64l/region/en_NL.res" 1112
"../../../Engine/Content/Internationalization/icudt64l/lang/en_NR.res" 1113
"../../../Engine/Content/Internationalization/icudt64l/region/en_NR.res" 1114
"../../../Engine/Content/Internationalization/icudt64l/lang/en_NU.res" 1115
"../../../Engine/Content/Internationalization/icudt64l/region/en_NU.res" 1116
"../../../Engine/Content/Internationalization/icudt64l/lang/en_NZ.res" 1117
"../../../Engine/Content/Internationalization/icudt64l/region/en_NZ.res" 1118
"../../../Engine/Content/Internationalization/icudt64l/lang/en_PG.res" 1119
"../../../Engine/Content/Internationalization/icudt64l/region/en_PG.res" 1120
"../../../Engine/Content/Internationalization/icudt64l/lang/en_PH.res" 1121
"../../../Engine/Content/Internationalization/icudt64l/region/en_PH.res" 1122
"../../../Engine/Content/Internationalization/icudt64l/lang/en_PK.res" 1123
"../../../Engine/Content/Internationalization/icudt64l/region/en_PK.res" 1124
"../../../Engine/Content/Internationalization/icudt64l/lang/en_PN.res" 1125
"../../../Engine/Content/Internationalization/icudt64l/region/en_PN.res" 1126
"../../../Engine/Content/Internationalization/icudt64l/lang/en_PW.res" 1127
"../../../Engine/Content/Internationalization/icudt64l/region/en_PW.res" 1128
"../../../Engine/Content/Internationalization/icudt64l/lang/en_RW.res" 1129
"../../../Engine/Content/Internationalization/icudt64l/region/en_RW.res" 1130
"../../../Engine/Content/Internationalization/icudt64l/lang/en_SB.res" 1131
"../../../Engine/Content/Internationalization/icudt64l/region/en_SB.res" 1132
"../../../Engine/Content/Internationalization/icudt64l/lang/en_SC.res" 1133
"../../../Engine/Content/Internationalization/icudt64l/region/en_SC.res" 1134
"../../../Engine/Content/Internationalization/icudt64l/lang/en_SD.res" 1135
"../../../Engine/Content/Internationalization/icudt64l/region/en_SD.res" 1136
"../../../Engine/Content/Internationalization/icudt64l/lang/en_SE.res" 1137
"../../../Engine/Content/Internationalization/icudt64l/region/en_SE.res" 1138
"../../../Engine/Content/Internationalization/icudt64l/lang/en_SG.res" 1139
"../../../Engine/Content/Internationalization/icudt64l/region/en_SG.res" 1140
"../../../Engine/Content/Internationalization/icudt64l/lang/en_SH.res" 1141
"../../../Engine/Content/Internationalization/icudt64l/region/en_SH.res" 1142
"../../../Engine/Content/Internationalization/icudt64l/lang/en_SI.res" 1143
"../../../Engine/Content/Internationalization/icudt64l/region/en_SI.res" 1144
"../../../Engine/Content/Internationalization/icudt64l/lang/en_SL.res" 1145
"../../../Engine/Content/Internationalization/icudt64l/region/en_SL.res" 1146
"../../../Engine/Content/Internationalization/icudt64l/lang/en_SS.res" 1147
"../../../Engine/Content/Internationalization/icudt64l/region/en_SS.res" 1148
"../../../Engine/Content/Internationalization/icudt64l/lang/en_SX.res" 1149
"../../../Engine/Content/Internationalization/icudt64l/region/en_SX.res" 1150
"../../../Engine/Content/Internationalization/icudt64l/lang/en_SZ.res" 1151
"../../../Engine/Content/Internationalization/icudt64l/region/en_SZ.res" 1152
"../../../Engine/Content/Internationalization/icudt64l/lang/en_TC.res" 1153
"../../../Engine/Content/Internationalization/icudt64l/region/en_TC.res" 1154
"../../../Engine/Content/Internationalization/icudt64l/lang/en_TK.res" 1155
"../../../Engine/Content/Internationalization/icudt64l/region/en_TK.res" 1156
"../../../Engine/Content/Internationalization/icudt64l/lang/en_TO.res" 1157
"../../../Engine/Content/Internationalization/icudt64l/region/en_TO.res" 1158
"../../../Engine/Content/Internationalization/icudt64l/lang/en_TT.res" 1159
"../../../Engine/Content/Internationalization/icudt64l/region/en_TT.res" 1160
"../../../Engine/Content/Internationalization/icudt64l/lang/en_TV.res" 1161
"../../../Engine/Content/Internationalization/icudt64l/region/en_TV.res" 1162
"../../../Engine/Content/Internationalization/icudt64l/lang/en_TZ.res" 1163
"../../../Engine/Content/Internationalization/icudt64l/region/en_TZ.res" 1164
"../../../Engine/Content/Internationalization/icudt64l/lang/en_UG.res" 1165
"../../../Engine/Content/Internationalization/icudt64l/region/en_UG.res" 1166
"../../../Engine/Content/Internationalization/icudt64l/lang/en_VC.res" 1167
"../../../Engine/Content/Internationalization/icudt64l/region/en_VC.res" 1168
"../../../Engine/Content/Internationalization/icudt64l/lang/en_VG.res" 1169
"../../../Engine/Content/Internationalization/icudt64l/region/en_VG.res" 1170
"../../../Engine/Content/Internationalization/icudt64l/lang/en_VU.res" 1171
"../../../Engine/Content/Internationalization/icudt64l/region/en_VU.res" 1172
"../../../Engine/Content/Internationalization/icudt64l/lang/en_WS.res" 1173
"../../../Engine/Content/Internationalization/icudt64l/region/en_WS.res" 1174
"../../../Engine/Content/Internationalization/icudt64l/lang/en_ZA.res" 1175
"../../../Engine/Content/Internationalization/icudt64l/region/en_ZA.res" 1176
"../../../Engine/Content/Internationalization/icudt64l/lang/en_ZM.res" 1177
"../../../Engine/Content/Internationalization/icudt64l/region/en_ZM.res" 1178
"../../../Engine/Content/Internationalization/icudt64l/lang/en_ZW.res" 1179
"../../../Engine/Content/Internationalization/icudt64l/region/en_ZW.res" 1180
"../../../Engine/Content/Internationalization/icudt64l/lang/eo.res" 1181
"../../../Engine/Content/Internationalization/icudt64l/region/eo.res" 1182
"../../../Engine/Content/Internationalization/icudt64l/lang/es.res" 1183
"../../../Engine/Content/Internationalization/icudt64l/lang/es_419.res" 1184
"../../../Engine/Content/Internationalization/icudt64l/region/es_419.res" 1185
"../../../Engine/Content/Internationalization/icudt64l/region/es.res" 1186
"../../../Engine/Content/Internationalization/icudt64l/lang/es_AR.res" 1187
"../../../Engine/Content/Internationalization/icudt64l/region/es_AR.res" 1188
"../../../Engine/Content/Internationalization/icudt64l/lang/es_BO.res" 1189
"../../../Engine/Content/Internationalization/icudt64l/region/es_BO.res" 1190
"../../../Engine/Content/Internationalization/icudt64l/lang/es_BR.res" 1191
"../../../Engine/Content/Internationalization/icudt64l/region/es_BR.res" 1192
"../../../Engine/Content/Internationalization/icudt64l/lang/es_BZ.res" 1193
"../../../Engine/Content/Internationalization/icudt64l/region/es_BZ.res" 1194
"../../../Engine/Content/Internationalization/icudt64l/lang/es_CL.res" 1195
"../../../Engine/Content/Internationalization/icudt64l/region/es_CL.res" 1196
"../../../Engine/Content/Internationalization/icudt64l/lang/es_CO.res" 1197
"../../../Engine/Content/Internationalization/icudt64l/region/es_CO.res" 1198
"../../../Engine/Content/Internationalization/icudt64l/lang/es_CR.res" 1199
"../../../Engine/Content/Internationalization/icudt64l/region/es_CR.res" 1200
"../../../Engine/Content/Internationalization/icudt64l/lang/es_CU.res" 1201
"../../../Engine/Content/Internationalization/icudt64l/region/es_CU.res" 1202
"../../../Engine/Content/Internationalization/icudt64l/lang/es_DO.res" 1203
"../../../Engine/Content/Internationalization/icudt64l/region/es_DO.res" 1204
"../../../Engine/Content/Internationalization/icudt64l/lang/es_EC.res" 1205
"../../../Engine/Content/Internationalization/icudt64l/region/es_EC.res" 1206
"../../../Engine/Content/Internationalization/icudt64l/lang/es_GT.res" 1207
"../../../Engine/Content/Internationalization/icudt64l/region/es_GT.res" 1208
"../../../Engine/Content/Internationalization/icudt64l/lang/es_HN.res" 1209
"../../../Engine/Content/Internationalization/icudt64l/region/es_HN.res" 1210
"../../../Engine/Content/Internationalization/icudt64l/lang/es_MX.res" 1211
"../../../Engine/Content/Internationalization/icudt64l/region/es_MX.res" 1212
"../../../Engine/Content/Internationalization/icudt64l/lang/es_NI.res" 1213
"../../../Engine/Content/Internationalization/icudt64l/region/es_NI.res" 1214
"../../../Engine/Content/Internationalization/icudt64l/lang/es_PA.res" 1215
"../../../Engine/Content/Internationalization/icudt64l/region/es_PA.res" 1216
"../../../Engine/Content/Internationalization/icudt64l/lang/es_PE.res" 1217
"../../../Engine/Content/Internationalization/icudt64l/region/es_PE.res" 1218
"../../../Engine/Content/Internationalization/icudt64l/lang/es_PR.res" 1219
"../../../Engine/Content/Internationalization/icudt64l/region/es_PR.res" 1220
"../../../Engine/Content/Internationalization/icudt64l/lang/es_PY.res" 1221
"../../../Engine/Content/Internationalization/icudt64l/region/es_PY.res" 1222
"../../../Engine/Content/Internationalization/icudt64l/lang/es_SV.res" 1223
"../../../Engine/Content/Internationalization/icudt64l/region/es_SV.res" 1224
"../../../Engine/Content/Internationalization/icudt64l/lang/es_US.res" 1225
"../../../Engine/Content/Internationalization/icudt64l/region/es_US.res" 1226
"../../../Engine/Content/Internationalization/icudt64l/lang/es_UY.res" 1227
"../../../Engine/Content/Internationalization/icudt64l/region/es_UY.res" 1228
"../../../Engine/Content/Internationalization/icudt64l/lang/es_VE.res" 1229
"../../../Engine/Content/Internationalization/icudt64l/region/es_VE.res" 1230
"../../../Engine/Content/Internationalization/icudt64l/lang/et.res" 1231
"../../../Engine/Content/Internationalization/icudt64l/region/et.res" 1232
"../../../Engine/Content/Internationalization/icudt64l/lang/eu.res" 1233
"../../../Engine/Content/Internationalization/icudt64l/region/eu.res" 1234
"../../../Engine/Content/Internationalization/icudt64l/lang/ewo.res" 1235
"../../../Engine/Content/Internationalization/icudt64l/region/ewo.res" 1236
"../../../Engine/Content/Internationalization/icudt64l/lang/fa.res" 1237
"../../../Engine/Content/Internationalization/icudt64l/lang/fa_AF.res" 1238
"../../../Engine/Content/Internationalization/icudt64l/region/fa_AF.res" 1239
"../../../Engine/Content/Internationalization/icudt64l/region/fa.res" 1240
"../../../Engine/Content/Internationalization/icudt64l/lang/ff.res" 1241
"../../../Engine/Content/Internationalization/icudt64l/lang/ff_Latn.res" 1242
"../../../Engine/Content/Internationalization/icudt64l/region/ff.res" 1243
"../../../Engine/Content/Internationalization/icudt64l/region/ff_Latn.res" 1244
"../../../Engine/Content/Internationalization/icudt64l/lang/ff_CM.res" 1245
"../../../Engine/Content/Internationalization/icudt64l/lang/ff_Latn_CM.res" 1246
"../../../Engine/Content/Internationalization/icudt64l/region/ff_CM.res" 1247
"../../../Engine/Content/Internationalization/icudt64l/region/ff_Latn_CM.res" 1248
"../../../Engine/Content/Internationalization/icudt64l/lang/ff_GN.res" 1249
"../../../Engine/Content/Internationalization/icudt64l/lang/ff_Latn_GN.res" 1250
"../../../Engine/Content/Internationalization/icudt64l/region/ff_GN.res" 1251
"../../../Engine/Content/Internationalization/icudt64l/region/ff_Latn_GN.res" 1252
"../../../Engine/Content/Internationalization/icudt64l/lang/ff_MR.res" 1253
"../../../Engine/Content/Internationalization/icudt64l/lang/ff_Latn_MR.res" 1254
"../../../Engine/Content/Internationalization/icudt64l/region/ff_MR.res" 1255
"../../../Engine/Content/Internationalization/icudt64l/region/ff_Latn_MR.res" 1256
"../../../Engine/Content/Internationalization/icudt64l/lang/ff_SN.res" 1257
"../../../Engine/Content/Internationalization/icudt64l/lang/ff_Latn_SN.res" 1258
"../../../Engine/Content/Internationalization/icudt64l/region/ff_SN.res" 1259
"../../../Engine/Content/Internationalization/icudt64l/region/ff_Latn_SN.res" 1260
"../../../Engine/Content/Internationalization/icudt64l/lang/fi.res" 1261
"../../../Engine/Content/Internationalization/icudt64l/region/fi.res" 1262
"../../../Engine/Content/Internationalization/icudt64l/lang/fil.res" 1263
"../../../Engine/Content/Internationalization/icudt64l/lang/fil_PH.res" 1264
"../../../Engine/Content/Internationalization/icudt64l/region/fil_PH.res" 1265
"../../../Engine/Content/Internationalization/icudt64l/region/fil.res" 1266
"../../../Engine/Content/Internationalization/icudt64l/lang/fo.res" 1267
"../../../Engine/Content/Internationalization/icudt64l/region/fo.res" 1268
"../../../Engine/Content/Internationalization/icudt64l/lang/fr.res" 1269
"../../../Engine/Content/Internationalization/icudt64l/lang/fr_BE.res" 1270
"../../../Engine/Content/Internationalization/icudt64l/region/fr_BE.res" 1271
"../../../Engine/Content/Internationalization/icudt64l/region/fr.res" 1272
"../../../Engine/Content/Internationalization/icudt64l/lang/fr_CA.res" 1273
"../../../Engine/Content/Internationalization/icudt64l/region/fr_CA.res" 1274
"../../../Engine/Content/Internationalization/icudt64l/lang/fr_CH.res" 1275
"../../../Engine/Content/Internationalization/icudt64l/lang/fur.res" 1276
"../../../Engine/Content/Internationalization/icudt64l/region/fur.res" 1277
"../../../Engine/Content/Internationalization/icudt64l/lang/fy.res" 1278
"../../../Engine/Content/Internationalization/icudt64l/region/fy.res" 1279
"../../../Engine/Content/Internationalization/icudt64l/lang/ga.res" 1280
"../../../Engine/Content/Internationalization/icudt64l/region/ga.res" 1281
"../../../Engine/Content/Internationalization/icudt64l/lang/gd.res" 1282
"../../../Engine/Content/Internationalization/icudt64l/region/gd.res" 1283
"../../../Engine/Content/Internationalization/icudt64l/lang/gl.res" 1284
"../../../Engine/Content/Internationalization/icudt64l/region/gl.res" 1285
"../../../Engine/Content/Internationalization/icudt64l/lang/gsw.res" 1286
"../../../Engine/Content/Internationalization/icudt64l/region/gsw.res" 1287
"../../../Engine/Content/Internationalization/icudt64l/lang/gu.res" 1288
"../../../Engine/Content/Internationalization/icudt64l/region/gu.res" 1289
"../../../Engine/Content/Internationalization/icudt64l/lang/guz.res" 1290
"../../../Engine/Content/Internationalization/icudt64l/region/guz.res" 1291
"../../../Engine/Content/Internationalization/icudt64l/lang/gv.res" 1292
"../../../Engine/Content/Internationalization/icudt64l/region/gv.res" 1293
"../../../Engine/Content/Internationalization/icudt64l/lang/ha.res" 1294
"../../../Engine/Content/Internationalization/icudt64l/region/ha.res" 1295
"../../../Engine/Content/Internationalization/icudt64l/lang/ha_NE.res" 1296
"../../../Engine/Content/Internationalization/icudt64l/region/ha_NE.res" 1297
"../../../Engine/Content/Internationalization/icudt64l/lang/haw.res" 1298
"../../../Engine/Content/Internationalization/icudt64l/region/haw.res" 1299
"../../../Engine/Content/Internationalization/icudt64l/lang/he.res" 1300
"../../../Engine/Content/Internationalization/icudt64l/lang/he_IL.res" 1301
"../../../Engine/Content/Internationalization/icudt64l/region/he_IL.res" 1302
"../../../Engine/Content/Internationalization/icudt64l/region/he.res" 1303
"../../../Engine/Content/Internationalization/icudt64l/lang/hi.res" 1304
"../../../Engine/Content/Internationalization/icudt64l/region/hi.res" 1305
"../../../Engine/Content/Internationalization/icudt64l/lang/hr.res" 1306
"../../../Engine/Content/Internationalization/icudt64l/region/hr.res" 1307
"../../../Engine/Content/Internationalization/icudt64l/lang/hsb.res" 1308
"../../../Engine/Content/Internationalization/icudt64l/region/hsb.res" 1309
"../../../Engine/Content/Internationalization/icudt64l/lang/hu.res" 1310
"../../../Engine/Content/Internationalization/icudt64l/region/hu.res" 1311
"../../../Engine/Content/Internationalization/icudt64l/lang/hy.res" 1312
"../../../Engine/Content/Internationalization/icudt64l/region/hy.res" 1313
"../../../Engine/Content/Internationalization/icudt64l/lang/ia.res" 1314
"../../../Engine/Content/Internationalization/icudt64l/region/ia.res" 1315
"../../../Engine/Content/Internationalization/icudt64l/lang/id.res" 1316
"../../../Engine/Content/Internationalization/icudt64l/lang/id_ID.res" 1317
"../../../Engine/Content/Internationalization/icudt64l/region/id_ID.res" 1318
"../../../Engine/Content/Internationalization/icudt64l/region/id.res" 1319
"../../../Engine/Content/Internationalization/icudt64l/lang/ig.res" 1320
"../../../Engine/Content/Internationalization/icudt64l/region/ig.res" 1321
"../../../Engine/Content/Internationalization/icudt64l/lang/ii.res" 1322
"../../../Engine/Content/Internationalization/icudt64l/region/ii.res" 1323
"../../../Engine/Content/Internationalization/icudt64l/lang/is.res" 1324
"../../../Engine/Content/Internationalization/icudt64l/region/is.res" 1325
"../../../Engine/Content/Internationalization/icudt64l/lang/it.res" 1326
"../../../Engine/Content/Internationalization/icudt64l/region/it.res" 1327
"../../../Engine/Content/Internationalization/icudt64l/lang/ja.res" 1328
"../../../Engine/Content/Internationalization/icudt64l/lang/ja_JP.res" 1329
"../../../Engine/Content/Internationalization/icudt64l/region/ja_JP.res" 1330
"../../../Engine/Content/Internationalization/icudt64l/region/ja.res" 1331
"../../../Engine/Content/Internationalization/icudt64l/lang/jgo.res" 1332
"../../../Engine/Content/Internationalization/icudt64l/region/jgo.res" 1333
"../../../Engine/Content/Internationalization/icudt64l/lang/jmc.res" 1334
"../../../Engine/Content/Internationalization/icudt64l/region/jmc.res" 1335
"../../../Engine/Content/Internationalization/icudt64l/lang/jv.res" 1336
"../../../Engine/Content/Internationalization/icudt64l/region/jv.res" 1337
"../../../Engine/Content/Internationalization/icudt64l/lang/ka.res" 1338
"../../../Engine/Content/Internationalization/icudt64l/region/ka.res" 1339
"../../../Engine/Content/Internationalization/icudt64l/lang/kab.res" 1340
"../../../Engine/Content/Internationalization/icudt64l/region/kab.res" 1341
"../../../Engine/Content/Internationalization/icudt64l/lang/kam.res" 1342
"../../../Engine/Content/Internationalization/icudt64l/region/kam.res" 1343
"../../../Engine/Content/Internationalization/icudt64l/lang/kde.res" 1344
"../../../Engine/Content/Internationalization/icudt64l/region/kde.res" 1345
"../../../Engine/Content/Internationalization/icudt64l/lang/kea.res" 1346
"../../../Engine/Content/Internationalization/icudt64l/region/kea.res" 1347
"../../../Engine/Content/Internationalization/icudt64l/lang/khq.res" 1348
"../../../Engine/Content/Internationalization/icudt64l/region/khq.res" 1349
"../../../Engine/Content/Internationalization/icudt64l/lang/ki.res" 1350
"../../../Engine/Content/Internationalization/icudt64l/region/ki.res" 1351
"../../../Engine/Content/Internationalization/icudt64l/lang/kk.res" 1352
"../../../Engine/Content/Internationalization/icudt64l/region/kk.res" 1353
"../../../Engine/Content/Internationalization/icudt64l/lang/kkj.res" 1354
"../../../Engine/Content/Internationalization/icudt64l/region/kkj.res" 1355
"../../../Engine/Content/Internationalization/icudt64l/lang/kl.res" 1356
"../../../Engine/Content/Internationalization/icudt64l/region/kl.res" 1357
"../../../Engine/Content/Internationalization/icudt64l/lang/kln.res" 1358
"../../../Engine/Content/Internationalization/icudt64l/region/kln.res" 1359
"../../../Engine/Content/Internationalization/icudt64l/lang/km.res" 1360
"../../../Engine/Content/Internationalization/icudt64l/region/km.res" 1361
"../../../Engine/Content/Internationalization/icudt64l/lang/kn.res" 1362
"../../../Engine/Content/Internationalization/icudt64l/region/kn.res" 1363
"../../../Engine/Content/Internationalization/icudt64l/lang/ko.res" 1364
"../../../Engine/Content/Internationalization/icudt64l/region/ko_KP.res" 1365
"../../../Engine/Content/Internationalization/icudt64l/region/ko.res" 1366
"../../../Engine/Content/Internationalization/icudt64l/lang/kok.res" 1367
"../../../Engine/Content/Internationalization/icudt64l/region/kok.res" 1368
"../../../Engine/Content/Internationalization/icudt64l/lang/ks.res" 1369
"../../../Engine/Content/Internationalization/icudt64l/region/ks.res" 1370
"../../../Engine/Content/Internationalization/icudt64l/lang/ksb.res" 1371
"../../../Engine/Content/Internationalization/icudt64l/region/ksb.res" 1372
"../../../Engine/Content/Internationalization/icudt64l/lang/ksf.res" 1373
"../../../Engine/Content/Internationalization/icudt64l/region/ksf.res" 1374
"../../../Engine/Content/Internationalization/icudt64l/lang/ksh.res" 1375
"../../../Engine/Content/Internationalization/icudt64l/region/ksh.res" 1376
"../../../Engine/Content/Internationalization/icudt64l/lang/ku.res" 1377
"../../../Engine/Content/Internationalization/icudt64l/region/ku.res" 1378
"../../../Engine/Content/Internationalization/icudt64l/lang/kw.res" 1379
"../../../Engine/Content/Internationalization/icudt64l/region/kw.res" 1380
"../../../Engine/Content/Internationalization/icudt64l/lang/ky.res" 1381
"../../../Engine/Content/Internationalization/icudt64l/region/ky.res" 1382
"../../../Engine/Content/Internationalization/icudt64l/lang/lag.res" 1383
"../../../Engine/Content/Internationalization/icudt64l/region/lag.res" 1384
"../../../Engine/Content/Internationalization/icudt64l/lang/lb.res" 1385
"../../../Engine/Content/Internationalization/icudt64l/region/lb.res" 1386
"../../../Engine/Content/Internationalization/icudt64l/lang/lg.res" 1387
"../../../Engine/Content/Internationalization/icudt64l/region/lg.res" 1388
"../../../Engine/Content/Internationalization/icudt64l/lang/lkt.res" 1389
"../../../Engine/Content/Internationalization/icudt64l/region/lkt.res" 1390
"../../../Engine/Content/Internationalization/icudt64l/lang/ln.res" 1391
"../../../Engine/Content/Internationalization/icudt64l/region/ln.res" 1392
"../../../Engine/Content/Internationalization/icudt64l/lang/lo.res" 1393
"../../../Engine/Content/Internationalization/icudt64l/region/lo.res" 1394
"../../../Engine/Content/Internationalization/icudt64l/lang/lrc.res" 1395
"../../../Engine/Content/Internationalization/icudt64l/region/lrc.res" 1396
"../../../Engine/Content/Internationalization/icudt64l/lang/lt.res" 1397
"../../../Engine/Content/Internationalization/icudt64l/region/lt.res" 1398
"../../../Engine/Content/Internationalization/icudt64l/lang/lu.res" 1399
"../../../Engine/Content/Internationalization/icudt64l/region/lu.res" 1400
"../../../Engine/Content/Internationalization/icudt64l/lang/luo.res" 1401
"../../../Engine/Content/Internationalization/icudt64l/region/luo.res" 1402
"../../../Engine/Content/Internationalization/icudt64l/lang/luy.res" 1403
"../../../Engine/Content/Internationalization/icudt64l/region/luy.res" 1404
"../../../Engine/Content/Internationalization/icudt64l/lang/lv.res" 1405
"../../../Engine/Content/Internationalization/icudt64l/region/lv.res" 1406
"../../../Engine/Content/Internationalization/icudt64l/lang/mas.res" 1407
"../../../Engine/Content/Internationalization/icudt64l/region/mas.res" 1408
"../../../Engine/Content/Internationalization/icudt64l/lang/mer.res" 1409
"../../../Engine/Content/Internationalization/icudt64l/region/mer.res" 1410
"../../../Engine/Content/Internationalization/icudt64l/lang/mfe.res" 1411
"../../../Engine/Content/Internationalization/icudt64l/region/mfe.res" 1412
"../../../Engine/Content/Internationalization/icudt64l/lang/mg.res" 1413
"../../../Engine/Content/Internationalization/icudt64l/region/mg.res" 1414
"../../../Engine/Content/Internationalization/icudt64l/lang/mgh.res" 1415
"../../../Engine/Content/Internationalization/icudt64l/region/mgh.res" 1416
"../../../Engine/Content/Internationalization/icudt64l/lang/mgo.res" 1417
"../../../Engine/Content/Internationalization/icudt64l/region/mgo.res" 1418
"../../../Engine/Content/Internationalization/icudt64l/lang/mi.res" 1419
"../../../Engine/Content/Internationalization/icudt64l/region/mi.res" 1420
"../../../Engine/Content/Internationalization/icudt64l/lang/mk.res" 1421
"../../../Engine/Content/Internationalization/icudt64l/region/mk.res" 1422
"../../../Engine/Content/Internationalization/icudt64l/lang/ml.res" 1423
"../../../Engine/Content/Internationalization/icudt64l/region/ml.res" 1424
"../../../Engine/Content/Internationalization/icudt64l/lang/mn.res" 1425
"../../../Engine/Content/Internationalization/icudt64l/region/mn.res" 1426
"../../../Engine/Content/Internationalization/icudt64l/lang/mr.res" 1427
"../../../Engine/Content/Internationalization/icudt64l/region/mr.res" 1428
"../../../Engine/Content/Internationalization/icudt64l/lang/ms.res" 1429
"../../../Engine/Content/Internationalization/icudt64l/region/ms.res" 1430
"../../../Engine/Content/Internationalization/icudt64l/lang/mt.res" 1431
"../../../Engine/Content/Internationalization/icudt64l/region/mt.res" 1432
"../../../Engine/Content/Internationalization/icudt64l/lang/mua.res" 1433
"../../../Engine/Content/Internationalization/icudt64l/region/mua.res" 1434
"../../../Engine/Content/Internationalization/icudt64l/lang/my.res" 1435
"../../../Engine/Content/Internationalization/icudt64l/region/my.res" 1436
"../../../Engine/Content/Internationalization/icudt64l/lang/mzn.res" 1437
"../../../Engine/Content/Internationalization/icudt64l/region/mzn.res" 1438
"../../../Engine/Content/Internationalization/icudt64l/lang/naq.res" 1439
"../../../Engine/Content/Internationalization/icudt64l/region/naq.res" 1440
"../../../Engine/Content/Internationalization/icudt64l/lang/nb.res" 1441
"../../../Engine/Content/Internationalization/icudt64l/lang/nb_NO.res" 1442
"../../../Engine/Content/Internationalization/icudt64l/region/nb_NO.res" 1443
"../../../Engine/Content/Internationalization/icudt64l/region/nb.res" 1444
"../../../Engine/Content/Internationalization/icudt64l/lang/nd.res" 1445
"../../../Engine/Content/Internationalization/icudt64l/region/nd.res" 1446
"../../../Engine/Content/Internationalization/icudt64l/lang/nds.res" 1447
"../../../Engine/Content/Internationalization/icudt64l/region/nds.res" 1448
"../../../Engine/Content/Internationalization/icudt64l/lang/ne.res" 1449
"../../../Engine/Content/Internationalization/icudt64l/region/ne.res" 1450
"../../../Engine/Content/Internationalization/icudt64l/lang/nl.res" 1451
"../../../Engine/Content/Internationalization/icudt64l/region/nl.res" 1452
"../../../Engine/Content/Internationalization/icudt64l/lang/nmg.res" 1453
"../../../Engine/Content/Internationalization/icudt64l/region/nmg.res" 1454
"../../../Engine/Content/Internationalization/icudt64l/lang/nn.res" 1455
"../../../Engine/Content/Internationalization/icudt64l/lang/nn_NO.res" 1456
"../../../Engine/Content/Internationalization/icudt64l/region/nn_NO.res" 1457
"../../../Engine/Content/Internationalization/icudt64l/region/nn.res" 1458
"../../../Engine/Content/Internationalization/icudt64l/lang/nnh.res" 1459
"../../../Engine/Content/Internationalization/icudt64l/region/nnh.res" 1460
"../../../Engine/Content/Internationalization/icudt64l/lang/nus.res" 1461
"../../../Engine/Content/Internationalization/icudt64l/region/nus.res" 1462
"../../../Engine/Content/Internationalization/icudt64l/lang/nyn.res" 1463
"../../../Engine/Content/Internationalization/icudt64l/region/nyn.res" 1464
"../../../Engine/Content/Internationalization/icudt64l/lang/om.res" 1465
"../../../Engine/Content/Internationalization/icudt64l/region/om.res" 1466
"../../../Engine/Content/Internationalization/icudt64l/lang/or.res" 1467
"../../../Engine/Content/Internationalization/icudt64l/region/or.res" 1468
"../../../Engine/Content/Internationalization/icudt64l/lang/os.res" 1469
"../../../Engine/Content/Internationalization/icudt64l/region/os.res" 1470
"../../../Engine/Content/Internationalization/icudt64l/lang/pa.res" 1471
"../../../Engine/Content/Internationalization/icudt64l/lang/pa_Arab.res" 1472
"../../../Engine/Content/Internationalization/icudt64l/lang/pa_PK.res" 1473
"../../../Engine/Content/Internationalization/icudt64l/lang/pa_Arab_PK.res" 1474
"../../../Engine/Content/Internationalization/icudt64l/region/pa_PK.res" 1475
"../../../Engine/Content/Internationalization/icudt64l/region/pa_Arab_PK.res" 1476
"../../../Engine/Content/Internationalization/icudt64l/region/pa_Arab.res" 1477
"../../../Engine/Content/Internationalization/icudt64l/lang/pa_Guru.res" 1478
"../../../Engine/Content/Internationalization/icudt64l/lang/pa_IN.res" 1479
"../../../Engine/Content/Internationalization/icudt64l/lang/pa_Guru_IN.res" 1480
"../../../Engine/Content/Internationalization/icudt64l/region/pa_IN.res" 1481
"../../../Engine/Content/Internationalization/icudt64l/region/pa_Guru_IN.res" 1482
"../../../Engine/Content/Internationalization/icudt64l/region/pa_Guru.res" 1483
"../../../Engine/Content/Internationalization/icudt64l/region/pa.res" 1484
"../../../Engine/Content/Internationalization/icudt64l/lang/pl.res" 1485
"../../../Engine/Content/Internationalization/icudt64l/region/pl.res" 1486
"../../../Engine/Content/Internationalization/icudt64l/lang/ps.res" 1487
"../../../Engine/Content/Internationalization/icudt64l/region/ps.res" 1488
"../../../Engine/Content/Internationalization/icudt64l/lang/ps_PK.res" 1489
"../../../Engine/Content/Internationalization/icudt64l/region/ps_PK.res" 1490
"../../../Engine/Content/Internationalization/icudt64l/lang/pt.res" 1491
"../../../Engine/Content/Internationalization/icudt64l/lang/pt_AO.res" 1492
"../../../Engine/Content/Internationalization/icudt64l/lang/pt_PT.res" 1493
"../../../Engine/Content/Internationalization/icudt64l/region/pt_AO.res" 1494
"../../../Engine/Content/Internationalization/icudt64l/region/pt_PT.res" 1495
"../../../Engine/Content/Internationalization/icudt64l/region/pt.res" 1496
"../../../Engine/Content/Internationalization/icudt64l/lang/pt_CH.res" 1497
"../../../Engine/Content/Internationalization/icudt64l/region/pt_CH.res" 1498
"../../../Engine/Content/Internationalization/icudt64l/lang/pt_CV.res" 1499
"../../../Engine/Content/Internationalization/icudt64l/region/pt_CV.res" 1500
"../../../Engine/Content/Internationalization/icudt64l/lang/pt_GQ.res" 1501
"../../../Engine/Content/Internationalization/icudt64l/region/pt_GQ.res" 1502
"../../../Engine/Content/Internationalization/icudt64l/lang/pt_GW.res" 1503
"../../../Engine/Content/Internationalization/icudt64l/region/pt_GW.res" 1504
"../../../Engine/Content/Internationalization/icudt64l/lang/pt_LU.res" 1505
"../../../Engine/Content/Internationalization/icudt64l/region/pt_LU.res" 1506
"../../../Engine/Content/Internationalization/icudt64l/lang/pt_MO.res" 1507
"../../../Engine/Content/Internationalization/icudt64l/region/pt_MO.res" 1508
"../../../Engine/Content/Internationalization/icudt64l/lang/pt_MZ.res" 1509
"../../../Engine/Content/Internationalization/icudt64l/region/pt_MZ.res" 1510
"../../../Engine/Content/Internationalization/icudt64l/lang/pt_ST.res" 1511
"../../../Engine/Content/Internationalization/icudt64l/region/pt_ST.res" 1512
"../../../Engine/Content/Internationalization/icudt64l/lang/pt_TL.res" 1513
"../../../Engine/Content/Internationalization/icudt64l/region/pt_TL.res" 1514
"../../../Engine/Content/Internationalization/icudt64l/lang/qu.res" 1515
"../../../Engine/Content/Internationalization/icudt64l/region/qu.res" 1516
"../../../Engine/Content/Internationalization/icudt64l/lang/rm.res" 1517
"../../../Engine/Content/Internationalization/icudt64l/region/rm.res" 1518
"../../../Engine/Content/Internationalization/icudt64l/lang/rn.res" 1519
"../../../Engine/Content/Internationalization/icudt64l/region/rn.res" 1520
"../../../Engine/Content/Internationalization/icudt64l/lang/ro.res" 1521
"../../../Engine/Content/Internationalization/icudt64l/lang/ro_MD.res" 1522
"../../../Engine/Content/Internationalization/icudt64l/region/ro_MD.res" 1523
"../../../Engine/Content/Internationalization/icudt64l/region/ro.res" 1524
"../../../Engine/Content/Internationalization/icudt64l/lang/rof.res" 1525
"../../../Engine/Content/Internationalization/icudt64l/region/rof.res" 1526
"../../../Engine/Content/Internationalization/icudt64l/lang/ru.res" 1527
"../../../Engine/Content/Internationalization/icudt64l/region/ru.res" 1528
"../../../Engine/Content/Internationalization/icudt64l/region/ru_UA.res" 1529
"../../../Engine/Content/Internationalization/icudt64l/lang/rw.res" 1530
"../../../Engine/Content/Internationalization/icudt64l/region/rw.res" 1531
"../../../Engine/Content/Internationalization/icudt64l/lang/rwk.res" 1532
"../../../Engine/Content/Internationalization/icudt64l/region/rwk.res" 1533
"../../../Engine/Content/Internationalization/icudt64l/lang/sah.res" 1534
"../../../Engine/Content/Internationalization/icudt64l/region/sah.res" 1535
"../../../Engine/Content/Internationalization/icudt64l/lang/saq.res" 1536
"../../../Engine/Content/Internationalization/icudt64l/region/saq.res" 1537
"../../../Engine/Content/Internationalization/icudt64l/lang/sbp.res" 1538
"../../../Engine/Content/Internationalization/icudt64l/region/sbp.res" 1539
"../../../Engine/Content/Internationalization/icudt64l/lang/sd.res" 1540
"../../../Engine/Content/Internationalization/icudt64l/region/sd.res" 1541
"../../../Engine/Content/Internationalization/icudt64l/lang/se.res" 1542
"../../../Engine/Content/Internationalization/icudt64l/lang/se_FI.res" 1543
"../../../Engine/Content/Internationalization/icudt64l/region/se_FI.res" 1544
"../../../Engine/Content/Internationalization/icudt64l/region/se.res" 1545
"../../../Engine/Content/Internationalization/icudt64l/lang/seh.res" 1546
"../../../Engine/Content/Internationalization/icudt64l/region/seh.res" 1547
"../../../Engine/Content/Internationalization/icudt64l/lang/ses.res" 1548
"../../../Engine/Content/Internationalization/icudt64l/region/ses.res" 1549
"../../../Engine/Content/Internationalization/icudt64l/lang/sg.res" 1550
"../../../Engine/Content/Internationalization/icudt64l/region/sg.res" 1551
"../../../Engine/Content/Internationalization/icudt64l/lang/shi.res" 1552
"../../../Engine/Content/Internationalization/icudt64l/lang/shi_Latn.res" 1553
"../../../Engine/Content/Internationalization/icudt64l/lang/shi_MA.res" 1554
"../../../Engine/Content/Internationalization/icudt64l/lang/shi_Tfng_MA.res" 1555
"../../../Engine/Content/Internationalization/icudt64l/lang/shi_Tfng.res" 1556
"../../../Engine/Content/Internationalization/icudt64l/region/shi_MA.res" 1557
"../../../Engine/Content/Internationalization/icudt64l/region/shi_Tfng_MA.res" 1558
"../../../Engine/Content/Internationalization/icudt64l/region/shi_Tfng.res" 1559
"../../../Engine/Content/Internationalization/icudt64l/region/shi.res" 1560
"../../../Engine/Content/Internationalization/icudt64l/region/shi_Latn.res" 1561
"../../../Engine/Content/Internationalization/icudt64l/lang/si.res" 1562
"../../../Engine/Content/Internationalization/icudt64l/region/si.res" 1563
"../../../Engine/Content/Internationalization/icudt64l/lang/sk.res" 1564
"../../../Engine/Content/Internationalization/icudt64l/region/sk.res" 1565
"../../../Engine/Content/Internationalization/icudt64l/lang/sl.res" 1566
"../../../Engine/Content/Internationalization/icudt64l/region/sl.res" 1567
"../../../Engine/Content/Internationalization/icudt64l/lang/smn.res" 1568
"../../../Engine/Content/Internationalization/icudt64l/region/smn.res" 1569
"../../../Engine/Content/Internationalization/icudt64l/lang/sn.res" 1570
"../../../Engine/Content/Internationalization/icudt64l/region/sn.res" 1571
"../../../Engine/Content/Internationalization/icudt64l/lang/so.res" 1572
"../../../Engine/Content/Internationalization/icudt64l/region/so.res" 1573
"../../../Engine/Content/Internationalization/icudt64l/lang/sq.res" 1574
"../../../Engine/Content/Internationalization/icudt64l/region/sq.res" 1575
"../../../Engine/Content/Internationalization/icudt64l/lang/sr.res" 1576
"../../../Engine/Content/Internationalization/icudt64l/lang/sr_Cyrl.res" 1577
"../../../Engine/Content/Internationalization/icudt64l/lang/sr_BA.res" 1578
"../../../Engine/Content/Internationalization/icudt64l/lang/sr_Cyrl_BA.res" 1579
"../../../Engine/Content/Internationalization/icudt64l/region/sr_BA.res" 1580
"../../../Engine/Content/Internationalization/icudt64l/region/sr_Cyrl_BA.res" 1581
"../../../Engine/Content/Internationalization/icudt64l/region/sr_Cyrl.res" 1582
"../../../Engine/Content/Internationalization/icudt64l/region/sr.res" 1583
"../../../Engine/Content/Internationalization/icudt64l/lang/sr_ME.res" 1584
"../../../Engine/Content/Internationalization/icudt64l/lang/sr_Latn_ME.res" 1585
"../../../Engine/Content/Internationalization/icudt64l/lang/sr_Latn.res" 1586
"../../../Engine/Content/Internationalization/icudt64l/region/sr_ME.res" 1587
"../../../Engine/Content/Internationalization/icudt64l/region/sr_Latn_ME.res" 1588
"../../../Engine/Content/Internationalization/icudt64l/region/sr_Latn.res" 1589
"../../../Engine/Content/Internationalization/icudt64l/lang/sr_Cyrl_ME.res" 1590
"../../../Engine/Content/Internationalization/icudt64l/region/sr_Cyrl_ME.res" 1591
"../../../Engine/Content/Internationalization/icudt64l/lang/sr_RS.res" 1592
"../../../Engine/Content/Internationalization/icudt64l/lang/sr_Cyrl_RS.res" 1593
"../../../Engine/Content/Internationalization/icudt64l/region/sr_RS.res" 1594
"../../../Engine/Content/Internationalization/icudt64l/region/sr_Cyrl_RS.res" 1595
"../../../Engine/Content/Internationalization/icudt64l/lang/sr_XK.res" 1596
"../../../Engine/Content/Internationalization/icudt64l/lang/sr_Cyrl_XK.res" 1597
"../../../Engine/Content/Internationalization/icudt64l/region/sr_XK.res" 1598
"../../../Engine/Content/Internationalization/icudt64l/region/sr_Cyrl_XK.res" 1599
"../../../Engine/Content/Internationalization/icudt64l/lang/sr_Latn_BA.res" 1600
"../../../Engine/Content/Internationalization/icudt64l/region/sr_Latn_BA.res" 1601
"../../../Engine/Content/Internationalization/icudt64l/lang/sr_Latn_RS.res" 1602
"../../../Engine/Content/Internationalization/icudt64l/region/sr_Latn_RS.res" 1603
"../../../Engine/Content/Internationalization/icudt64l/lang/sr_Latn_XK.res" 1604
"../../../Engine/Content/Internationalization/icudt64l/region/sr_Latn_XK.res" 1605
"../../../Engine/Content/Internationalization/icudt64l/lang/sv.res" 1606
"../../../Engine/Content/Internationalization/icudt64l/region/sv.res" 1607
"../../../Engine/Content/Internationalization/icudt64l/lang/sv_FI.res" 1608
"../../../Engine/Content/Internationalization/icudt64l/lang/sw.res" 1609
"../../../Engine/Content/Internationalization/icudt64l/lang/sw_CD.res" 1610
"../../../Engine/Content/Internationalization/icudt64l/region/sw_CD.res" 1611
"../../../Engine/Content/Internationalization/icudt64l/region/sw.res" 1612
"../../../Engine/Content/Internationalization/icudt64l/lang/sw_KE.res" 1613
"../../../Engine/Content/Internationalization/icudt64l/region/sw_KE.res" 1614
"../../../Engine/Content/Internationalization/icudt64l/lang/ta.res" 1615
"../../../Engine/Content/Internationalization/icudt64l/region/ta.res" 1616
"../../../Engine/Content/Internationalization/icudt64l/lang/te.res" 1617
"../../../Engine/Content/Internationalization/icudt64l/region/te.res" 1618
"../../../Engine/Content/Internationalization/icudt64l/lang/teo.res" 1619
"../../../Engine/Content/Internationalization/icudt64l/region/teo.res" 1620
"../../../Engine/Content/Internationalization/icudt64l/lang/tg.res" 1621
"../../../Engine/Content/Internationalization/icudt64l/region/tg.res" 1622
"../../../Engine/Content/Internationalization/icudt64l/lang/th.res" 1623
"../../../Engine/Content/Internationalization/icudt64l/lang/th_TH.res" 1624
"../../../Engine/Content/Internationalization/icudt64l/region/th_TH.res" 1625
"../../../Engine/Content/Internationalization/icudt64l/region/th.res" 1626
"../../../Engine/Content/Internationalization/icudt64l/lang/ti.res" 1627
"../../../Engine/Content/Internationalization/icudt64l/region/ti.res" 1628
"../../../Engine/Content/Internationalization/icudt64l/lang/tk.res" 1629
"../../../Engine/Content/Internationalization/icudt64l/region/tk.res" 1630
"../../../Engine/Content/Internationalization/icudt64l/lang/to.res" 1631
"../../../Engine/Content/Internationalization/icudt64l/region/to.res" 1632
"../../../Engine/Content/Internationalization/icudt64l/lang/tr.res" 1633
"../../../Engine/Content/Internationalization/icudt64l/region/tr.res" 1634
"../../../Engine/Content/Internationalization/icudt64l/lang/tt.res" 1635
"../../../Engine/Content/Internationalization/icudt64l/region/tt.res" 1636
"../../../Engine/Content/Internationalization/icudt64l/lang/twq.res" 1637
"../../../Engine/Content/Internationalization/icudt64l/region/twq.res" 1638
"../../../Engine/Content/Internationalization/icudt64l/lang/tzm.res" 1639
"../../../Engine/Content/Internationalization/icudt64l/region/tzm.res" 1640
"../../../Engine/Content/Internationalization/icudt64l/lang/ug.res" 1641
"../../../Engine/Content/Internationalization/icudt64l/region/ug.res" 1642
"../../../Engine/Content/Internationalization/icudt64l/lang/uk.res" 1643
"../../../Engine/Content/Internationalization/icudt64l/region/uk.res" 1644
"../../../Engine/Content/Internationalization/icudt64l/lang/ur.res" 1645
"../../../Engine/Content/Internationalization/icudt64l/lang/ur_IN.res" 1646
"../../../Engine/Content/Internationalization/icudt64l/region/ur_IN.res" 1647
"../../../Engine/Content/Internationalization/icudt64l/region/ur.res" 1648
"../../../Engine/Content/Internationalization/icudt64l/lang/uz.res" 1649
"../../../Engine/Content/Internationalization/icudt64l/lang/uz_Arab.res" 1650
"../../../Engine/Content/Internationalization/icudt64l/lang/uz_AF.res" 1651
"../../../Engine/Content/Internationalization/icudt64l/lang/uz_Arab_AF.res" 1652
"../../../Engine/Content/Internationalization/icudt64l/region/uz_AF.res" 1653
"../../../Engine/Content/Internationalization/icudt64l/region/uz_Arab_AF.res" 1654
"../../../Engine/Content/Internationalization/icudt64l/region/uz_Arab.res" 1655
"../../../Engine/Content/Internationalization/icudt64l/lang/uz_Cyrl.res" 1656
"../../../Engine/Content/Internationalization/icudt64l/lang/uz_UZ.res" 1657
"../../../Engine/Content/Internationalization/icudt64l/lang/uz_Latn_UZ.res" 1658
"../../../Engine/Content/Internationalization/icudt64l/lang/uz_Latn.res" 1659
"../../../Engine/Content/Internationalization/icudt64l/region/uz_UZ.res" 1660
"../../../Engine/Content/Internationalization/icudt64l/region/uz_Latn_UZ.res" 1661
"../../../Engine/Content/Internationalization/icudt64l/region/uz_Latn.res" 1662
"../../../Engine/Content/Internationalization/icudt64l/region/uz.res" 1663
"../../../Engine/Content/Internationalization/icudt64l/region/uz_Cyrl.res" 1664
"../../../Engine/Content/Internationalization/icudt64l/lang/vai.res" 1665
"../../../Engine/Content/Internationalization/icudt64l/lang/vai_Latn.res" 1666
"../../../Engine/Content/Internationalization/icudt64l/lang/vai_LR.res" 1667
"../../../Engine/Content/Internationalization/icudt64l/lang/vai_Vaii_LR.res" 1668
"../../../Engine/Content/Internationalization/icudt64l/lang/vai_Vaii.res" 1669
"../../../Engine/Content/Internationalization/icudt64l/region/vai_LR.res" 1670
"../../../Engine/Content/Internationalization/icudt64l/region/vai_Vaii_LR.res" 1671
"../../../Engine/Content/Internationalization/icudt64l/region/vai_Vaii.res" 1672
"../../../Engine/Content/Internationalization/icudt64l/region/vai.res" 1673
"../../../Engine/Content/Internationalization/icudt64l/region/vai_Latn.res" 1674
"../../../Engine/Content/Internationalization/icudt64l/lang/vi.res" 1675
"../../../Engine/Content/Internationalization/icudt64l/region/vi.res" 1676
"../../../Engine/Content/Internationalization/icudt64l/lang/vun.res" 1677
"../../../Engine/Content/Internationalization/icudt64l/region/vun.res" 1678
"../../../Engine/Content/Internationalization/icudt64l/lang/wae.res" 1679
"../../../Engine/Content/Internationalization/icudt64l/region/wae.res" 1680
"../../../Engine/Content/Internationalization/icudt64l/lang/wo.res" 1681
"../../../Engine/Content/Internationalization/icudt64l/region/wo.res" 1682
"../../../Engine/Content/Internationalization/icudt64l/lang/xh.res" 1683
"../../../Engine/Content/Internationalization/icudt64l/region/xh.res" 1684
"../../../Engine/Content/Internationalization/icudt64l/lang/xog.res" 1685
"../../../Engine/Content/Internationalization/icudt64l/region/xog.res" 1686
"../../../Engine/Content/Internationalization/icudt64l/lang/yav.res" 1687
"../../../Engine/Content/Internationalization/icudt64l/region/yav.res" 1688
"../../../Engine/Content/Internationalization/icudt64l/lang/yi.res" 1689
"../../../Engine/Content/Internationalization/icudt64l/region/yi.res" 1690
"../../../Engine/Content/Internationalization/icudt64l/lang/yo.res" 1691
"../../../Engine/Content/Internationalization/icudt64l/lang/yo_BJ.res" 1692
"../../../Engine/Content/Internationalization/icudt64l/region/yo_BJ.res" 1693
"../../../Engine/Content/Internationalization/icudt64l/region/yo.res" 1694
"../../../Engine/Content/Internationalization/icudt64l/lang/yue.res" 1695
"../../../Engine/Content/Internationalization/icudt64l/lang/yue_Hans.res" 1696
"../../../Engine/Content/Internationalization/icudt64l/lang/yue_CN.res" 1697
"../../../Engine/Content/Internationalization/icudt64l/lang/yue_Hans_CN.res" 1698
"../../../Engine/Content/Internationalization/icudt64l/region/yue_CN.res" 1699
"../../../Engine/Content/Internationalization/icudt64l/region/yue_Hans_CN.res" 1700
"../../../Engine/Content/Internationalization/icudt64l/region/yue_Hans.res" 1701
"../../../Engine/Content/Internationalization/icudt64l/lang/yue_Hant.res" 1702
"../../../Engine/Content/Internationalization/icudt64l/lang/yue_HK.res" 1703
"../../../Engine/Content/Internationalization/icudt64l/lang/yue_Hant_HK.res" 1704
"../../../Engine/Content/Internationalization/icudt64l/region/yue_HK.res" 1705
"../../../Engine/Content/Internationalization/icudt64l/region/yue_Hant_HK.res" 1706
"../../../Engine/Content/Internationalization/icudt64l/region/yue_Hant.res" 1707
"../../../Engine/Content/Internationalization/icudt64l/region/yue.res" 1708
"../../../Engine/Content/Internationalization/icudt64l/lang/zgh.res" 1709
"../../../Engine/Content/Internationalization/icudt64l/region/zgh.res" 1710
"../../../Engine/Content/Internationalization/icudt64l/lang/zh.res" 1711
"../../../Engine/Content/Internationalization/icudt64l/lang/zh_Hans.res" 1712
"../../../Engine/Content/Internationalization/icudt64l/lang/zh_CN.res" 1713
"../../../Engine/Content/Internationalization/icudt64l/lang/zh_Hans_CN.res" 1714
"../../../Engine/Content/Internationalization/icudt64l/region/zh_CN.res" 1715
"../../../Engine/Content/Internationalization/icudt64l/region/zh_Hans_CN.res" 1716
"../../../Engine/Content/Internationalization/icudt64l/region/zh_Hans.res" 1717
"../../../Engine/Content/Internationalization/icudt64l/region/zh.res" 1718
"../../../Engine/Content/Internationalization/icudt64l/lang/zh_HK.res" 1719
"../../../Engine/Content/Internationalization/icudt64l/lang/zh_Hant_HK.res" 1720
"../../../Engine/Content/Internationalization/icudt64l/lang/zh_Hant.res" 1721
"../../../Engine/Content/Internationalization/icudt64l/region/zh_HK.res" 1722
"../../../Engine/Content/Internationalization/icudt64l/region/zh_Hant_HK.res" 1723
"../../../Engine/Content/Internationalization/icudt64l/region/zh_Hant.res" 1724
"../../../Engine/Content/Internationalization/icudt64l/lang/zh_MO.res" 1725
"../../../Engine/Content/Internationalization/icudt64l/lang/zh_Hant_MO.res" 1726
"../../../Engine/Content/Internationalization/icudt64l/region/zh_MO.res" 1727
"../../../Engine/Content/Internationalization/icudt64l/region/zh_Hant_MO.res" 1728
"../../../Engine/Content/Internationalization/icudt64l/lang/zh_SG.res" 1729
"../../../Engine/Content/Internationalization/icudt64l/lang/zh_Hans_SG.res" 1730
"../../../Engine/Content/Internationalization/icudt64l/region/zh_SG.res" 1731
"../../../Engine/Content/Internationalization/icudt64l/region/zh_Hans_SG.res" 1732
"../../../Engine/Content/Internationalization/icudt64l/lang/zh_TW.res" 1733
"../../../Engine/Content/Internationalization/icudt64l/lang/zh_Hant_TW.res" 1734
"../../../Engine/Content/Internationalization/icudt64l/region/zh_TW.res" 1735
"../../../Engine/Content/Internationalization/icudt64l/region/zh_Hant_TW.res" 1736
"../../../Engine/Content/Internationalization/icudt64l/lang/zu.res" 1737
"../../../Engine/Content/Internationalization/icudt64l/region/zu.res" 1738
"../../../Engine/Content/Internationalization/icudt64l/lang/no.res" 1739
"../../../Engine/Content/Internationalization/icudt64l/lang/tl.res" 1740
"../../../Engine/Config/Android/DataDrivenPlatformInfo.ini" 1741
"../../../Engine/Config/IOS/DataDrivenPlatformInfo.ini" 1742
"../../../Engine/Config/Linux/DataDrivenPlatformInfo.ini" 1743
"../../../Engine/Config/LinuxArm64/DataDrivenPlatformInfo.ini" 1744
"../../../Engine/Config/Mac/DataDrivenPlatformInfo.ini" 1745
"../../../Engine/Config/TVOS/DataDrivenPlatformInfo.ini" 1746
"../../../Engine/Config/Unix/DataDrivenPlatformInfo.ini" 1747
"../../../Engine/Config/VulkanPC/DataDrivenPlatformInfo.ini" 1748
"../../../Engine/Config/Windows/DataDrivenPlatformInfo.ini" 1749
"../../../Engine/DerivedDataCache/Compressed.ddp" 1750
"C:/Users/nguye/AppData/Local/UnrealEngine/Common/DerivedDataCache/TestData/0/TestData_4kb.dat" 1751
"C:/Users/nguye/AppData/Local/UnrealEngine/Common/DerivedDataCache/TestData/1/TestData_4kb.dat" 1752
"C:/Users/nguye/AppData/Local/UnrealEngine/Common/DerivedDataCache/TestData/0/TestData_8kb.dat" 1753
"C:/Users/nguye/AppData/Local/UnrealEngine/Common/DerivedDataCache/TestData/1/TestData_8kb.dat" 1754
"C:/Users/nguye/AppData/Local/UnrealEngine/Common/DerivedDataCache/TestData/0/TestData_16kb.dat" 1755
"C:/Users/nguye/AppData/Local/UnrealEngine/Common/DerivedDataCache/TestData/1/TestData_16kb.dat" 1756
"C:/Users/nguye/AppData/Local/UnrealEngine/Common/DerivedDataCache/TestData/0/TestData_64kb.dat" 1757
"C:/Users/nguye/AppData/Local/UnrealEngine/Common/DerivedDataCache/TestData/1/TestData_64kb.dat" 1758
"C:/Users/nguye/AppData/Local/UnrealEngine/Common/DerivedDataCache/TestData/0/TestData_128kb.dat" 1759
"C:/Users/nguye/AppData/Local/UnrealEngine/Common/DerivedDataCache/TestData/1/TestData_128kb.dat" 1760
"C:/Users/nguye/AppData/Local/UnrealEngine/Common/DerivedDataCache/TestData/0/TestData_256kb.dat" 1761
"C:/Users/nguye/AppData/Local/UnrealEngine/Common/DerivedDataCache/TestData/1/TestData_256kb.dat" 1762
"../../../Engine/Plugins/FX/Niagara/Shaders/Private/NiagaraSpriteVertexFactory.ush" 1763
"../../../Engine/Shaders/Private/VertexFactoryCommon.ush" 1764
"../../../Engine/Shaders/Private/Common.ush" 1765
"../../../Engine/Shaders/Public/Platform.ush" 1766
"../../../Engine/Shaders/Public/FP16Math.ush" 1767
"../../../Engine/Shaders/Public/Platform/D3D/D3DCommon.ush" 1768
"../../../Engine/Shaders/Public/BindlessResources.ush" 1769
"../../../Engine/Shaders/Public/OverloadMacros.ush" 1770
"../../../Engine/Shaders/Public/ShaderVersion.ush" 1771
"../../../Engine/Shaders/Private/PackUnpack.ush" 1772
"../../../Engine/Shaders/Private/GeneratedUniformBufferTypes.ush" 1773
"../../../Engine/Shaders/Private/Nanite/NanitePackedNaniteView.ush" 1774
"../../../Engine/Shaders/Private/HairStrands/HairStrandsVisibilityCommonStruct.ush" 1775
"../../../Engine/Shaders/Private/HairStrands/HairStrandsVoxelPageCommonStruct.ush" 1776
"../../../Engine/Shaders/Private/HairStrands/HairStrandsDeepShadowCommonStruct.ush" 1777
"../../../Engine/Shaders/Shared/LightSceneData.h" 1778
"../../../Engine/Shaders/Shared/HLSLTypeAliases.h" 1779
"../../../Engine/Shaders/Private/LargeWorldCoordinates.ush" 1780
"../../../Engine/Shaders/Private/LWCOperations.ush" 1781
"../../../Engine/Shaders/Private/CommonViewUniformBuffer.ush" 1782
"../../../Engine/Shaders/Private/InstancedStereo.ush" 1783
"../../../Engine/Shaders/Private/Definitions.usf" 1784
"../../../Engine/Shaders/Private/AssertionMacros.ush" 1785
"../../../Engine/Shaders/Private/FastMath.ush" 1786
"../../../Engine/Shaders/Private/FastMathThirdParty.ush" 1787
"../../../Engine/Shaders/Private/Random.ush" 1788
"../../../Engine/Shaders/Private/SceneData.ush" 1789
"../../../Engine/Shaders/Private/OctahedralCommon.ush" 1790
"../../../Engine/Shaders/Shared/SceneDefinitions.h" 1791
"../../../Engine/Shaders/Private/ParticleVertexFactoryCommon.ush" 1792
"../../../Engine/Plugins/FX/Niagara/Shaders/Private/NiagaraVFCommon.usf" 1793
"../../../Engine/Plugins/FX/Niagara/Shaders/Private/NiagaraVFParticleAccess.usf" 1794
"../../../Engine/Plugins/FX/Niagara/Shaders/Private/NiagaraParticleAccess.ush" 1795
"../../../Engine/Shaders/Private/VertexFactoryDefaultInterface.ush" 1796
"../../../Engine/Plugins/FX/Niagara/Shaders/Private/NiagaraRibbonVertexFactory.ush" 1797
"../../../Engine/Plugins/FX/Niagara/Shaders/Private/NiagaraMeshVertexFactory.ush" 1798
"../../../Engine/Plugins/FX/Niagara/Shaders/Private/NiagaraCommon.ush" 1799
"../../../Engine/Plugins/FX/Niagara/Shaders/Private/NiagaraMeshParticleUtils.ush" 1800
"../../../Engine/Shaders/Private/RayTracing/RayTracingCommon.ush" 1801
"../../../Engine/Shaders/Private/ShadingCommon.ush" 1802
"../../../Engine/Shaders/Shared/RayTracingDefinitions.h" 1803
"../../../Engine/Shaders/Shared/RayTracingPayloadType.h" 1804
"../../../Engine/Shaders/Shared/HLSLStaticAssert.h" 1805
"../../../Engine/Shaders/Private/RayTracing/RayTracingRayCone.ush" 1806
"../../../Engine/Shaders/Private/Strata/Strata.ush" 1807
"../../../Engine/Shaders/Private/ShadingEnergyConservation.ush" 1808
"../../../Engine/Shaders/Private/ShadingEnergyConservationTemplate.ush" 1809
"../../../Engine/Shaders/Private/BRDF.ush" 1810
"../../../Engine/Shaders/Private/ColorSpace.ush" 1811
"../../../Engine/Shaders/Private/DeferredShadingCommon.ush" 1812
"../../../Engine/Shaders/Private/LightAccumulator.ush" 1813
"../../../Engine/Shaders/Private/SceneTexturesCommon.ush" 1814
"../../../Engine/Shaders/Private/MonteCarlo.ush" 1815
"../../../Engine/Shaders/Private/GBufferHelpers.ush" 1816
"../../../Engine/Shaders/Private/SceneTextureParameters.ush" 1817
"C:/Users/nguye/UnrealProject/DOTD/Intermediate/ShaderAutogen/PCD3D_SM5/AutogenShaderHeaders.ush" 1818
"../../../Engine/Shaders/Private/ParticipatingMediaCommon.ush" 1819
"../../../Engine/Shaders/Private/ThinFilmBSDF.ush" 1820
"../../../Engine/Shaders/Private/MortonCode.ush" 1821
"../../../Engine/Shaders/Private/SubsurfaceProfileCommon.ush" 1822
"../../../Engine/Shaders/Private/BurleyNormalizedSSSCommon.ush" 1823
"../../../Engine/Shaders/Private/GammaCorrectionCommon.ush" 1824
"../../../Engine/Shaders/Shared/StrataDefinitions.h" 1825
"../../../Engine/Shaders/Private/Strata/StrataStatisticalOperators.ush" 1826
"../../../Engine/Shaders/Private/Strata/StrataSubsurface.ush" 1827
"../../../Engine/Shaders/Private/TransmissionCommon.ush" 1828
"../../../Engine/Shaders/Private/RayTracing/RayTracingCommonMetal.ush" 1829
"../../../Engine/Shaders/Private/PositionReconstructionCommon.ush" 1830
"../../../Engine/Shaders/Private/RayTracing/TraceRayInline.ush" 1831
"../../../Engine/Shaders/Private/RayTracing/TraceRayInlineCommon.ush" 1832
"../../../Engine/Shaders/Private/RayTracing/TraceRayInlineVulkan.ush" 1833
"../../../Engine/Shaders/Private/RayTracing/TraceRayInlineMetal.ush" 1834
"../../../Engine/Shaders/Private/RayTracing/RayTracingHitGroupCommon.ush" 1835
"../../../Engine/Shaders/Shared/RayTracingBuiltInResources.h" 1836
"../../../Engine/Shaders/Private/Nanite/NaniteDataDecode.ush" 1837
"../../../Engine/Shaders/Private/BitPacking.ush" 1838
"../../../Engine/Shaders/Private/BitStreamReaderImplementation.ush" 1839
"../../../Engine/Shaders/Shared/NaniteDefinitions.h" 1840
"../../../Engine/Shaders/Private/Nanite/NaniteAttributeDecode.ush" 1841
"../../../Engine/Shaders/Private/VectorFieldVisualizationVertexFactory.ush" 1842
"../../../Engine/Shaders/Private/Nanite/NaniteVertexFactory.ush" 1843
"../../../Engine/Shaders/Private/LightmapData.ush" 1844
"../../../Engine/Shaders/Private/SplineMeshCommon.ush" 1845
"../../../Engine/Shaders/Shared/SplineMeshShaderParams.h" 1846
"../../../Engine/Shaders/Private/Quaternion.ush" 1847
"../../../Engine/Shaders/Private/ShaderPrint.ush" 1848
"../../../Engine/Shaders/Private/ShaderPrintCommon.ush" 1849
"../../../Engine/Shaders/Private/MiniFontCommon.ush" 1850
"../../../Engine/Shaders/Private/ParticleSpriteVertexFactory.ush" 1851
"../../../Engine/Shaders/Private/ParticleGPUSpriteVertexFactory.ush" 1852
"../../../Engine/Shaders/Private/ParticleBeamTrailVertexFactory.ush" 1853
"../../../Engine/Shaders/Private/MeshParticleVertexFactory.ush" 1854
"../../../Engine/Shaders/Private/LocalVertexFactory.ush" 1855
"../../../Engine/Shaders/Private/LocalVertexFactoryCommon.ush" 1856
"../../../Engine/Shaders/Private/GpuSkinCommon.ush" 1857
"../../../Engine/Shaders/Private/GpuSkinVertexFactory.ush" 1858
"../../../Engine/Shaders/Private/GeometryCollectionVertexFactory.ush" 1859
"../../../Engine/Shaders/Private/GeometryCacheVertexFactory.ush" 1860
"../../../Engine/Shaders/Private/LandscapeVertexFactory.ush" 1861
"../../../Engine/Plugins/FX/Niagara/Shaders/Private/NiagaraSVTToDenseBuffer.usf" 1862
"../../../Engine/Shaders/Private/SparseVolumeTexture/SparseVolumeTextureCommon.ush" 1863
"../../../Engine/Plugins/FX/Niagara/Shaders/Private/NiagaraFillIntBuffer.usf" 1864
"../../../Engine/Plugins/FX/Niagara/Shaders/Private/NiagaraComputeFreeIDs.usf" 1865
"../../../Engine/Plugins/FX/Niagara/Shaders/Private/NiagaraInitFreeIDBuffer.usf" 1866
"../../../Engine/Plugins/FX/Niagara/Shaders/Private/NiagaraEmitterInstanceShader.usf" 1867
"../../../Engine/Plugins/FX/Niagara/Shaders/Private/NiagaraShaderVersion.ush" 1868
"../../../Engine/Shaders/Private/DistanceField/GlobalDistanceFieldShared.ush" 1869
"../../../Engine/Plugins/FX/Niagara/Shaders/Private/NiagaraPhysicsCommon.ush" 1870
"../../../Engine/Plugins/FX/Niagara/Shaders/Private/Ribbons/NiagaraRibbonGenerateIndices.usf" 1871
"../../../Engine/Plugins/FX/Niagara/Shaders/Private/Ribbons/NiagaraRibbonCommon.ush" 1872
"../../../Engine/Plugins/FX/Niagara/Shaders/Private/Ribbons/NiagaraRibbonInitializeIndices.usf" 1873
"../../../Engine/Plugins/FX/Niagara/Shaders/Private/Ribbons/NiagaraRibbonRibbonUVParamCalculation.usf" 1874
"../../../Engine/Plugins/FX/Niagara/Shaders/Private/Ribbons/NiagaraRibbonVertexReductionFinalization.usf" 1875
"../../../Engine/Plugins/FX/Niagara/Shaders/Private/Ribbons/NiagaraRibbonVertexReductionPropagation.usf" 1876
"../../../Engine/Plugins/FX/Niagara/Shaders/Private/Ribbons/NiagaraRibbonVertexReductionInitialization.usf" 1877
"../../../Engine/Plugins/FX/Niagara/Shaders/Private/Ribbons/NiagaraRibbonSortParticles.usf" 1878
"../../../Engine/Plugins/FX/Niagara/Shaders/Private/NiagaraUpdateMeshGPUSceneInstances.usf" 1879
"../../../Engine/Shaders/Private/ComputeShaderUtils.ush" 1880
"../../../Engine/Shaders/Private/GPUScene/GPUSceneWriter.ush" 1881
"../../../Engine/Plugins/FX/Niagara/Shaders/Private/NiagaraGenerateMips.usf" 1882
"../../../Engine/Plugins/FX/Niagara/Shaders/Private/NiagaraDebugDraw.usf" 1883
"../../../Engine/Plugins/FX/Niagara/Shaders/Private/NiagaraDebugDraw.ush" 1884
"../../../Engine/Plugins/FX/Niagara/Shaders/Private/NiagaraVisualizeTexture.usf" 1885
"../../../Engine/Plugins/FX/Niagara/Shaders/Private/NiagaraClearCounts.usf" 1886
"../../../Engine/Plugins/FX/Niagara/Shaders/Private/NiagaraBatchedElements.usf" 1887
"../../../Engine/Plugins/FX/Niagara/Shaders/Private/NiagaraRayTracingShaders.usf" 1888
"../../../Engine/Plugins/FX/Niagara/Shaders/Private/NiagaraAsyncGpuTraceCommon.ush" 1889
"../../../Engine/Shaders/Private/HashTable.ush" 1890
"../../../Engine/Shaders/Private/Hash.ush" 1891
"../../../Engine/Shaders/Private/RayTracing/VFXTraceRay.ush" 1892
"../../../Engine/Plugins/FX/Niagara/Shaders/Private/NiagaraRayMarchingShaders.usf" 1893
"../../../Engine/Plugins/FX/Niagara/Shaders/Private/NiagaraRayTraceCollisionGroupShaders.usf" 1894
"../../../Engine/Plugins/FX/Niagara/Shaders/Private/NiagaraAsyncGpuTraceUtils.usf" 1895
"../../../Engine/Plugins/FX/Niagara/Shaders/Private/NiagaraSortKeyGen.usf" 1896
"../../../Engine/Plugins/FX/Niagara/Shaders/Private/NiagaraGPURayTracingTransforms.usf" 1897
"../../../Engine/Plugins/FX/Niagara/Shaders/Private/NiagaraDrawIndirectArgsGen.usf" 1898
"../../../Engine/Plugins/FX/Niagara/Shaders/Private/NiagaraDispatchIndirectArgsGen.usf" 1899
"../../../Engine/Plugins/Media/WmfMedia/Shaders/Private/MediaHardwareVideoDecoding.usf" 1900
"../../../Engine/Shaders/Private/ColorUtils.ush" 1901
"../../../Engine/Plugins/Media/ImgMedia/Shaders/Private/ExrSwizzler.usf" 1902
"../../../Engine/Plugins/Enterprise/GLTFExporter/Shaders/Private/SimpleTexture2DPS.usf" 1903
"../../../Engine/Shaders/Private/SimpleElementNormalMapPixelShader.usf" 1904
"../../../Engine/Shaders/Private/SlateElementPixelShader.usf" 1905
"../../../Engine/Shaders/Private/SlateShaderCommon.ush" 1906
"../../../Engine/Shaders/Private/MaterialTemplate.ush" 1907
"../../../Engine/Shaders/Private/EyeAdaptationCommon.ush" 1908
"../../../Engine/Shaders/Private/SobolRandom.ush" 1909
"../../../Engine/Shaders/Private/DepthOfFieldCommon.ush" 1910
"../../../Engine/Shaders/Private/CircleDOFCommon.ush" 1911
"../../../Engine/Shaders/Private/PhysicsFieldSampler.ush" 1912
"../../../Engine/Shaders/Private/PhysicsFieldShared.ush" 1913
"../../../Engine/Shaders/Private/HairShadingCommon.ush" 1914
"../../../Engine/Shaders/Private/HairStrands/HairCardsAttributeCommon.ush" 1915
"../../../Engine/Shaders/Private/HairStrands/HairStrandsVertexFactoryCommon.ush" 1916
"../../../Engine/Shaders/Shared/HairStrandsDefinitions.h" 1917
"../../../Engine/Shaders/Private/HairStrands/HairStrandsPack.ush" 1918
"../../../Engine/Shaders/Private/HairStrands/HairStrandsAttributeCommon.ush" 1919
"../../../Engine/Shaders/Private/HairStrands/HairStrandsAttributeTemplate.ush" 1920
"../../../Engine/Shaders/Private/SpeedTreeCommon.ush" 1921
"../../../Engine/Shaders/Private/VirtualTextureCommon.ush" 1922
"../../../Engine/Shaders/Private/MaterialTexture.ush" 1923
"../../../Engine/Shaders/Private/MinMaterialTexCoords.ush" 1924
"../../../Engine/Shaders/Private/SkyAtmosphereCommon.ush" 1925
"../../../Engine/Shaders/Private/SingleLayerWaterCommon.ush" 1926
"../../../Engine/Shaders/Private/TextureSampling.ush" 1927
"../../../Engine/Shaders/Private/PaniniProjection.ush" 1928
"../../../Engine/Shaders/Private/DBufferNormalReprojection.ush" 1929
"../../../Engine/Shaders/Private/Strata/StrataTree.ush" 1930
"../../../Engine/Shaders/Private/Strata/StrataEvaluation.ush" 1931
"../../../Engine/Shaders/Private/Strata/Glint/GlintThirdParty.ush" 1932
"../../../Engine/Shaders/Private/BlueNoise.ush" 1933
"../../../Engine/Shaders/Private/SHCommon.ush" 1934
"../../../Engine/Shaders/Private/ShadingModels.ush" 1935
"../../../Engine/Shaders/Private/CapsuleLight.ush" 1936
"../../../Engine/Shaders/Private/RectLight.ush" 1937
"../../../Engine/Shaders/Private/LightData.ush" 1938
"../../../Engine/Shaders/Private/AreaLightCommon.ush" 1939
"../../../Engine/Shaders/Private/HairBsdf.ush" 1940
"../../../Engine/Shaders/Private/MobileGGX.ush" 1941
"../../../Engine/Shaders/Private/ShadingModelsSampling.ush" 1942
"../../../Engine/Shaders/Private/HairStrands/HairBsdfSample.ush" 1943
"../../../Engine/Shaders/Private/HairStrands/HairStrandsCommon.ush" 1944
"../../../Engine/Shaders/Private/HairStrands/HairStrandsDeepTransmittanceCommon.ush" 1945
"../../../Engine/Shaders/Private/HairStrands/HairStrandsDeepTransmittanceDualScattering.ush" 1946
"../../../Engine/Shaders/Private/HairStrands/HairStrandsEnvironmentLightingCommon.ush" 1947
"../../../Engine/Shaders/Private/Strata/StrataLegacyConversion.ush" 1948
"../../../Engine/Shaders/Private/DBufferDecalShared.ush" 1949
"../../../Engine/Shaders/Private/CompositeUIPixelShader.usf" 1950
"../../../Engine/Shaders/Private/TonemapCommon.ush" 1951
"../../../Engine/Shaders/Private/ACES.ush" 1952
"../../../Engine/Shaders/Private/ColorDeficiency.ush" 1953
"../../../Engine/Shaders/Private/SlateMaskingShader.usf" 1954
"../../../Engine/Shaders/Private/SlatePostProcessColorDeficiencyPixelShader.usf" 1955
"../../../Engine/Shaders/Private/SlatePostProcessPixelShader.usf" 1956
"../../../Engine/Shaders/Private/SlateVertexShader.usf" 1957
"../../../Engine/Shaders/Private/TranslucentLightingShaders.usf" 1958
"../../../Engine/Shaders/Private/ShadowProjectionCommon.ush" 1959
"../../../Engine/Shaders/Private/CubemapCommon.ush" 1960
"../../../Engine/Shaders/Private/VectorFieldCompositeShaders.usf" 1961
"../../../Engine/Shaders/Private/UpdateTextureShaders.usf" 1962
"../../../Engine/Shaders/Private/StereoLayerShader.usf" 1963
"../../../Engine/Shaders/Private/SparseVolumeTexture/UpdateSparseVolumeTexture.usf" 1964
"../../../Engine/Shaders/Private/MorphTargets.usf" 1965
"../../../Engine/Shaders/Private/SimpleElementColorChannelMaskPixelShader.usf" 1966
"../../../Engine/Shaders/Private/SimpleElementHitProxyPixelShader.usf" 1967
"../../../Engine/Shaders/Private/SimpleElementPixelShader.usf" 1968
"../../../Engine/Shaders/Private/IESLightProfilesCommon.ush" 1969
"../../../Engine/Shaders/Private/SimpleElementVertexShader.usf" 1970
"../../../Engine/Shaders/Private/ScreenPixelShaderOES.usf" 1971
"../../../Engine/Shaders/Private/ScreenVertexShader.usf" 1972
"../../../Engine/Shaders/Private/ScreenPixelShader.usf" 1973
"../../../Engine/Shaders/Private/SSProfilePreIntegratedMobile.usf" 1974
"../../../Engine/Shaders/Private/SpecularProfile.usf" 1975
"../../../Engine/Shaders/Private/Nanite/NaniteStreaming.usf" 1976
"../../../Engine/Shaders/Private/Nanite/NaniteStreaming.ush" 1977
"../../../Engine/Shaders/Private/WaveOpUtil.ush" 1978
"../../../Engine/Shaders/Private/Nanite/NaniteTranscode.usf" 1979
"../../../Engine/Shaders/Private/VolumetricLightmapStreaming.usf" 1980
"../../../Engine/Shaders/Private/PhysicsFieldReset.usf" 1981
"../../../Engine/Shaders/Private/PhysicsFieldBuilder.usf" 1982
"../../../Engine/Shaders/Private/PhysicsFieldEval.ush" 1983
"../../../Engine/Shaders/Private/ParticleSortKeyGen.usf" 1984
"../../../Engine/Shaders/Private/ParticleBoundsShader.usf" 1985
"../../../Engine/Shaders/Private/ParticleSimVisualizeShader.usf" 1986
"../../../Engine/Shaders/Private/ParticleInjectionShader.usf" 1987
"../../../Engine/Shaders/Private/ParticleSimulationShader.usf" 1988
"../../../Engine/Shaders/Private/ParticleCurveInjectionShader.usf" 1989
"../../../Engine/Shaders/Private/CopyUIntBuffer.usf" 1990
"../../../Engine/Shaders/Private/RadixSortShaders.usf" 1991
"../../../Engine/Shaders/Private/RecomputeTangentsPerVertexPass.usf" 1992
"../../../Engine/Shaders/Private/RecomputeTangentsCommon.ush" 1993
"../../../Engine/Shaders/Private/RecomputeTangentsPerTrianglePass.usf" 1994
"../../../Engine/Shaders/Private/GpuSkinCacheComputeShader.usf" 1995
"../../../Engine/Shaders/Private/HeightFieldAtlasManagement.usf" 1996
"../../../Engine/Shaders/Private/LandscapePhysicalMaterial.usf" 1997
"../../../Engine/Shaders/Private/LandscapeGrassWeight.usf" 1998
"../../../Engine/Shaders/Private/Landscape/LandscapeLayersWeightmapsPS.usf" 1999
"../../../Engine/Shaders/Private/Landscape/LandscapeLayersHeightmapsPS.usf" 2000
"../../../Engine/Shaders/Private/Landscape/LandscapeCommon.ush" 2001
"../../../Engine/Shaders/Private/LandscapeLayersCS.usf" 2002
"../../../Engine/Shaders/Private/LandscapeLayersPS.usf" 2003
"../../../Engine/Shaders/Private/LandscapeLayersVS.usf" 2004
"../../../Engine/Shaders/Private/Landscape/LandscapeCulling.usf" 2005
"../../../Engine/Shaders/Private/Nanite/NaniteHZBCull.ush" 2006
"../../../Engine/Shaders/Private/Landscape/LandscapeMergeHeightmapsPS.usf" 2007
"../../../Engine/Shaders/Private/WideCustomResolveShaders.usf" 2008
"../../../Engine/Shaders/Private/WideCustomResolve_Wide.ush" 2009
"../../../Engine/Shaders/Private/WideCustomResolve_Wider.ush" 2010
"../../../Engine/Shaders/Private/WideCustomResolve_Widest.ush" 2011
"../../../Engine/Shaders/Private/PageTableUpdate.usf" 2012
"../../../Engine/Shaders/Private/VirtualTextureCompress.usf" 2013
"../../../Engine/Shaders/Private/BlockCompressionCommon.ush" 2014
"../../../Engine/Shaders/Private/BCCompressionCommon.ush" 2015
"../../../Engine/Shaders/Private/ETCCompressionCommon.ush" 2016
"../../../Engine/Shaders/Private/VirtualTextureMaterial.usf" 2017
"../../../Engine/Shaders/Private/PixelShaderOutputCommon.ush" 2018
"../../../Engine/Shaders/Private/ShaderOutputCommon.ush" 2019
"../../../Engine/Shaders/Private/VolumetricRenderTarget.usf" 2020
"../../../Engine/Shaders/Private/VolumetricFogVoxelization.usf" 2021
"../../../Engine/Shaders/Private/VolumetricCloudMaterialPixelCommon.ush" 2022
"../../../Engine/Shaders/Private/VolumetricFogLightFunction.usf" 2023
"../../../Engine/Shaders/Private/LightFunctionCommon.ush" 2024
"../../../Engine/Shaders/Private/VolumetricFog.usf" 2025
"../../../Engine/Shaders/Private/DeferredLightingCommon.ush" 2026
"../../../Engine/Shaders/Private/DynamicLightingCommon.ush" 2027
"../../../Engine/Shaders/Private/CapsuleLightIntegrate.ush" 2028
"../../../Engine/Shaders/Private/CapsuleLightSampling.ush" 2029
"../../../Engine/Shaders/Private/RectLightIntegrate.ush" 2030
"../../../Engine/Shaders/Private/LightGridCommon.ush" 2031
"../../../Engine/Shaders/Private/HeightFogCommon.ush" 2032
"../../../Engine/Shaders/Private/DistanceFieldAOShared.ush" 2033
"../../../Engine/Shaders/Private/VolumeLightingCommon.ush" 2034
"../../../Engine/Shaders/Private/ShadowFilteringCommon.ush" 2035
"../../../Engine/Shaders/Private/PixelQuadMessagePassing.ush" 2036
"../../../Engine/Shaders/Private/VolumeLightingCommonSampling.ush" 2037
"../../../Engine/Shaders/Private/VolumetricLightmapShared.ush" 2038
"../../../Engine/Shaders/Private/ForwardShadowingCommon.ush" 2039
"../../../Engine/Shaders/Private/LightDataUniforms.ush" 2040
"../../../Engine/Shaders/Private/Lumen/LumenTranslucencyVolumeShared.ush" 2041
"../../../Engine/Shaders/Private/Lumen/LumenRadianceCacheInterpolation.ush" 2042
"../../../Engine/Shaders/Private/VirtualShadowMaps/VirtualShadowMapProjectionCommon.ush" 2043
"../../../Engine/Shaders/Private/VirtualShadowMaps/VirtualShadowMapPageAccessCommon.ush" 2044
"../../../Engine/Shaders/Shared/VirtualShadowMapDefinitions.h" 2045
"../../../Engine/Shaders/Private/VirtualShadowMaps/VirtualShadowMapProjectionStructs.ush" 2046
"../../../Engine/Shaders/Private/VolumetricCloudCommon.ush" 2047
"../../../Engine/Shaders/Private/VolumetricCloud.usf" 2048
"../../../Engine/Shaders/Private/ColorMap.ush" 2049
"../../../Engine/Shaders/Private/ReflectionEnvironmentShared.ush" 2050
"../../../Engine/Shaders/Private/VisualizeVolumetricLightmap.usf" 2051
"../../../Engine/Shaders/Private/VirtualShadowMaps/VirtualShadowMapProjectionComposite.usf" 2052
"../../../Engine/Shaders/Private/LightShaderParameters.ush" 2053
"../../../Engine/Shaders/Private/VirtualShadowMaps/VirtualShadowMapMaskBitsCommon.ush" 2054
"../../../Engine/Shaders/Private/VirtualShadowMaps/VirtualShadowMapProjection.usf" 2055
"../../../Engine/Shaders/Private/HairStrands/HairStrandsVisibilityCommon.ush" 2056
"../../../Engine/Shaders/Private/Visualization.ush" 2057
"../../../Engine/Shaders/Private/VirtualShadowMaps/VirtualShadowMapProjectionFilter.ush" 2058
"../../../Engine/Shaders/Private/VirtualShadowMaps/VirtualShadowMapProjectionDirectional.ush" 2059
"../../../Engine/Shaders/Private/PathTracing/Utilities/PathTracingRandomSequence.ush" 2060
"../../../Engine/Shaders/Private/VirtualShadowMaps/VirtualShadowMapSMRTCommon.ush" 2061
"../../../Engine/Shaders/Private/VirtualShadowMaps/VirtualShadowMapSMRTTemplate.ush" 2062
"../../../Engine/Shaders/Private/VirtualShadowMaps/VirtualShadowMapProjectionSpot.ush" 2063
"../../../Engine/Shaders/Private/VirtualShadowMaps/VirtualShadowMapTransmissionCommon.ush" 2064
"../../../Engine/Shaders/Private/HairStrands/HairStrandsVoxelPageCommon.ush" 2065
"../../../Engine/Shaders/Private/HairStrands/HairStrandsVoxelPageTraversal.ush" 2066
"../../../Engine/Shaders/Private/VirtualShadowMaps/VirtualShadowMapCacheManagement.usf" 2067
"../../../Engine/Shaders/Private/VirtualShadowMaps/VirtualShadowMapPageOverlap.ush" 2068
"../../../Engine/Shaders/Private/VirtualShadowMaps/VirtualShadowMapStaticCaching.ush" 2069
"../../../Engine/Shaders/Private/VirtualShadowMaps/VirtualShadowMapPageCacheCommon.ush" 2070
"../../../Engine/Shaders/Private/ScreenSpaceDenoise/SSDDefinitions.ush" 2071
"../../../Engine/Shaders/Private/InstanceCulling/InstanceCullingLoadBalancer.ush" 2072
"../../../Engine/Shaders/Private/VirtualShadowMaps/VirtualShadowMapCopyStats.usf" 2073
"../../../Engine/Shaders/Private/VirtualShadowMaps/VirtualShadowMapPhysicalPageManagement.usf" 2074
"../../../Engine/Shaders/Private/ReductionCommon.ush" 2075
"../../../Engine/Shaders/Private/GPUMessaging.ush" 2076
"../../../Engine/Shaders/Private/VirtualShadowMaps/VirtualShadowMapStats.ush" 2077
"../../../Engine/Shaders/Private/ThreadGroupPrefixSum.ush" 2078
"../../../Engine/Shaders/Private/VirtualShadowMaps/VirtualShadowMapBuildPerPageDrawCommands.usf" 2079
"../../../Engine/Shaders/Private/Nanite/NaniteCullingCommon.ush" 2080
"../../../Engine/Shaders/Private/Nanite/NaniteCulling.ush" 2081
"../../../Engine/Shaders/Private/Nanite/NaniteHierarchyTraversalCommon.ush" 2082
"../../../Engine/Shaders/Private/InstanceCulling/InstanceCullingCommon.ush" 2083
"../../../Engine/Shaders/Private/VirtualShadowMaps/VirtualShadowMapPrintStats.usf" 2084
"../../../Engine/Shaders/Private/VirtualShadowMaps/VirtualShadowMapDebug.usf" 2085
"../../../Engine/Shaders/Private/VirtualShadowMaps/VirtualShadowMapPageManagement.usf" 2086
"../../../Engine/Shaders/Private/VirtualShadowMaps/VirtualShadowMapPageMarking.usf" 2087
"../../../Engine/Shaders/Shared/SingleLayerWaterDefinitions.h" 2088
"../../../Engine/Shaders/Private/HairStrands/HairStrandsTileCommon.ush" 2089
"../../../Engine/Shaders/Private/VariableRateShading/VRSShadingRatePreview.usf" 2090
"../../../Engine/Shaders/Private/VariableRateShading/VRSShadingRateCommon.ush" 2091
"../../../Engine/Shaders/Private/VariableRateShading/VRSShadingRateCombine.usf" 2092
"../../../Engine/Shaders/Private/VariableRateShading/VRSShadingRateFoveated.usf" 2093
"../../../Engine/Shaders/Private/VariableRateShading/VRSShadingRateReproject.usf" 2094
"../../../Engine/Shaders/Private/VariableRateShading/VRSShadingRateCalculate.usf" 2095
"../../../Engine/Shaders/Private/TranslucencyUpsampling.usf" 2096
"../../../Engine/Shaders/Private/ScreenPass.ush" 2097
"../../../Engine/Shaders/Private/ComposeSeparateTranslucency.usf" 2098
"../../../Engine/Shaders/Private/SeparateTranslucency.ush" 2099
"../../../Engine/Shaders/Private/TranslucentLightInjectionShaders.usf" 2100
"../../../Engine/Shaders/Private/TranslucentShadowDepthShaders.usf" 2101
"../../../Engine/Shaders/Private/ShadowDepthCommon.ush" 2102
"../../../Engine/Shaders/Private/RayTracing/RayTracingTest.usf" 2103
"../../../Engine/Shaders/Private/PostProcessSubsurfaceTile.usf" 2104
"../../../Engine/Shaders/Private/Strata/StrataVisualize.usf" 2105
"../../../Engine/Shaders/Private/Strata/StrataTile.ush" 2106
"../../../Engine/Shaders/Private/SkyLightingDiffuseShared.ush" 2107
"../../../Engine/Shaders/Private/SkyLightingShared.ush" 2108
"../../../Engine/Shaders/Private/ClearCoatCommon.ush" 2109
"../../../Engine/Shaders/Private/ReflectionEnvironmentComposite.ush" 2110
"../../../Engine/Shaders/Private/Strata/StrataLightingCommon.ush" 2111
"../../../Engine/Shaders/Private/Strata/StrataRoughRefraction.usf" 2112
"../../../Engine/Shaders/Private/PathTracing/Material/PathTracingFresnel.ush" 2113
"../../../Engine/Shaders/Private/PathTracing/Material/PathTracingGlossy.ush" 2114
"../../../Engine/Shaders/Private/Strata/StrataTile.usf" 2115
"../../../Engine/Shaders/Private/Strata/StrataMaterialClassification.usf" 2116
"../../../Engine/Shaders/Private/Strata/StrataDBuffer.usf" 2117
"../../../Engine/Shaders/Private/SparseVolumeTexture/VisualizeSparseVolumeTexture.usf" 2118
"../../../Engine/Shaders/Private/SkyAtmosphere.usf" 2119
"../../../Engine/Shaders/Private/CopyDepthTexture.usf" 2120
"../../../Engine/Shaders/Private/SingleLayerWaterComposite.usf" 2121
"../../../Engine/Shaders/Private/ShadowProjectionVertexShader.usf" 2122
"../../../Engine/Shaders/Private/ShadowProjectionPixelShader.usf" 2123
"../../../Engine/Shaders/Private/ShadowPercentageCloserFiltering.ush" 2124
"../../../Engine/Shaders/Private/TransmissionThickness.ush" 2125
"../../../Engine/Shaders/Private/CopyShadowMaps.usf" 2126
"../../../Engine/Shaders/Private/ShadowDepthPixelShader.usf" 2127
"../../../Engine/Shaders/Private/ShadowDepthVertexShader.usf" 2128
"../../../Engine/Shaders/Private/ShadingEnergyConservationTable.usf" 2129
"../../../Engine/Shaders/Shared/PathTracingDefinitions.h" 2130
"../../../Engine/Shaders/Private/ShadingFurnaceTest.usf" 2131
"../../../Engine/Shaders/Private/Strata/StrataDeferredLighting.ush" 2132
"../../../Engine/Shaders/Private/ShaderPrintDraw.usf" 2133
"../../../Engine/Shaders/Private/ShaderPrintDrawPrimitive.usf" 2134
"../../../Engine/Shaders/Private/SSRT/SSRTDiffuseIndirect.usf" 2135
"../../../Engine/Shaders/Private/SSRT/SSRTRayCast.ush" 2136
"../../../Engine/Shaders/Private/SSRT/SSRTTileClassificationBuffer.ush" 2137
"../../../Engine/Shaders/Private/SSRT/SSRTReflections.usf" 2138
"../../../Engine/Shaders/Private/ScreenSpaceDenoise/SSDPublic.ush" 2139
"../../../Engine/Shaders/Private/SSRT/SSRTTileClassification.usf" 2140
"../../../Engine/Shaders/Private/SSRT/SSRTPrevFrameReduction.usf" 2141
"../../../Engine/Shaders/Private/ScreenSpaceDenoise/SSDComposeHarmonics.usf" 2142
"../../../Engine/Shaders/Private/ScreenSpaceDenoise/SSDPublicHarmonics.ush" 2143
"../../../Engine/Shaders/Private/ScreenSpaceDenoise/SSDSignalFramework.ush" 2144
"../../../Engine/Shaders/Private/ScreenSpaceDenoise/SSDCommon.ush" 2145
"../../../Engine/Shaders/Private/SphericalGaussian.ush" 2146
"../../../Engine/Shaders/Public/WaveBroadcastIntrinsics.ush" 2147
"../../../Engine/Shaders/Private/ScreenSpaceDenoise/SSDMetadata.ush" 2148
"../../../Engine/Shaders/Private/ScreenSpaceDenoise/SSDSignalCore.ush" 2149
"../../../Engine/Shaders/Private/ScreenSpaceDenoise/DenoisingCommon.ush" 2150
"../../../Engine/Shaders/Private/ScreenSpaceDenoise/SSDSignalArray.ush" 2151
"../../../Engine/Shaders/Private/ScreenSpaceDenoise/SSDSignalBufferEncoding.ush" 2152
"../../../Engine/Shaders/Private/ScreenSpaceDenoise/SSDPublicBufferEncoding.ush" 2153
"../../../Engine/Shaders/Private/Lumen/LumenBufferEncoding.ush" 2154
"../../../Engine/Shaders/Private/ScreenSpaceDenoise/SSDTemporalAccumulation.usf" 2155
"../../../Engine/Shaders/Private/ScreenSpaceDenoise/SSDSpatialKernel.ush" 2156
"../../../Engine/Shaders/Private/ScreenSpaceDenoise/SSDSignalAccumulatorArray.ush" 2157
"../../../Engine/Shaders/Private/ScreenSpaceDenoise/SSDSignalAccumulator.ush" 2158
"../../../Engine/Shaders/Private/ScreenSpaceDenoise/SSDSignalCompression.ush" 2159
"../../../Engine/Shaders/Private/ScreenSpaceDenoise/SSDSpatialAccumulation.usf" 2160
"../../../Engine/Shaders/Private/ScreenSpaceDenoise/SSDInjest.usf" 2161
"../../../Engine/Shaders/Private/ScreenSpaceDenoise/SSDCompressMetadata.usf" 2162
"../../../Engine/Shaders/Private/DownsampleDepthPixelShader.usf" 2163
"../../../Engine/Shaders/Private/ScreenPass.usf" 2164
"../../../Engine/Shaders/Private/HZB.usf" 2165
"../../../Engine/Shaders/Private/OcclusionFeedbackShaders.usf" 2166
"../../../Engine/Shaders/Private/HZBOcclusion.usf" 2167
"../../../Engine/Shaders/Private/OcclusionQueryPixelShader.usf" 2168
"../../../Engine/Shaders/Private/OcclusionQueryVertexShader.usf" 2169
"../../../Engine/Shaders/Private/HitProxyPixelShader.usf" 2170
"../../../Engine/Shaders/Private/HitProxyVertexShader.usf" 2171
"../../../Engine/Shaders/Private/SceneCapturePixelShader.usf" 2172
"../../../Engine/Shaders/Private/RTWriteMaskDecode.usf" 2173
"../../../Engine/Shaders/Private/ReflectionEnvironmentShaders.usf" 2174
"../../../Engine/Shaders/Private/RectLightAtlas.usf" 2175
"../../../Engine/Shaders/Private/RayTracing/TraceRayInlineStatistics.usf" 2176
"../../../Engine/Shaders/Private/RayTracing/VisualizeSkyLightMipTreePS.usf" 2177
"../../../Engine/Shaders/Private/RayTracing/MipTreeCommon.ush" 2178
"../../../Engine/Shaders/Private/RayTracing/CompositeSkyLightPS.usf" 2179
"../../../Engine/Shaders/Private/RayTracing/GenerateSkyLightVisibilityRaysCS.usf" 2180
"../../../Engine/Shaders/Private/RayTracing/RayTracingSkyLightCommon.ush" 2181
"../../../Engine/Shaders/Private/RayTracing/SkyLightVisibilityRaysData.ush" 2182
"../../../Engine/Shaders/Private/Raytracing/RaytracingSkylightRGS.usf" 2183
"../../../Engine/Shaders/Private/HairStrands/HairStrandsRaytracing.ush" 2184
"../../../Engine/Shaders/Private/Raytracing/RayTracingSkyLightEvaluation.ush" 2185
"../../../Engine/Shaders/Private/Raytracing/RayTracingDeferredShadingCommon.ush" 2186
"../../../Engine/Shaders/Private/RayTracing/RayTracingOcclusionRGS.usf" 2187
"../../../Engine/Shaders/Private/RayTracing/RayTracingDirectionalLight.ush" 2188
"../../../Engine/Shaders/Private/RayTracing/RayTracingRectLight.ush" 2189
"../../../Engine/Shaders/Private/RayTracing/RayTracingSphereLight.ush" 2190
"../../../Engine/Shaders/Private/RayTracing/RayTracingCapsuleLight.ush" 2191
"../../../Engine/Shaders/Private/RayTracing/SplitImaginaryReflectionGBufferCS.usf" 2192
"../../../Engine/Shaders/Private/RayTracing/RayTracingReflectionsCommon.ush" 2193
"../../../Engine/Shaders/Private/RayTracing/RayTracingReflections.usf" 2194
"../../../Engine/Shaders/Private/RayTracing/RayTracingLightingCommon.ush" 2195
"../../../Engine/Shaders/Private/RayTracing/RayTracingLightCullingCommon.ush" 2196
"../../../Engine/Shaders/Private/RayTracing/RayTracingReflectionEnvironment.ush" 2197
"../../../Engine/Shaders/Private/RayTracing/RayTracingPrimaryRays.usf" 2198
"../../../Engine/Shaders/Private/RayTracing/RayTracingMaterialDefaultHitShaders.usf" 2199
"../../../Engine/Shaders/Private/RayTracing/RayTracingMaterialHitShaders.usf" 2200
"../../../Engine/Shaders/Private/RayTracing/RayTracingShaderUtils.ush" 2201
"../../../Engine/Shaders/Private/RayTracing/RayTracingCalcInterpolants.ush" 2202
"../../../Engine/Shaders/Private/LightmapCommon.ush" 2203
"../../../Engine/Shaders/Private/Lumen/LumenHardwareRayTracingPayloadCommon.ush" 2204
"../../../Engine/Shaders/Private/Strata/StrataExport.ush" 2205
"../../../Engine/Shaders/Private/RayTracing/RayTracingLightingMS.usf" 2206
"../../../Engine/Shaders/Private/RayTracing/RayTracingLightFunctionCommon.ush" 2207
"../../../Engine/Shaders/Private/RayTracing/GenerateCulledLightListCS.usf" 2208
"../../../Engine/Shaders/Private/Raytracing/RayTracingInstanceBufferUtil.usf" 2209
"../../../Engine/Shaders/Private/RayTracing/RayTracingFinalGatherRGS.usf" 2210
"../../../Engine/Shaders/Private/RayTracing/RayTracingGatherPoints.ush" 2211
"../../../Engine/Shaders/Private/PathTracing/Light/PathTracingLightSampling.ush" 2212
"../../../Engine/Shaders/Private/PathTracing/Light/PathTracingLightCommon.ush" 2213
"../../../Engine/Shaders/Shared/RayTracingTypes.h" 2214
"../../../Engine/Shaders/Private/PathTracing/Light/PathTracingDirectionalLight.ush" 2215
"../../../Engine/Shaders/Private/PathTracing/Light/PathTracingPointLight.ush" 2216
"../../../Engine/Shaders/Private/PathTracing/Light/PathTracingCapsuleLight.ush" 2217
"../../../Engine/Shaders/Private/PathTracing/Light/PathTracingRectLight.ush" 2218
"../../../Engine/Shaders/Private/PathTracing/Light/PathTracingSkyLight.ush" 2219
"../../../Engine/Shaders/Private/PathTracing/Light/PathTracingSpotLight.ush" 2220
"../../../Engine/Shaders/Private/RayTracing/RayTracingCreateGatherPointsRGS.usf" 2221
"../../../Engine/Shaders/Private/RayTracing/RayTracingGlobalIlluminationRGS.usf" 2222
"../../../Engine/Shaders/Private/RayTracing/RayTracingDynamicMesh.usf" 2223
"../../../Engine/Shaders/Private/RayTracing/RayTracingDeferredReflections.usf" 2224
"../../../Engine/Shaders/Private/RayTracing/RayTracingDeferredMaterials.ush" 2225
"../../../Engine/Shaders/Shared/ThirdParty/AMD/ags_shader_intrinsics_dx12.h" 2226
"../../../Engine/Shaders/Private/RayTracing/RayTracingDeferredReflections.ush" 2227
"../../../Engine/Shaders/Private/RayTracing/RayTracingReflectionResolve.usf" 2228
"../../../Engine/Shaders/Private/RayTracing/RayTracingReflectionsGenerateRaysCS.usf" 2229
"../../../Engine/Shaders/Private/RayTracing/MaterialSort.usf" 2230
"../../../Engine/Shaders/Private/RayTracing/RayTracingDeferredMaterials.usf" 2231
"../../../Engine/Shaders/Private/RayTracing/RayTracingDefaultDecalHitShader.usf" 2232
"../../../Engine/Shaders/Private/RayTracing/RayTracingDecalMaterialShader.usf" 2233
"../../../Engine/Shaders/Private/PathTracing/PathTracingShaderUtils.ush" 2234
"../../../Engine/Shaders/Private/PathTracing/PathTracingCommon.ush" 2235
"../../../Engine/Shaders/Private/PathTracing/Material/PathTracingMaterialCommon.ush" 2236
"../../../Engine/Shaders/Private/RayTracing/RayTracingBuildDecalGrid.usf" 2237
"../../../Engine/Shaders/Private/RayTracing/RayTracingDebugInstanceOverlap.usf" 2238
"../../../Engine/Shaders/Private/RayTracing/RayTracingDebugPicking.usf" 2239
"../../../Engine/Shaders/Private/RayTracing/RayTracingDebugUtils.ush" 2240
"../../../Engine/Shaders/Shared/RayTracingDebugTypes.h" 2241
"../../../Engine/Shaders/Private/RayTracing/RayTracingDebugTraversal.usf" 2242
"../../../Engine/Shaders/Private/Nanite/NaniteRayTrace.ush" 2243
"../../../Engine/Shaders/Shared/ThirdParty/RayTriangleIntersection.h" 2244
"../../../Engine/Shaders/Shared/RayTracingDebugDefinitions.h" 2245
"../../../Engine/Shaders/Private/RayTracing/RayTracingDebugMS.usf" 2246
"../../../Engine/Shaders/Private/RayTracing/RayTracingDebugCHS.usf" 2247
"../../../Engine/Shaders/Private/RayTracing/RayTracingDebug.usf" 2248
"../../../Engine/Shaders/Private/RayTracing/RayTracingBuiltInShaders.usf" 2249
"../../../Engine/Shaders/Private/RayTracing/RayTracingBarycentrics.usf" 2250
"../../../Engine/Shaders/Private/RayTracing/RayTracingAmbientOcclusionRGS.usf" 2251
"../../../Engine/Shaders/Private/VisualizeShadingModels.usf" 2252
"../../../Engine/Shaders/Private/PostProcessCommon.ush" 2253
"../../../Engine/Shaders/Private/MotionBlur/VisualizeMotionVectors.usf" 2254
"../../../Engine/Shaders/Private/TemporalSuperResolution/TSRResolveHistory.usf" 2255
"../../../Engine/Shaders/Private/TemporalSuperResolution/TSRCommon.ush" 2256
"../../../Engine/Shaders/Public/DualPixelVectorization.ush" 2257
"../../../Engine/Shaders/Private/TemporalSuperResolution/TSRConvolutionNetwork.ush" 2258
"../../../Engine/Shaders/Public/LaneVectorization.ush" 2259
"../../../Engine/Shaders/Private/TemporalSuperResolution/TSRUpdateHistory.usf" 2260
"../../../Engine/Shaders/Private/TemporalSuperResolution/TSRFilterAntiAliasing.usf" 2261
"../../../Engine/Shaders/Private/TemporalSuperResolution/TSRSpatialAntiAliasing.usf" 2262
"../../../Engine/Shaders/Private/TemporalSuperResolution/TSRRejectShading.usf" 2263
"../../../Engine/Shaders/Private/TemporalSuperResolution/TSRDecimateHistory.usf" 2264
"../../../Engine/Shaders/Private/TemporalSuperResolution/TSRDilateVelocity.usf" 2265
"../../../Engine/Shaders/Private/MotionBlur/MotionBlurVelocityFlatten.ush" 2266
"../../../Engine/Shaders/Private/MotionBlur/MotionBlurCommon.ush" 2267
"../../../Engine/Shaders/Private/TemporalSuperResolution/TSRForwardScatterDepth.usf" 2268
"../../../Engine/Shaders/Private/TemporalSuperResolution/TSRClearPrevTextures.usf" 2269
"../../../Engine/Shaders/Private/TemporalSuperResolution/TSRComputeMoireLuma.usf" 2270
"../../../Engine/Shaders/Private/TemporalAA.usf" 2271
"../../../Engine/Shaders/Private/FilterPixelShader.usf" 2272
"../../../Engine/Shaders/Private/FilterVertexShader.usf" 2273
"../../../Engine/Shaders/Private/PostProcessVisualizeBuffer.usf" 2274
"../../../Engine/Shaders/Private/PostProcessVisualizeLocalExposure.usf" 2275
"../../../Engine/Shaders/Private/PostProcessHistogramCommon.ush" 2276
"../../../Engine/Shaders/Private/PostProcessVisualizeLevelInstance.usf" 2277
"../../../Engine/Shaders/Private/PostProcessVisualizeHDR.usf" 2278
"../../../Engine/Shaders/Private/ShaderComplexityApplyPixelShader.usf" 2279
"../../../Engine/Shaders/Private/QuadOverdraw.ush" 2280
"../../../Engine/Shaders/Private/PostProcessUpscale.usf" 2281
"../../../Engine/Shaders/Private/PostProcessTonemap.usf" 2282
"../../../Engine/Shaders/Private/PostProcessing/FilmGrainPackConstants.usf" 2283
"../../../Engine/Shaders/Private/PostProcessing/FilmGrainReduce.usf" 2284
"../../../Engine/Shaders/Private/PostProcessTestImage.usf" 2285
"../../../Engine/Shaders/Private/PostProcessSubsurface.usf" 2286
"../../../Engine/Shaders/Private/SeparableSSS.ush" 2287
"../../../Engine/Shaders/Private/SubsurfaceBurleyNormalized.ush" 2288
"../../../Engine/Shaders/Private/PostProcessSelectionOutline.usf" 2289
"../../../Engine/Shaders/Private/PostProcessPixelProjectedReflectionMobile.usf" 2290
"../../../Engine/Shaders/Private/MotionBlur/MotionBlurVisualize.usf" 2291
"../../../Engine/Shaders/Private/MotionBlur/MotionBlurApply.usf" 2292
"../../../Engine/Shaders/Private/MotionBlur/MotionBlurFilterTileClassify.usf" 2293
"../../../Engine/Shaders/Private/MotionBlur/MotionBlurTileScatter.usf" 2294
"../../../Engine/Shaders/Private/MotionBlur/MotionBlurTileGather.usf" 2295
"../../../Engine/Shaders/Private/MotionBlur/MotionBlurVelocityFlatten.usf" 2296
"../../../Engine/Shaders/Private/PostProcessMobile.usf" 2297
"../../../Engine/Shaders/Private/PostProcessMitchellNetravali.usf" 2298
"../../../Engine/Shaders/Private/PostProcessMaterialShaders.usf" 2299
"../../../Engine/Shaders/Private/PostProcessLocalExposure.usf" 2300
"../../../Engine/Shaders/Private/PostProcessLensFlares.usf" 2301
"../../../Engine/Shaders/Private/PostProcessHMD.usf" 2302
"../../../Engine/Shaders/Private/Histogram.usf" 2303
"../../../Engine/Shaders/Private/PostProcessHistogramReduce.usf" 2304
"../../../Engine/Shaders/Private/PostProcessHistogram.usf" 2305
"../../../Engine/Shaders/Private/PostProcessGBufferHints.usf" 2306
"../../../Engine/Shaders/Private/Bloom/BloomFinalizeApplyConstants.usf" 2307
"../../../Engine/Shaders/Private/Bloom/BloomCommon.ush" 2308
"../../../Engine/Shaders/Private/Bloom/BloomResizeKernel.usf" 2309
"../../../Engine/Shaders/Private/Bloom/BloomDownsampleKernel.usf" 2310
"../../../Engine/Shaders/Private/Bloom/BloomClampKernel.usf" 2311
"../../../Engine/Shaders/Private/Bloom/BloomPackKernelConstants.usf" 2312
"../../../Engine/Shaders/Private/Bloom/BloomSumScatterDispersionEnergy.usf" 2313
"../../../Engine/Shaders/Private/Bloom/BloomReduceKernelSurvey.usf" 2314
"../../../Engine/Shaders/Private/Bloom/BloomSurveyKernelCenterEnergy.usf" 2315
"../../../Engine/Shaders/Private/Bloom/BloomSurveyMaxScatterDispersion.usf" 2316
"../../../Engine/Shaders/Private/Bloom/BloomFindKernelCenter.usf" 2317
"../../../Engine/Shaders/Private/PostProcessEyeAdaptation.usf" 2318
"../../../Engine/Shaders/Private/TranslucencyVolumeCommon.ush" 2319
"../../../Engine/Shaders/Private/PostProcessDownsample.usf" 2320
"../../../Engine/Shaders/Private/PostProcessDOF.usf" 2321
"../../../Engine/Shaders/Private/PostProcessDeviceEncodingOnly.usf" 2322
"../../../Engine/Shaders/Private/PostProcessCompositePrimitives.usf" 2323
"../../../Engine/Shaders/Private/PostProcessCombineLUTs.usf" 2324
"../../../Engine/Shaders/Private/PostProcessVisualizeDOF.usf" 2325
"../../../Engine/Shaders/Private/PostProcessBloom.usf" 2326
"../../../Engine/Shaders/Private/PostProcessAmbientOcclusionMobile.usf" 2327
"../../../Engine/Shaders/Private/PostProcessAmbientOcclusionCommon.ush" 2328
"../../../Engine/Shaders/Private/FXAAShader.usf" 2329
"../../../Engine/Shaders/Private/Fxaa3_11.ush" 2330
"../../../Engine/Shaders/Private/DiaphragmDOF/DOFRecombine.usf" 2331
"../../../Engine/Shaders/Private/DiaphragmDOF/DOFCommon.ush" 2332
"../../../Engine/Shaders/Private/DiaphragmDOF/DOFHybridScatterPixelShader.usf" 2333
"../../../Engine/Shaders/Private/DiaphragmDOF/DOFHybridScatterCommon.ush" 2334
"../../../Engine/Shaders/Private/DiaphragmDOF/DOFHybridScatterVertexShader.usf" 2335
"../../../Engine/Shaders/Private/DiaphragmDOF/DOFPostfiltering.usf" 2336
"../../../Engine/Shaders/Private/DiaphragmDOF/DOFGatherTileSuggest.ush" 2337
"../../../Engine/Shaders/Private/DiaphragmDOF/DOFCocTileCommon.ush" 2338
"../../../Engine/Shaders/Private/DiaphragmDOF/DOFGatherPass.usf" 2339
"../../../Engine/Shaders/Private/DiaphragmDOF/DOFGatherCommon.ush" 2340
"../../../Engine/Shaders/Private/DiaphragmDOF/DOFGatherAccumulator.ush" 2341
"../../../Engine/Shaders/Private/DiaphragmDOF/DOFGatherKernel.ush" 2342
"../../../Engine/Shaders/Private/DiaphragmDOF/DOFBokehLUT.usf" 2343
"../../../Engine/Shaders/Private/DiaphragmDOF/DOFHybridScatterCompilation.usf" 2344
"../../../Engine/Shaders/Private/DiaphragmDOF/DOFReduce.usf" 2345
"../../../Engine/Shaders/Private/DiaphragmDOF/DOFDownsample.ush" 2346
"../../../Engine/Shaders/Private/DiaphragmDOF/DOFHybridScatterCompilation.ush" 2347
"../../../Engine/Shaders/Private/DiaphragmDOF/DOFDownsample.usf" 2348
"../../../Engine/Shaders/Private/DiaphragmDOF/DOFCocTileDilate.usf" 2349
"../../../Engine/Shaders/Private/DiaphragmDOF/DOFCocTileFlatten.usf" 2350
"../../../Engine/Shaders/Private/DiaphragmDOF/DOFSetup.usf" 2351
"../../../Engine/Shaders/Private/PlanarReflectionShaders.usf" 2352
"../../../Engine/Shaders/Private/PlanarReflectionShared.ush" 2353
"../../../Engine/Shaders/Private/PhysicsFieldVisualizer.usf" 2354
"../../../Engine/Shaders/Private/PathTracing/PathTracingSpatialTemporalDenoising.usf" 2355
"../../../Engine/Shaders/Private/ColorDifference.ush" 2356
"../../../Engine/Shaders/Private/PathTracing/PathTracingCompositingPixelShader.usf" 2357
"../../../Engine/Shaders/Private/PathTracing/PathTracingDefaultHitShader.usf" 2358
"../../../Engine/Shaders/Private/PathTracing/PathTracingGPULightmassMaterialHitShader.usf" 2359
"../../../Engine/Shaders/Private/PathTracing/PathTracingMaterialHitShader.usf" 2360
"../../../Engine/Shaders/Private/PathTracing/PathTracingLightingMissShader.usf" 2361
"../../../Engine/Shaders/Private/PathTracing/PathTracingMissShader.usf" 2362
"../../../Engine/Shaders/Private/PathTracing/PathTracingBuildAtmosphereLUT.usf" 2363
"../../../Engine/Shaders/Private/PathTracing/Volume/PathTracingAtmosphereCommon.ush" 2364
"../../../Engine/Shaders/Private/PathTracing/PathTracingSwizzleScanlines.usf" 2365
"../../../Engine/Shaders/Private/PathTracing/PathTracingInitExtinctionCoefficient.usf" 2366
"../../../Engine/Shaders/Private/PathTracing/PathTracing.usf" 2367
"../../../Engine/Shaders/Private/PathTracing/PathTracingCore.ush" 2368
"../../../Engine/Shaders/Private/HeterogeneousVolumes/HeterogeneousVolumesVoxelGridTypes.ush" 2369
"../../../Engine/Shaders/Private/RayTracing/RayTracingDecalGrid.ush" 2370
"../../../Engine/Shaders/Private/PathTracing/Utilities/PathTracingRIS.ush" 2371
"../../../Engine/Shaders/Private/PathTracing/Light/PathTracingLightGrid.ush" 2372
"../../../Engine/Shaders/Private/PathTracing/Material/PathTracingMaterialSampling.ush" 2373
"../../../Engine/Shaders/Private/PathTracing/Material/PathTracingLambert.ush" 2374
"../../../Engine/Shaders/Private/PathTracing/Material/PathTracingSubstrate.ush" 2375
"../../../Engine/Shaders/Private/PathTracing/Material/PathTracingSubstrateCommon.ush" 2376
"../../../Engine/Shaders/Private/PathTracing/Material/PathTracingSubstrateSolidGlass.ush" 2377
"../../../Engine/Shaders/Private/PathTracing/Material/PathTracingSubstrateThinGlass.ush" 2378
"../../../Engine/Shaders/Private/PathTracing/Material/PathTracingSolidGlass.ush" 2379
"../../../Engine/Shaders/Private/PathTracing/Material/PathTracingEnergyConservation.ush" 2380
"../../../Engine/Shaders/Private/PathTracing/Material/PathTracingThinGlass.ush" 2381
"../../../Engine/Shaders/Private/PathTracing/Material/PathTracingDefaultLit.ush" 2382
"../../../Engine/Shaders/Private/PathTracing/Material/PathTracingClearCoat.ush" 2383
"../../../Engine/Shaders/Private/PathTracing/Material/PathTracingTwoSidedFoliage.ush" 2384
"../../../Engine/Shaders/Private/PathTracing/Material/PathTracingCloth.ush" 2385
"../../../Engine/Shaders/Private/PathTracing/Material/PathTracingSubsurfaceProfile.ush" 2386
"../../../Engine/Shaders/Private/PathTracing/Material/PathTracingEye.ush" 2387
"../../../Engine/Shaders/Private/PathTracing/Material/PathTracingHair.ush" 2388
"../../../Engine/Shaders/Private/PathTracing/Material/PathTracingMedium.ush" 2389
"../../../Engine/Shaders/Private/PathTracing/Volume/PathTracingVolume.ush" 2390
"../../../Engine/Shaders/Private/PathTracing/Volume/PathTracingVolumeCommon.ush" 2391
"../../../Engine/Shaders/Private/PathTracing/Volume/PathTracingAtmosphere.ush" 2392
"../../../Engine/Shaders/Private/DoubleWordMath.ush" 2393
"../../../Engine/Shaders/Private/PathTracing/Volume/PathTracingFog.ush" 2394
"../../../Engine/Shaders/Private/PathTracing/Volume/PathTracingHeterogeneousVolumes.ush" 2395
"../../../Engine/Shaders/Private/HeterogeneousVolumes/HeterogeneousVolumesTracingUtils.ush" 2396
"../../../Engine/Shaders/Private/HeterogeneousVolumes/HeterogeneousVolumesVoxelGridTraversal.ush" 2397
"../../../Engine/Shaders/Private/HeterogeneousVolumes/HeterogeneousVolumesVoxelGridUtils.ush" 2398
"../../../Engine/Shaders/Private/HeterogeneousVolumes/HeterogeneousVolumesFrustumVoxelGridUtils.ush" 2399
"../../../Engine/Shaders/Private/PathTracing/Volume/PathTracingVolumeSampling.ush" 2400
"../../../Engine/Shaders/Private/PathTracing/PathTracingBuildLightGrid.usf" 2401
"../../../Engine/Shaders/Private/PathTracing/PathTracingSkylightMISCompensation.usf" 2402
"../../../Engine/Shaders/Private/PathTracing/PathTracingSkylightPrepare.usf" 2403
"../../../Engine/Shaders/Private/OIT/OITSorting.usf" 2404
"../../../Engine/Shaders/Private/OITCombine.usf" 2405
"../../../Engine/Shaders/Private/OITCommon.ush" 2406
"../../../Engine/Shaders/Private/Nanite/Voxel/RasterizeBricks.usf" 2407
"../../../Engine/Shaders/Private/Nanite/Voxel/Brick.ush" 2408
"../../../Engine/Shaders/Private/Nanite/Voxel/Voxel.ush" 2409
"../../../Engine/Shaders/Private/Nanite/Voxel/ScatterBricks.usf" 2410
"../../../Engine/Shaders/Private/Nanite/Voxel/TileBricks.usf" 2411
"../../../Engine/Shaders/Private/Nanite/Voxel/AutoVoxel.usf" 2412
"../../../Engine/Shaders/Private/Nanite/NaniteDebugViews.usf" 2413
"../../../Engine/Shaders/Private/Nanite/NaniteDepthDecode.usf" 2414
"../../../Engine/Shaders/Private/HTileEncoding.ush" 2415
"../../../Engine/Shaders/Private/VelocityCommon.ush" 2416
"../../../Engine/Shaders/Private/Nanite/NaniteVisualize.usf" 2417
"../../../Engine/Shaders/Private/Nanite/NaniteStreamOut.usf" 2418
"../../../Engine/Shaders/Private/Nanite/NaniteHierarchyTraversal.ush" 2419
"../../../Engine/Shaders/Private/Nanite/NaniteShadeBinning.usf" 2420
"../../../Engine/Shaders/Private/Nanite/NaniteShadeCommon.ush" 2421
"../../../Engine/Shaders/Private/Nanite/NaniteMaterialCulling.usf" 2422
"../../../Engine/Shaders/Private/Nanite/NaniteFastClear.usf" 2423
"../../../Engine/Shaders/Private/Nanite/NaniteDepthExport.usf" 2424
"../../../Engine/Shaders/Private/Nanite/NaniteExportGBuffer.usf" 2425
"../../../Engine/Shaders/Private/Nanite/NaniteClusterCulling.usf" 2426
"../../../Engine/Shaders/Private/Nanite/NanitePrintStats.usf" 2427
"../../../Engine/Shaders/Private/Nanite/NaniteRasterizer.usf" 2428
"../../../Engine/Shaders/Private/Nanite/NaniteRasterizationCommon.ush" 2429
"../../../Engine/Shaders/Private/Nanite/NaniteRasterizer.ush" 2430
"../../../Engine/Shaders/Private/Nanite/NaniteWritePixel.ush" 2431
"../../../Engine/Shaders/Private/Nanite/NaniteTessellation.ush" 2432
"../../../Engine/Shaders/Private/WorkDistribution.ush" 2433
"../../../Engine/Shaders/Private/Nanite/NaniteDice.ush" 2434
"../../../Engine/Shaders/Private/Nanite/NaniteSplit.usf" 2435
"../../../Engine/Shaders/Private/Nanite/NaniteRasterBinning.usf" 2436
"../../../Engine/Shaders/Private/Nanite/NaniteInstanceCulling.usf" 2437
"../../../Engine/Shaders/Private/Nanite/NaniteImposter.ush" 2438
"../../../Engine/Shaders/Shared/SceneCullingDefinitions.h" 2439
"../../../Engine/Shaders/Private/Nanite/NaniteInstanceHierarchyCulling.usf" 2440
"../../../Engine/Shaders/Private/Nanite/NanitePrimitiveFilter.usf" 2441
"../../../Engine/Shaders/Private/Nanite/NaniteRasterClear.usf" 2442
"../../../Engine/Shaders/Private/Nanite/NaniteEmitShadow.usf" 2443
"../../../Engine/Shaders/Private/MobileDeferredUtils.usf" 2444
"../../../Engine/Shaders/Private/MobileLocalLightPrepass.usf" 2445
"../../../Engine/Shaders/Private/MobileFog.usf" 2446
"../../../Engine/Shaders/Private/DistortApplyScreenPS.usf" 2447
"../../../Engine/Shaders/Private/MobileDeferredShading.usf" 2448
"../../../Engine/Shaders/Private/MobileLightingCommon.ush" 2449
"../../../Engine/Shaders/Private/MobileBasePassPixelShader.usf" 2450
"../../../Engine/Shaders/Private/MobileBasePassCommon.ush" 2451
"../../../Engine/Shaders/Private/BasePassCommon.ush" 2452
"../../../Engine/Shaders/Private/ShadingModelsMaterial.ush" 2453
"../../../Engine/Shaders/Private/ThinTranslucentCommon.ush" 2454
"../../../Engine/Shaders/Private/SingleLayerWaterShading.ush" 2455
"../../../Engine/Shaders/Private/DistortionCommon.ush" 2456
"../../../Engine/Shaders/Private/Strata/StrataMobileForwardLighting.ush" 2457
"../../../Engine/Shaders/Private/MobileBasePassVertexShader.usf" 2458
"../../../Engine/Shaders/Private/Lumen/LumenVisualizeRadianceCache.usf" 2459
"../../../Engine/Shaders/Private/Lumen/LumenRadianceCacheCommon.ush" 2460
"../../../Engine/Shaders/Private/Lumen/LumenVisualizeHardwareRayTracing.usf" 2461
"../../../Engine/Shaders/Private/Lumen/LumenCardCommon.ush" 2462
"../../../Engine/Shaders/Private/Lumen/LumenTracingCommon.ush" 2463
"../../../Engine/Shaders/Private/Lumen/SurfaceCache/LumenSurfaceCacheSampling.ush" 2464
"../../../Engine/Shaders/Private/Lumen/SurfaceCache/LumenSurfaceCache.ush" 2465
"../../../Engine/Shaders/Private/Lumen/LumenVisualize.ush" 2466
"../../../Engine/Shaders/Private/Lumen/LumenHardwareRayTracingCommon.ush" 2467
"../../../Engine/Shaders/Private/Lumen/LumenHardwareRayTracingPlatformCommon.ush" 2468
"../../../Engine/Shaders/Private/Lumen/LumenReflectionsCombine.ush" 2469
"../../../Engine/Shaders/Private/Lumen/LumenHairTracing.ush" 2470
"../../../Engine/Shaders/Private/Lumen/LumenVisualize.usf" 2471
"../../../Engine/Shaders/Private/Lumen/LumenSoftwareRayTracing.ush" 2472
"../../../Engine/Shaders/Private/DistanceField/GlobalDistanceFieldUtils.ush" 2473
"../../../Engine/Shaders/Private/DistanceField/GlobalDistanceFieldObjectGrid.ush" 2474
"../../../Engine/Shaders/Private/DistanceFieldLightingShared.ush" 2475
"../../../Engine/Shaders/Private/Lumen/LumenVisualizeTraces.ush" 2476
"../../../Engine/Shaders/Private/Lumen/LumenTranslucencyVolumeLighting.usf" 2477
"../../../Engine/Shaders/Private/Lumen/LumenRadianceCacheMarkCommon.ush" 2478
"../../../Engine/Shaders/Private/Lumen/LumenTranslucencyVolumeLightingShared.ush" 2479
"../../../Engine/Shaders/Private/Lumen/LumenScreenProbeCommon.ush" 2480
"../../../Engine/Shaders/Private/Lumen/LumenTranslucencyVolumeHardwareRayTracing.usf" 2481
"../../../Engine/Shaders/Private/Lumen/LumenTranslucencyRadianceCacheMarkShaders.usf" 2482
"../../../Engine/Shaders/Private/Lumen/SurfaceCache/LumenSurfaceCacheFeedback.usf" 2483
"../../../Engine/Shaders/Private/Lumen/SurfaceCache/LumenSurfaceCache.usf" 2484
"../../../Engine/Shaders/Private/Lumen/LumenShortRangeAOHardwareRayTracing.usf" 2485
"../../../Engine/Shaders/Private/Lumen/LumenMaterial.ush" 2486
"../../../Engine/Shaders/Private/Lumen/LumenScreenSpaceBentNormal.usf" 2487
"../../../Engine/Shaders/Private/Lumen/LumenScreenTracing.ush" 2488
"../../../Engine/Shaders/Private/Lumen/LumenScreenProbeTracing.usf" 2489
"../../../Engine/Shaders/Private/Lumen/LumenScreenProbeTracingCommon.ush" 2490
"../../../Engine/Shaders/Private/Lumen/LumenScreenProbeImportanceSampling.usf" 2491
"../../../Engine/Shaders/Private/Lumen/LumenScreenProbeImportanceSamplingShared.ush" 2492
"../../../Engine/Shaders/Private/Lumen/LumenScreenProbeHardwareRayTracing.usf" 2493
"../../../Engine/Shaders/Private/Lumen/LumenScreenProbeGather.usf" 2494
"../../../Engine/Shaders/Private/Lumen/LumenScreenSpaceBentNormal.ush" 2495
"../../../Engine/Shaders/Private/Lumen/LumenScreenProbeLightSampling.usf" 2496
"../../../Engine/Shaders/Private/Lumen/LumenScreenProbeFiltering.usf" 2497
"../../../Engine/Shaders/Private/Lumen/LumenSceneLighting.usf" 2498
"../../../Engine/Shaders/Private/Lumen/LumenCardTile.ush" 2499
"../../../Engine/Shaders/Private/Lumen/LumenSceneLighting.ush" 2500
"../../../Engine/Shaders/Private/Lumen/Radiosity/LumenRadiosity.ush" 2501
"../../../Engine/Shaders/Private/Lumen/LumenSceneLightingDebug.usf" 2502
"../../../Engine/Shaders/Private/Lumen/LumenScene.usf" 2503
"../../../Engine/Shaders/Private/Lumen/LumenSceneDirectLightingHardwareRayTracing.usf" 2504
"../../../Engine/Shaders/Private/Lumen/LumenReflectionCommon.ush" 2505
"../../../Engine/Shaders/Private/Lumen/LumenSceneDirectLighting.ush" 2506
"../../../Engine/Shaders/Private/Lumen/LumenSceneDirectLightingSoftwareRayTracing.usf" 2507
"../../../Engine/Shaders/Private/DistanceFieldShadowingShared.ush" 2508
"../../../Engine/Shaders/Private/Lumen/LumenSceneDirectLightingPerLightShadowCommon.ush" 2509
"../../../Engine/Shaders/Private/Lumen/LumenSceneDirectLightingShadowMask.usf" 2510
"../../../Engine/Shaders/Private/Lumen/LumenSceneDirectLighting.usf" 2511
"../../../Engine/Shaders/Private/Lumen/LumenSceneDirectLightingCulling.usf" 2512
"../../../Engine/Shaders/Private/Lumen/LumenCardPixelShader.usf" 2513
"../../../Engine/Shaders/Private/Lumen/LumenCardVertexShader.usf" 2514
"../../../Engine/Shaders/Private/Lumen/LumenReflectionTracing.usf" 2515
"../../../Engine/Shaders/Private/Lumen/LumenReflections.usf" 2516
"../../../Engine/Shaders/Private/Lumen/LumenReflectionHardwareRayTracing.usf" 2517
"../../../Engine/Shaders/Private/Lumen/Radiosity/LumenVisualizeRadiosityProbes.usf" 2518
"../../../Engine/Shaders/Private/Lumen/Radiosity/LumenRadiosity.usf" 2519
"../../../Engine/Shaders/Private/RayTracing/RayGenUtils.ush" 2520
"../../../Engine/Shaders/Private/Lumen/Radiosity/LumenRadiosityHardwareRayTracing.usf" 2521
"../../../Engine/Shaders/Private/Lumen/Radiosity/LumenRadiosityCulling.usf" 2522
"../../../Engine/Shaders/Private/Lumen/LumenRadianceCacheHardwareRayTracing.usf" 2523
"../../../Engine/Shaders/Private/Lumen/LumenRadianceCacheTracingCommon.ush" 2524
"../../../Engine/Shaders/Private/Lumen/LumenRadianceCache.usf" 2525
"../../../Engine/Shaders/Private/Lumen/LumenRadianceCacheUpdate.ush" 2526
"../../../Engine/Shaders/Private/Lumen/LumenRadianceCacheDebug.usf" 2527
"../../../Engine/Shaders/Private/Lumen/LumenRadianceCacheUpdate.usf" 2528
"../../../Engine/Shaders/Private/Lumen/LumenMeshSDFCulling.usf" 2529
"../../../Engine/Shaders/Private/HybridIndirectLighting.ush" 2530
"../../../Engine/Shaders/Private/MeshDistanceFieldCommon.ush" 2531
"../../../Engine/Shaders/Private/Lumen/LumenIrradianceFieldGather.usf" 2532
"../../../Engine/Shaders/Private/Lumen/LumenHardwareRayTracingMaterials.usf" 2533
"../../../Engine/Shaders/Private/Lumen/LumenFrontLayerTranslucency.usf" 2534
"../../../Engine/Shaders/Private/LocalHeightFog.usf" 2535
"../../../Engine/Shaders/Private/LightShaftShader.usf" 2536
"../../../Engine/Shaders/Private/StationaryLightOverlapShaders.usf" 2537
"../../../Engine/Shaders/Private/DeferredLightPixelShaders.usf" 2538
"../../../Engine/Shaders/Private/HairStrands/HairStrandsVisibilityUtils.ush" 2539
"../../../Engine/Shaders/Private/DeferredLightVertexShaders.usf" 2540
"../../../Engine/Shaders/Private/LightMapDensityShader.usf" 2541
"../../../Engine/Shaders/Private/LightGridInjection.usf" 2542
"../../../Engine/Shaders/Private/LightFunctionPixelShader.usf" 2543
"../../../Engine/Shaders/Private/LightFunctionVertexShader.usf" 2544
"../../../Engine/Shaders/Private/InstanceCulling/BuildInstanceDrawCommands.usf" 2545
"../../../Engine/Shaders/Private/InstanceCulling/InstanceCompactionCommon.ush" 2546
"../../../Engine/Shaders/Private/InstanceCulling/CompactVisibleInstances.usf" 2547
"../../../Engine/Shaders/Private/ReflectionEnvironmentPixelShader.usf" 2548
"../../../Engine/Shaders/Private/Strata/StrataEnvironmentLighting.ush" 2549
"../../../Engine/Shaders/Private/AmbientCubemapComposite.usf" 2550
"../../../Engine/Shaders/Private/DiffuseIndirectComposite.usf" 2551
"../../../Engine/Shaders/Private/IESAtlas.usf" 2552
"../../../Engine/Shaders/Private/HeterogeneousVolumes/HeterogeneousVolumesVoxelGridRendering.usf" 2553
"../../../Engine/Shaders/Private/HeterogeneousVolumes/HeterogeneousVolumesVoxelGridPipeline.usf" 2554
"../../../Engine/Shaders/Private/HeterogeneousVolumes/HeterogeneousVolumesMaterialBakingPipeline.usf" 2555
"../../../Engine/Shaders/Private/HeterogeneousVolumes/HeterogeneousVolumesLiveShadingUtils.ush" 2556
"../../../Engine/Shaders/Private/HeterogeneousVolumes/HeterogeneousVolumesFrustumVoxelGrid.usf" 2557
"../../../Engine/Shaders/Private/HeterogeneousVolumes/HeterogeneousVolumesSparseVoxelPipeline.usf" 2558
"../../../Engine/Shaders/Private/HeterogeneousVolumes/HeterogeneousVolumesSparseVoxelUtils.ush" 2559
"../../../Engine/Shaders/Private/HeterogeneousVolumes/HeterogeneousVolumesSparseVoxelUniformBufferUtils.ush" 2560
"../../../Engine/Shaders/Private/HeterogeneousVolumes/HeterogeneousVolumesPreshadingPipeline.usf" 2561
"../../../Engine/Shaders/Private/HeterogeneousVolumes/HeterogeneousVolumesLightingUtils.ush" 2562
"../../../Engine/Shaders/Private/HeterogeneousVolumes/HeterogeneousVolumesRayMarchingUtils.ush" 2563
"../../../Engine/Shaders/Private/HeterogeneousVolumes/HeterogeneousVolumesTransmittanceVolumeUtils.ush" 2564
"../../../Engine/Shaders/Private/HeterogeneousVolumes/HeterogeneousVolumesLiveShadingPipeline.usf" 2565
"../../../Engine/Shaders/Private/HeterogeneousVolumes/HeterogeneousVolumesHardwareRayTracing.usf" 2566
"../../../Engine/Shaders/Private/HeterogeneousVolumes/HeterogeneousVolumesComposite.usf" 2567
"../../../Engine/Shaders/Private/HdrCustomResolveShaders.usf" 2568
"../../../Engine/Shaders/Private/HairStrands/HairStrandsVoxelRasterCompute.usf" 2569
"../../../Engine/Shaders/Private/Matrices.ush" 2570
"../../../Engine/Shaders/Private/HairStrands/HairStrandsAABBCommon.ush" 2571
"../../../Engine/Shaders/Private/HairStrands/HairStrandsClusterCommon.ush" 2572
"../../../Engine/Shaders/Private/HairStrands/HairStrandsRaytracingGeometry.usf" 2573
"../../../Engine/Shaders/Private/HairStrands/HairStrandsHitProxy.usf" 2574
"../../../Engine/Shaders/Private/HairStrands/HairStrandsVisibilityRasterComputeNaive.usf" 2575
"../../../Engine/Shaders/Private/HairStrands/HairStrandsVisibilityRasterHW.usf" 2576
"../../../Engine/Shaders/Private/HairStrands/HairStrandsVisibilityRasterCompute.usf" 2577
"../../../Engine/Shaders/Private/HairStrands/HairStrandsVisibilityRasterClassification.usf" 2578
"../../../Engine/Shaders/Private/HairStrands/HairStrandsCoverage.usf" 2579
"../../../Engine/Shaders/Private/HairStrands/HairStrandsVisibilityDepthPS.usf" 2580
"../../../Engine/Shaders/Private/HairStrands/HairStrandsVisibilityTransmittanceDepthPS.usf" 2581
"../../../Engine/Shaders/Private/HairStrands/HairStrandsVisibilityFillOpaqueDepthPS.usf" 2582
"../../../Engine/Shaders/Private/HairStrands/HairStrandsVisibilityCompactionComputeRaster.usf" 2583
"../../../Engine/Shaders/Private/HairStrands/HairStrandsVisibilityCompaction.usf" 2584
"../../../Engine/Shaders/Private/HairStrands/HairStrandsVisibilityCopyIndirectArg.usf" 2585
"../../../Engine/Shaders/Private/HairStrands/HairStrandsVisibilityClearPS.usf" 2586
"../../../Engine/Shaders/Private/HairStrands/HairStrandsVisibilityPS.usf" 2587
"../../../Engine/Shaders/Private/HairStrands/HairStrandsVisibilityVS.usf" 2588
"../../../Engine/Shaders/Private/HairStrands/HairStrandsVelocity.usf" 2589
"../../../Engine/Shaders/Private/HairStrands/HairStrandsDebug.usf" 2590
"../../../Engine/Shaders/Private/HairStrands/HairStrandsBindingCommon.ush" 2591
"../../../Engine/Shaders/Private/HairStrands/HairStrandsDeepShadowCommon.ush" 2592
"../../../Engine/Shaders/Private/HairStrands/HairStrandsDebugCommonStruct.ush" 2593
"../../../Engine/Shaders/Private/HairStrands/HairStrandsVisibilityComputeSampleCoverage.usf" 2594
"../../../Engine/Shaders/Private/HairStrands/HairStrandsMaterialPS.usf" 2595
"../../../Engine/Shaders/Private/HairStrands/HairStrandsMaterialCommon.ush" 2596
"../../../Engine/Shaders/Private/HairStrands/HairStrandsMaterialVS.usf" 2597
"../../../Engine/Shaders/Private/HairStrands/HairStrandsLightSample.usf" 2598
"../../../Engine/Shaders/Private/HairStrands/HairStrandsDeepShadowMask.usf" 2599
"../../../Engine/Shaders/Private/HairStrands/HairStrandsDeepTransmittanceMask.usf" 2600
"../../../Engine/Shaders/Private/HairStrands/HairStrandsVisibilityTile.usf" 2601
"../../../Engine/Shaders/Private/HairStrands/HairStrandsDeepShadowPS.usf" 2602
"../../../Engine/Shaders/Private/HairStrands/HairStrandsDeepShadowVS.usf" 2603
"../../../Engine/Shaders/Private/HairStrands/HairStrandsLUT.usf" 2604
"../../../Engine/Shaders/Private/HairStrands/HairStrandsForwardRaster.usf" 2605
"../../../Engine/Shaders/Private/HairStrands/HairStrandsForwardCulling.usf" 2606
"../../../Engine/Shaders/Private/HairStrands/HairStrandsEnvironmentLighting.usf" 2607
"../../../Engine/Shaders/Private/HairStrands/HairStrandsEnvironmentAO.usf" 2608
"../../../Engine/Shaders/Private/HairStrands/HairStrandsDeepShadowAllocation.usf" 2609
"../../../Engine/Shaders/Private/HairStrands/HairStrandsVoxelDebug.usf" 2610
"../../../Engine/Shaders/Private/HairStrands/HairStrandsGBufferWrite.usf" 2611
"../../../Engine/Shaders/Private/HairStrands/HairStrandsGBufferCommon.ush" 2612
"../../../Engine/Shaders/Private/HairStrands/HairStrandsVisibilityComposeSubPixelPS.usf" 2613
"../../../Engine/Shaders/Private/HairStrands/HairStrandsAABB.usf" 2614
"../../../Engine/Shaders/Private/GPUScene/GPUSceneDataManagement.usf" 2615
"../../../Engine/Shaders/Private/GPUSceneDebugRender.usf" 2616
"../../../Engine/Shaders/Private/GPUFastFourierTransform.usf" 2617
"../../../Engine/Shaders/Private/GPUFastFourierTransform2DCore.ush" 2618
"../../../Engine/Shaders/Private/GPUFastFourierTransformCore.ush" 2619
"../../../Engine/Shaders/Private/GPUBenchmark.usf" 2620
"../../../Engine/Shaders/Private/DistanceField/GlobalDistanceFieldDebug.usf" 2621
"../../../Engine/Shaders/Private/DistanceField/GlobalDistanceFieldMip.usf" 2622
"../../../Engine/Shaders/Private/DistanceField/GlobalDistanceField.usf" 2623
"../../../Engine/Shaders/Private/DistanceField/GlobalDistanceFieldUpdate.ush" 2624
"../../../Engine/Shaders/Private/DistanceField/GlobalDistanceFieldCompositeObjects.usf" 2625
"../../../Engine/Shaders/Private/DistanceField/GlobalDistanceFieldHeightfields.usf" 2626
"../../../Engine/Shaders/Private/HeightfieldLightingShared.ush" 2627
"../../../Engine/Shaders/Private/GenerateConservativeDepth.usf" 2628
"../../../Engine/Shaders/Private/HeightFogPixelShader.usf" 2629
"../../../Engine/Shaders/Private/HeightFogVertexShader.usf" 2630
"../../../Engine/Shaders/Private/DistortFiltering.usf" 2631
"../../../Engine/Shaders/Private/DistortAccumulatePS.usf" 2632
"../../../Engine/Shaders/Private/DistortAccumulateVS.usf" 2633
"../../../Engine/Shaders/Private/DistanceFieldVisualization.usf" 2634
"../../../Engine/Shaders/Private/DistanceFieldStreaming.usf" 2635
"../../../Engine/Shaders/Private/DistanceFieldShadowing.usf" 2636
"../../../Engine/Shaders/Private/DistanceFieldScreenGridLighting.usf" 2637
"../../../Engine/Shaders/Private/DistanceFieldObjectCulling.usf" 2638
"../../../Engine/Shaders/Private/DistanceFieldLightingPost.usf" 2639
"../../../Engine/Shaders/Private/DitheredTransitionStencil.usf" 2640
"../../../Engine/Shaders/Private/CopyDepthTextureCS.usf" 2641
"../../../Engine/Shaders/Private/DeferredDecal.usf" 2642
"../../../Engine/Shaders/Private/DecalCommon.ush" 2643
"../../../Engine/Shaders/Private/DebugViewModeVertexShader.usf" 2644
"../../../Engine/Shaders/Private/DebugViewModeCommon.ush" 2645
"../../../Engine/Shaders/Private/DebugViewModePixelShader.usf" 2646
"../../../Engine/Shaders/Private/DebugProbes.usf" 2647
"../../../Engine/Shaders/Private/MeshDecals.usf" 2648
"../../../Engine/Shaders/Private/PostProcessAmbientOcclusion.usf" 2649
"../../../Engine/Shaders/Private/ClusteredDeferredShadingPixelShader.usf" 2650
"../../../Engine/Shaders/Private/ClusteredDeferredShadingVertexShader.usf" 2651
"../../../Engine/Shaders/Private/CapsuleShadowShaders.usf" 2652
"../../../Engine/Shaders/Private/BasePassPixelShader.usf" 2653
"../../../Engine/Shaders/Private/ForwardLightingCommon.ush" 2654
"../../../Engine/Shaders/Private/Strata/StrataForwardLighting.ush" 2655
"../../../Engine/Shaders/Private/ComputeShaderOutputCommon.ush" 2656
"../../../Engine/Shaders/Private/BasePassVertexShader.usf" 2657
"../../../Engine/Shaders/Private/BasePassVertexCommon.ush" 2658
"../../../Engine/Shaders/Private/SimpleElementVolumeTexturePreviewPixelShader.usf" 2659
"../../../Engine/Shaders/Private/SimpleElementTexture2DPreviewPixelShader.usf" 2660
"../../../Engine/Shaders/Private/meshpaintdilatepixelshader.usf" 2661
"../../../Engine/Shaders/Private/meshpaintdilatevertexshader.usf" 2662
"../../../Engine/Shaders/Private/MeshPaintPixelShader.usf" 2663
"../../../Engine/Shaders/Private/MeshPaintVertexShader.usf" 2664
"../../../Engine/Shaders/Private/Tools/VisualizeTexture.usf" 2665
"../../../Engine/Shaders/Private/ByteBuffer.usf" 2666
"../../../Engine/Shaders/Private/ResolveVertexShader.usf" 2667
"../../../Engine/Shaders/Private/ResolvePixelShader.usf" 2668
"../../../Engine/Shaders/Private/Tools/SetupIndirectArgs.usf" 2669
"../../../Engine/Shaders/Private/Tools/ClearUAV.usf" 2670
"../../../Engine/Shaders/Private/ClearReplacementShaders.usf" 2671
"../../../Engine/Shaders/Private/Tools/DrawTexture.usf" 2672
"../../../Engine/Shaders/Private/RayTracing/RayTracingValidation.usf" 2673
"../../../Engine/Shaders/Private/RenderGraphUtilities.usf" 2674
"../../../Engine/Shaders/Private/OneColorShader.usf" 2675
"../../../Engine/Shaders/Private/OculusShaders.usf" 2676
"../../../Engine/Shaders/Private/MediaShaders.usf" 2677
"../../../Engine/Shaders/Private/GPUMessaging.usf" 2678
"../../../Engine/Shaders/Private/NullPixelShader.usf" 2679
"../../../Engine/Shaders/Private/ComputeGenerateMips.usf" 2680
"../../../Engine/Shaders/Private/Tools/DumpTexture.usf" 2681
"../../../Engine/Shaders/Private/CopyTextureShaders.usf" 2682
"../../../Engine/Shaders/Private/Tools/FullscreenVertexShader.usf" 2683
"../../../Engine/Shaders/Private/RayTracing/RayTracingDispatchDesc.usf" 2684
"../../../Engine/Shaders/Private/Bink.usf" 2685
"../../../Engine/Shaders/Private/VelocityShader.usf" 2686
"../../../Engine/Shaders/Private/DepthOnlyPixelShader.usf" 2687
"../../../Engine/Shaders/Private/PositionOnlyDepthVertexShader.usf" 2688
"../../../Engine/Shaders/Private/DepthOnlyVertexShader.usf" 2689
"../../../Engine/Shaders/Private/AnisotropyPassShader.usf" 2690
"../../../../Users/nguye/UnrealProject/DOTD/Intermediate/ShaderAutogen/PCD3D_SM5/AutogenShaderHeaders.ush" 2691
"C:/Users/nguye/UnrealProject/DOTD/Content/Enemy/BP_Enemy.uasset" 2692
"C:/Users/nguye/UnrealProject/DOTD/Content/TextMaterial/NeonTextMatBlue_Inst.uasset" 2693
"C:/Users/nguye/UnrealProject/DOTD/Content/ThirdPerson/Maps/Blockout.umap" 2694
"C:/Users/nguye/UnrealProject/DOTD/Content/ThirdPerson/Blueprints/BP_Light.uasset" 2695
"C:/Users/nguye/UnrealProject/DOTD/Content/ThirdPerson/Blueprints/BadEndScreen.uasset" 2696
"C:/Users/nguye/UnrealProject/DOTD/Content/ThirdPerson/Maps/_GENERATED/nguye/Box_EAED341D.uasset" 2697
"C:/Users/nguye/UnrealProject/DOTD/Content/ThirdPerson/Maps/_GENERATED/nguye/Box_9B9127B9.uasset" 2698
"C:/Users/nguye/UnrealProject/DOTD/Content/ThirdPerson/Maps/_GENERATED/nguye/Boolean_456F8C0D.uasset" 2699
"C:/Users/nguye/UnrealProject/DOTD/Content/ThirdPerson/Maps/_GENERATED/nguye/Box_6C501738.uasset" 2700
"C:/Users/nguye/UnrealProject/DOTD/Content/__ExternalActors__/ThirdPerson/Maps/ThirdPersonMap/E/G5/M53TE0MO6Z4M4NWT5G0TKB.uasset" 2701
"C:/Users/nguye/UnrealProject/DOTD/Content/__ExternalActors__/ThirdPerson/Maps/ThirdPersonMap/A/9X/ZAHI4G6P9JG2JI1YDUPAX0.uasset" 2702
"C:/Users/nguye/UnrealProject/DOTD/Content/__ExternalActors__/ThirdPerson/Maps/ThirdPersonMap/A/5A/7GYBVGKNH9DHV2JEZ6YNQN.uasset" 2703
"../../../Engine/Content/EditorResources/S_Actor.uasset" 2704
"C:/Users/nguye/AppData/Local/UnrealEngine/Common/DerivedDataCache/Buckets/BulkDataList/a7/98/03b1743aa289e56ee40a9229846179a82fe9.udd" 2705
"../../../../Users/nguye/UnrealProject/DOTD/Intermediate/ShaderAutogen/PCD3D_SM6/AutogenShaderHeaders.ush" 2706
"../../../Engine/Content/EditorResources/S_BoxReflectionCapture.uasset" 2707
"../../../Engine/Content/EngineResources/DefaultTexture.uasset" 2708
"C:/Users/nguye/AppData/Local/UnrealEngine/Common/DerivedDataCache/Buckets/BulkDataList/24/a9/5ceb74a8daa07affdf1ecf8eeffd484c92dd.udd" 2709
"../../../Engine/Content/EngineResources/DefaultTextureCube.uasset" 2710
"C:/Users/nguye/AppData/Local/UnrealEngine/Common/DerivedDataCache/Buckets/BulkDataList/1d/a5/af55b6643a38a47c6eac90f6dc3d8bba00d4.udd" 2711
"../../../Engine/Content/EngineResources/DefaultVolumeTexture.uasset" 2712
"C:/Users/nguye/AppData/Local/UnrealEngine/Common/DerivedDataCache/Buckets/BulkDataList/d0/09/2ff8626e4c024021b72eebe054ae5c78175a.udd" 2713
"../../../Engine/Content/EngineResources/DefaultVolumeTexture2D.uasset" 2714
"C:/Users/nguye/AppData/Local/UnrealEngine/Common/DerivedDataCache/Buckets/BulkDataList/07/4f/f271671ee1ba62d4aaedbc8da06abcef100b.udd" 2715
"../../../Engine/Content/EngineFonts/RobotoDistanceField.uasset" 2716
"C:/Users/nguye/AppData/Local/UnrealEngine/Common/DerivedDataCache/Buckets/BulkDataList/5f/38/e441e5ad9601e1c174e43e8bc0e0e6033b49.udd" 2717
"../../../Engine/Content/EngineMaterials/DefaultTextMaterialOpaque.uasset" 2718
"C:/Users/nguye/AppData/Local/UnrealEngine/Common/DerivedDataCache/Buckets/BulkDataList/2d/20/b4962f996adb2ca2aa5b2125137000697989.udd" 2719
"../../../Engine/Content/Functions/Engine_MaterialFunctions01/Shading/PowerToRoughness.uasset" 2720
"../../../Engine/Content/Functions/Engine_MaterialFunctions01/Shading/ConvertFromDiffSpec.uasset" 2721
"../../../Engine/Content/EngineMaterials/WorldGridMaterial.uasset" 2722
"../../../Engine/Content/Functions/Engine_MaterialFunctions01/Opacity/CameraDepthFade.uasset" 2723
"../../../Engine/Content/EngineMaterials/T_Default_Material_Grid_M.uasset" 2724
"../../../Engine/Content/EngineMaterials/T_Default_Material_Grid_N.uasset" 2725
"../../../Engine/Content/EngineMaterials/DefaultDeferredDecalMaterial.uasset" 2726
"../../../Engine/Content/EngineMaterials/DefaultDiffuse.uasset" 2727
"../../../Engine/Content/EngineMaterials/DefaultLightFunctionMaterial.uasset" 2728
"../../../Engine/Content/EngineMaterials/DefaultPostProcessMaterial.uasset" 2729
"../../../Engine/Content/Functions/Engine_MaterialFunctions02/Utility/BreakOutFloat2Components.uasset" 2730
"C:/Users/nguye/AppData/Local/UnrealEngine/Common/DerivedDataCache/Buckets/BulkDataList/2a/08/f533f477df73fe95f3a43557e1163661d465.udd" 2731
"C:/Users/nguye/AppData/Local/UnrealEngine/Common/DerivedDataCache/Buckets/BulkDataList/ec/90/fbbf8bac5d8e001c4f9b9bcb5e9b374a6663.udd" 2732
"../../../Engine/Content/EditorResources/S_Trigger.uasset" 2733
"C:/Users/nguye/AppData/Local/UnrealEngine/Common/DerivedDataCache/Buckets/BulkDataList/70/d4/e306606b4c33f142d15450e150ad0751d82c.udd" 2734
"../../../Engine/Content/EditorResources/S_TriggerBox.uasset" 2735
"C:/Users/nguye/AppData/Local/UnrealEngine/Common/DerivedDataCache/Buckets/BulkDataList/bb/a9/074e19ac7d0e4a248474c09d163c28ff3961.udd" 2736
"../../../Engine/Content/EditorResources/S_TriggerCapsule.uasset" 2737
"C:/Users/nguye/AppData/Local/UnrealEngine/Common/DerivedDataCache/Buckets/BulkDataList/26/76/51b6fc90b82c5f4ce968356969be505133c2.udd" 2738
"../../../Engine/Content/EditorResources/S_TriggerSphere.uasset" 2739
"../../../Engine/Content/EngineDamageTypes/DmgTypeBP_Environmental.uasset" 2740
"C:/Users/nguye/AppData/Local/UnrealEngine/Common/DerivedDataCache/Buckets/BulkDataList/83/62/77672d84193f0249f4c5946a5f5fd146ac03.udd" 2741
"C:/Users/nguye/AppData/Local/UnrealEngine/Common/DerivedDataCache/Buckets/BulkDataList/74/e1/15a5f8e1deabde7c2a7f80519d194ea024f6.udd" 2742
"../../../Engine/Content/EngineSky/VolumetricClouds/m_SimpleVolumetricCloud_Inst.uasset" 2743
"../../../Engine/Content/EngineSky/VolumetricClouds/m_SimpleVolumetricCloud.uasset" 2744
"../../../Engine/Content/Functions/Engine_MaterialFunctions02/Utility/MakeFloat2.uasset" 2745
"../../../Engine/Content/EngineSky/VolumetricClouds/CloudGradientTexture.uasset" 2746
"../../../Engine/Content/EngineSky/VolumetricClouds/CloudWeatherTexture.uasset" 2747
"../../../Engine/Content/EngineSky/VolumetricClouds/T_VolumeNoiseErosion32.uasset" 2748
"../../../Engine/Content/EngineSky/VolumetricClouds/T_NoiseErosion.uasset" 2749
"../../../Engine/Content/EngineSky/VolumetricClouds/T_VolumeNoiseShape64.uasset" 2750
"../../../Engine/Content/EngineSky/VolumetricClouds/T_NoiseShape64.uasset" 2751
"C:/Users/nguye/AppData/Local/UnrealEngine/Common/DerivedDataCache/Buckets/BulkDataList/9f/a2/517f8d34ff35f39d030a097bd3f1fefa1bd6.udd" 2752
"C:/Users/nguye/AppData/Local/UnrealEngine/Common/DerivedDataCache/Buckets/BulkDataList/32/8a/ecd126abc156f389ff93ab7a96eb1b9a47a5.udd" 2753
"../../../Engine/Content/EngineMeshes/Sphere.uasset" 2754
"C:/Users/nguye/AppData/Local/UnrealEngine/Common/DerivedDataCache/Buckets/BulkDataList/19/1b/aaff16bd3978d6db8e70976b28de133b6591.udd" 2755
"C:/Users/nguye/AppData/Local/UnrealEngine/Common/DerivedDataCache/Buckets/BulkDataList/9e/e1/08a0d96228f79bde150879919ef74674e8c6.udd" 2756
"C:/Users/nguye/AppData/Local/UnrealEngine/Common/DerivedDataCache/Buckets/BulkDataList/3f/9f/98db7293743d286c8aebbd875599e40e371b.udd" 2757
"C:/Users/nguye/AppData/Local/UnrealEngine/Common/DerivedDataCache/Buckets/BulkDataList/0c/a9/2b4eca4669daac1122f2b5f07365c2a593a5.udd" 2758
"C:/Users/nguye/AppData/Local/UnrealEngine/Common/DerivedDataCache/Buckets/LegacyNavCollision/51/68/0fc6bc0e92f39af7f3950b9d76f142e2dfc8.udd" 2759
"../../../Engine/Content/EngineResources/WhiteSquareTexture.uasset" 2760
"C:/Users/nguye/AppData/Local/UnrealEngine/Common/DerivedDataCache/Buckets/BulkDataList/87/cf/a9ed6d837fd52da49d2f3375d5f6aa37f288.udd" 2761
"../../../Engine/Content/EngineResources/GradientTexture0.uasset" 2762
"../../../Engine/Content/EngineResources/Black.uasset" 2763
"C:/Users/nguye/AppData/Local/UnrealEngine/Common/DerivedDataCache/Buckets/BulkDataList/ba/33/c04ba0069aaa51df076852b26c326441dc42.udd" 2764
"../../../Engine/Content/EngineMaterials/Widget3DPassThrough_Translucent.uasset" 2765
"C:/Users/nguye/AppData/Local/UnrealEngine/Common/DerivedDataCache/Buckets/BulkDataList/82/d5/75de70e763f29353bb4ca9243638aa677c05.udd" 2766
"../../../Engine/Content/EngineMaterials/Widget3DPassThrough.uasset" 2767
"../../../Engine/Content/EngineMaterials/Widget3DPassThrough_Translucent_OneSided.uasset" 2768
"../../../Engine/Content/EngineMaterials/Widget3DPassThrough_Opaque.uasset" 2769
"../../../Engine/Content/EngineMaterials/Widget3DPassThrough_Opaque_OneSided.uasset" 2770
"../../../Engine/Content/EngineMaterials/Widget3DPassThrough_Masked.uasset" 2771
"../../../Engine/Content/EngineMaterials/Widget3DPassThrough_Masked_OneSided.uasset" 2772
"../../../Engine/Content/VREditor/ViewportInteractionAssetContainerData.uasset" 2773
"../../../Engine/Content/VREditor/SnapGrid/SnapGridMaterial.uasset" 2774
"../../../Engine/Content/Functions/Engine_MaterialFunctions02/Math/Transform3x3Matrix.uasset" 2775
"../../../Engine/Content/Functions/Engine_MaterialFunctions02/Utility/BreakOutFloat3Components.uasset" 2776
"../../../Engine/Content/Functions/Engine_MaterialFunctions02/SplitComponents.uasset" 2777
"../../../Engine/Content/Functions/Engine_MaterialFunctions02/Utility/MakeFloat3.uasset" 2778
"../../../Engine/Content/VREditor/TransformGizmo/TransformGizmoMaterial_Inst.uasset" 2779
"../../../Engine/Content/VREditor/TransformGizmo/TransformGizmoMaterial.uasset" 2780
"../../../Engine/Content/VREditor/LaserPointer/VR_LaserPower_01.uasset" 2781
"../../../Engine/Content/VREditor/TransformGizmo/TranslucentTransformGizmoMaterial_Inst.uasset" 2782
"../../../Engine/Content/VREditor/TransformGizmo/TranslucentTransformGizmoMaterial.uasset" 2783
"../../../Engine/Content/VREditor/SnapGrid/SnapGridPlaneMesh.uasset" 2784
"../../../Engine/Content/VREditor/Sounds/UI/Drop_Item_From_ContentBrowser.uasset" 2785
"../../../Engine/Content/VREditor/Sounds/UI/Gizmo_Handle_Clicked.uasset" 2786
"../../../Engine/Content/VREditor/Sounds/UI/Object_PickUp.uasset" 2787
"../../../Engine/Content/VREditor/Sounds/UI/Object_Snaps_To_Another_Actor.uasset" 2788
"../../../Engine/Content/VREditor/Sounds/UI/Object_Snaps_To_Grid.uasset" 2789
"../../../Engine/Content/VREditor/Sounds/UI/Scaling_Down.uasset" 2790
"../../../Engine/Content/VREditor/Sounds/UI/Scaling_Up.uasset" 2791
"../../../Engine/Content/VREditor/Sounds/UI/Selection_Changes.uasset" 2792
"../../../Engine/Content/VREditor/TransformGizmo/PlaneTranslationHandle.uasset" 2793
"../../../Engine/Content/VREditor/TransformGizmo/RotationHandleFull.uasset" 2794
"../../../Engine/Content/VREditor/TransformGizmo/RotationHandleIndicator.uasset" 2795
"../../../Engine/Content/VREditor/TransformGizmo/RotationHandleQuarter.uasset" 2796
"../../../Engine/Content/VREditor/TransformGizmo/StartRotationHandleIndicator.uasset" 2797
"../../../Engine/Content/VREditor/TransformGizmo/TransformGizmoFreeRotation.uasset" 2798
"../../../Engine/Content/VREditor/TransformGizmo/TranslateArrowHandle.uasset" 2799
"../../../Engine/Content/VREditor/TransformGizmo/UniformScaleHandle.uasset" 2800
"C:/Users/nguye/AppData/Local/UnrealEngine/Common/DerivedDataCache/Buckets/BulkDataList/47/58/4876946aee36d87861b2251ccdd4bf186f66.udd" 2801
"C:/Users/nguye/AppData/Local/UnrealEngine/Common/DerivedDataCache/Buckets/BulkDataList/d2/71/a9d4a45a0eb2e5d5e14f816e9f2eb1b9cfc4.udd" 2802
"C:/Users/nguye/AppData/Local/UnrealEngine/Common/DerivedDataCache/Buckets/BulkDataList/a4/68/b23df5d627b537554592d6cd31a1c0ef6046.udd" 2803
"C:/Users/nguye/AppData/Local/UnrealEngine/Common/DerivedDataCache/Buckets/BulkDataList/4a/11/753bc58febeae97c2cffc8e245e417f365e1.udd" 2804
"C:/Users/nguye/AppData/Local/UnrealEngine/Common/DerivedDataCache/Buckets/BulkDataList/a7/d2/8eb3fd0f6217d5107d7d8fdf73dfb2801f48.udd" 2805
"C:/Users/nguye/AppData/Local/UnrealEngine/Common/DerivedDataCache/Buckets/BulkDataList/c1/b0/6e7cb25f772232e82b298475bda3ab622633.udd" 2806
"C:/Users/nguye/AppData/Local/UnrealEngine/Common/DerivedDataCache/Buckets/BulkDataList/e6/c5/28e9bb3afb1fa9d0434cbc365582b0ed3962.udd" 2807
"C:/Users/nguye/AppData/Local/UnrealEngine/Common/DerivedDataCache/Buckets/BulkDataList/b9/03/72e19916aa561565e8903bc374c345406b7a.udd" 2808
"C:/Users/nguye/AppData/Local/UnrealEngine/Common/DerivedDataCache/Buckets/BulkDataList/c1/34/0b83b06023a2337b6278eef414f0107c6e69.udd" 2809
"../../../Engine/Content/VREditor/TransformGizmo/BoundingBoxCorner.uasset" 2810
"../../../Engine/Content/VREditor/TransformGizmo/BoundingBoxEdge.uasset" 2811
"../../../Engine/Content/VREditor/TransformGizmo/SM_Sequencer_Node.uasset" 2812
"../../../Engine/Content/VREditor/TransformGizmo/Main.uasset" 2813
"../../../Engine/Content/VREditor/TransformGizmo/Xray.uasset" 2814
"../../../Engine/Content/EditorResources/S_Solver.uasset" 2815
"C:/Users/nguye/AppData/Local/UnrealEngine/Common/DerivedDataCache/Buckets/BulkDataList/b3/3d/b08e37963fa8698cb4596f55374873c15d69.udd" 2816
"../../../Engine/Content/EngineDebugMaterials/VolumeToRender.uasset" 2817
"../../../Engine/Content/EngineDebugMaterials/M_VolumeRenderSphereTracePP.uasset" 2818
"C:/Users/nguye/AppData/Local/UnrealEngine/Common/DerivedDataCache/Buckets/BulkDataList/30/c8/5774378792221cf548cb6e9a29c0a4434db9.udd" 2819
"../../../Engine/Content/Functions/Engine_MaterialFunctions02/Utility/CameraDirectionVector.uasset" 2820
"../../../Engine/Content/EditorMeshes/Camera/SM_CraneRig_Base.uasset" 2821
"../../../Engine/Content/EditorMaterials/Camera/MI_CineMat_Rig.uasset" 2822
"../../../Engine/Content/EditorMaterials/Camera/CineMat.uasset" 2823
"../../../Engine/Content/EditorMeshes/Camera/SM_CraneRig_Arm.uasset" 2824
"../../../Engine/Content/EditorMeshes/Camera/SM_CraneRig_Mount.uasset" 2825
"../../../Engine/Content/EditorMeshes/Camera/SM_CraneRig_Body.uasset" 2826
"../../../Engine/Content/EditorMeshes/Camera/SM_RailRig_Track.uasset" 2827
"../../../Engine/Content/EditorMeshes/Camera/SM_RailRig_Mount.uasset" 2828
"../../../Engine/Content/ArtTools/RenderToTexture/Meshes/S_1_Unit_Plane.uasset" 2829
"../../../Engine/Content/EngineDebugMaterials/M_SimpleUnlitTranslucent.uasset" 2830
"../../../Engine/Content/EngineFonts/Roboto.uasset" 2831
"../../../Engine/Content/EngineFonts/Faces/DroidSansFallback.uasset" 2832
"../../../Engine/Content/EngineFonts/Faces/RobotoBold.uasset" 2833
"../../../Engine/Content/EngineFonts/Faces/RobotoBoldItalic.uasset" 2834
"../../../Engine/Content/EngineFonts/Faces/RobotoItalic.uasset" 2835
"../../../Engine/Content/EngineFonts/Faces/RobotoLight.uasset" 2836
"../../../Engine/Content/EngineFonts/Faces/RobotoRegular.uasset" 2837
"../../../Engine/Content/EditorMaterials/ParticleSystems/PSysThumbnail_NoImage.uasset" 2838
"../../../Engine/Content/EditorMaterials/ParticleSystems/PSysThumbnail_OOD.uasset" 2839
"C:/Users/nguye/AppData/Local/UnrealEngine/Common/DerivedDataCache/Buckets/BulkDataList/02/62/3c21b74e96fedb387a5f09dfe4b9f3386c0a.udd" 2840
"../../../Engine/Content/EditorLandscapeResources/SplineEditorMesh.uasset" 2841
"C:/Users/nguye/AppData/Local/UnrealEngine/Common/DerivedDataCache/Buckets/BulkDataList/2c/c2/79e31a6b849492b61c31bedd5689b1a9315e.udd" 2842
"../../../Engine/Content/EditorLandscapeResources/SplineEditorMeshMat.uasset" 2843
"../../../Engine/Content/EditorLandscapeResources/DataLayer.uasset" 2844
"../../../Engine/Content/Internationalization/icudt64l/coll/ucadata.icu" 2845
"../../../Engine/Content/Internationalization/icudt64l/coll/en.res" 2846
"../../../Engine/Content/Internationalization/icudt64l/coll/root.res" 2847
"../../Plugins/Animation/ACLPlugin/Content/ACLAnimBoneCompressionSettings.uasset" 2848
"../../../Engine/Content/Animation/DefaultRecorderBoneCompression.uasset" 2849
"../../../Engine/Content/Animation/DefaultAnimCurveCompressionSettings.uasset" 2850
"../../../Engine/Content/Animation/DefaultVariableFrameStrippingSettings.uasset" 2851
"../../Plugins/Animation/ControlRig/Content/Controls/ControlRigXRayMaterial.uasset" 2852
"../../Plugins/Animation/ControlRig/Content/Controls/DefaultGizmoLibraryNormalized.uasset" 2853
"../../Plugins/Animation/ControlRig/Content/M_Manip.uasset" 2854
"../../../Engine/Content/Functions/Engine_MaterialFunctions02/WorldPositionOffset/CameraOffset.uasset" 2855
"../../Plugins/2D/Paper2D/Content/MaskedUnlitSpriteMaterial.uasset" 2856
"../../Plugins/2D/Paper2D/Content/DefaultSpriteMaterial.uasset" 2857
"../../Plugins/2D/Paper2D/Content/PlaceholderTextures/DummySpriteTexture.uasset" 2858
"../../Plugins/2D/Paper2D/Content/OpaqueUnlitSpriteMaterial.uasset" 2859
"C:/Users/nguye/AppData/Local/UnrealEngine/Common/DerivedDataCache/Buckets/BulkDataList/10/4e/047bee96f2897f2ffb2a852b8af55ac5b946.udd" 2860
"../../Plugins/2D/Paper2D/Content/DefaultPaperTerrainMaterial.uasset" 2861
"../../Plugins/2D/Paper2D/Content/DummySprite.uasset" 2862
"../../Plugins/Interchange/Runtime/Content/gltf/MaterialBodies/MF_Default_Body.uasset" 2863
"../../Plugins/Interchange/Runtime/Content/gltf/MaterialFunctions/MF_BaseColor.uasset" 2864
"../../Plugins/Interchange/Runtime/Content/gltf/MaterialFunctions/MF_TransformUVs.uasset" 2865
"../../Plugins/Interchange/Runtime/Content/gltf/MaterialFunctions/MF_RotateV2.uasset" 2866
"../../Plugins/Interchange/Runtime/Content/gltf/Textures/T_White_srgb.uasset" 2867
"../../Plugins/Interchange/Runtime/Content/gltf/MaterialFunctions/MF_Emissive.uasset" 2868
"../../Plugins/Interchange/Runtime/Content/gltf/MaterialFunctions/MF_IOR.uasset" 2869
"../../Plugins/Interchange/Runtime/Content/gltf/MaterialFunctions/MF_MetallicRoughness.uasset" 2870
"../../Plugins/Interchange/Runtime/Content/gltf/Textures/T_White_Linear.uasset" 2871
"../../Plugins/Interchange/Runtime/Content/gltf/MaterialFunctions/MF_Normals.uasset" 2872
"../../Plugins/Interchange/Runtime/Content/gltf/MaterialFunctions/MF_RotateNormals_TS.uasset" 2873
"../../Plugins/Interchange/Runtime/Content/gltf/Textures/T_Generic_N.uasset" 2874
"../../Plugins/Interchange/Runtime/Content/gltf/MaterialFunctions/MF_Occlusion.uasset" 2875
"../../Plugins/Interchange/Runtime/Content/gltf/MaterialFunctions/MF_Specular.uasset" 2876
"C:/Users/nguye/AppData/Local/UnrealEngine/Common/DerivedDataCache/Buckets/BulkDataList/ab/fb/528a04af7c630379762f873ba5b6b804278d.udd" 2877
"C:/Users/nguye/AppData/Local/UnrealEngine/Common/DerivedDataCache/Buckets/BulkDataList/80/ec/c252991aafbf1be95725112cf3ea08e1834c.udd" 2878
"../../Plugins/Interchange/Runtime/Content/gltf/MaterialBodies/MF_Unlit_Body.uasset" 2879
"C:/Users/nguye/AppData/Local/UnrealEngine/Common/DerivedDataCache/Buckets/BulkDataList/d4/6a/09f4884ea9f140838923350abd338e092ede.udd" 2880
"../../Plugins/Interchange/Runtime/Content/gltf/MaterialBodies/MF_ClearCoat_Body.uasset" 2881
"../../Plugins/Interchange/Runtime/Content/gltf/MaterialFunctions/MF_Clearcoat.uasset" 2882
"../../../Engine/Content/Functions/Engine_MaterialFunctions01/Texturing/FlattenNormal.uasset" 2883
"../../Plugins/Interchange/Runtime/Content/gltf/MaterialBodies/MF_Sheen_Body.uasset" 2884
"../../Plugins/Interchange/Runtime/Content/gltf/MaterialFunctions/MF_Sheen.uasset" 2885
"../../Plugins/Interchange/Runtime/Content/gltf/MaterialBodies/MF_Transmission_Body.uasset" 2886
"../../Plugins/Interchange/Runtime/Content/gltf/MaterialFunctions/MF_Fresnel_DS.uasset" 2887
"../../Plugins/Interchange/Runtime/Content/gltf/MaterialFunctions/MF_Temporal_Blur.uasset" 2888
"../../../Engine/Content/Functions/Engine_MaterialFunctions02/Texturing/ScreenAlignedPixelToPixelUVs.uasset" 2889
"../../../Engine/Content/EngineMaterials/Good64x64TilingNoiseHighFreq.uasset" 2890
"../../Plugins/Interchange/Runtime/Content/gltf/MaterialFunctions/MF_Transmission.uasset" 2891
"../../Plugins/Interchange/Runtime/Content/gltf/MaterialBodies/MF_SpecularGlossiness_Body.uasset" 2892
"C:/Users/nguye/AppData/Local/UnrealEngine/Common/DerivedDataCache/Buckets/BulkDataList/c6/c7/6d8d20d6610db0988b71a45afd59ecfdc7af.udd" 2893
"../../Plugins/Interchange/Runtime/Content/gltf/MaterialFunctions/MF_DiffuseSpecGloss.uasset" 2894
"../../Plugins/Interchange/Runtime/Content/gltf/MaterialFunctions/MF_SpecGlossToMetalRoughness.uasset" 2895
"../../Plugins/Interchange/Runtime/Content/gltf/MaterialFunctions/MF_PerceivedBrightness.uasset" 2896
"../../../Engine/Content/Functions/Engine_MaterialFunctions02/Math/AddComponents.uasset" 2897
"../../Plugins/Editor/SpeedTreeImporter/Content/SpeedTree9/SpeedTreeMaster.uasset" 2898
"../../../Engine/Content/Functions/Engine_MaterialFunctions02/ObjectLocalBounds.uasset" 2899
"../../../Engine/Content/Functions/Engine_MaterialFunctions02/SafeNormalize.uasset" 2900
"../../../Engine/Content/Functions/Engine_MaterialFunctions02/Utility/VectorLength.uasset" 2901
"../../../Engine/Content/Functions/Engine_MaterialFunctions02/UVs/BoundingBoxBased_0-1_UVW.uasset" 2902
"../../../Engine/Content/Functions/Engine_MaterialFunctions02/WorldPositionOffset/ObjectScale.uasset" 2903
"../../Plugins/Editor/SpeedTreeImporter/Content/SpeedTree9/SpeedTreeBranchMotion.uasset" 2904
"../../Plugins/Editor/SpeedTreeImporter/Content/SpeedTree9/SpeedTreeWindMotion.uasset" 2905
"../../Plugins/Editor/SpeedTreeImporter/Content/SpeedTree9/game_wind_noise.uasset" 2906
"../../Plugins/Editor/SpeedTreeImporter/Content/SpeedTree9/UnpackDirection.uasset" 2907
"../../Plugins/Editor/SpeedTreeImporter/Content/SpeedTree9/UnpackInteger3.uasset" 2908
"../../Plugins/Editor/SpeedTreeImporter/Content/SpeedTree9/SpeedTreeCameraFacing.uasset" 2909
"../../Plugins/Editor/SpeedTreeImporter/Content/SpeedTree9/SpeedTreeWind.uasset" 2910
"../../Plugins/Editor/SpeedTreeImporter/Content/SpeedTree9/Empty.uasset" 2911
"../../Plugins/Editor/SpeedTreeImporter/Content/SpeedTree9/EmptyNormal.uasset" 2912
"C:/Users/nguye/AppData/Local/UnrealEngine/Common/DerivedDataCache/Buckets/BulkDataList/84/07/860cbc0331fb00389853c71020826c44e14b.udd" 2913
"../../Plugins/Editor/SpeedTreeImporter/Content/SpeedTree9/SpeedTreeBillboardMaster.uasset" 2914
"C:/Users/nguye/AppData/Local/UnrealEngine/Common/DerivedDataCache/Buckets/BulkDataList/23/1b/69c957f1eb56293a316805f173da6af68f90.udd" 2915
"C:/Users/nguye/AppData/Local/UnrealEngine/Common/DerivedDataCache/Buckets/BulkDataList/8e/91/8e3187ee2b788d400e032c97c066c0df8d1b.udd" 2916
"../../Plugins/Editor/SpeedTreeImporter/Content/SpeedTree9/SpeedTreeBillboard.uasset" 2917
"C:/Users/nguye/AppData/Local/UnrealEngine/Common/DerivedDataCache/Buckets/BulkDataPayloadId/ac/cc/a6aa9daa7cbf76c8953f7e3d2c201a8a54cb.udd" 2918
"C:/Users/nguye/AppData/Local/UnrealEngine/Common/DerivedDataCache/Buckets/BulkDataPayloadId/93/1e/fa687e128aa134c7085da39d1269fafb1746.udd" 2919
"../../Plugins/Media/MediaPlate/Content/SM_MediaPlateScreen.uasset" 2920
"C:/Users/nguye/UnrealProject/DOTD/Saved/Config/WindowsEditor/ObjectMixerSerializedData.ini" 2921
"C:/Users/nguye/AppData/Local/UnrealEngine/Editor/UInteractiveToolsPresetCollectionAsset_DefaultCollection.json" 2922
"../../../Engine/Content/EngineMaterials/NaniteHiddenSectionMaterial.uasset" 2923
"../../../Engine/Content/EngineMaterials/RemoveSurfaceMaterial.uasset" 2924
"../../../Engine/Content/EngineDebugMaterials/DebugMeshMaterial.uasset" 2925
"../../../Engine/Content/EngineMaterials/EmissiveMeshMaterial.uasset" 2926
"../../../Engine/Content/EngineMaterials/DefaultWhiteGrid_Low.uasset" 2927
"C:/Users/nguye/AppData/Local/UnrealEngine/Common/DerivedDataCache/Buckets/BulkDataList/f4/e6/786e2ffe2303aea92d40149885ea6f644d0c.udd" 2928
"../../../Engine/Content/EngineMaterials/M_InvalidLightmapSettings.uasset" 2929
"../../../Engine/Content/EngineMaterials/InvalidLightmapSettings.uasset" 2930
"../../../Engine/Content/EngineMaterials/GizmoMaterial.uasset" 2931
"C:/Users/nguye/AppData/Local/UnrealEngine/Common/DerivedDataCache/Buckets/BulkDataList/e3/43/61048a40044ec74cf388bc251d26537c43cc.udd" 2932
"../../../Engine/Content/EngineMaterials/PhAT_JointLimitMaterial.uasset" 2933
"../../../Engine/Content/EngineMaterials/FlattenMaterial.uasset" 2934
"../../../Engine/Content/EngineMaterials/BaseFlattenDiffuseMap.uasset" 2935
"../../../Engine/Content/EngineMaterials/BaseFlattenEmissiveMap.uasset" 2936
"../../../Engine/Content/EngineMaterials/BaseFlattenGrayscaleMap.uasset" 2937
"../../../Engine/Content/EngineMaterials/BaseFlattenLinearColor.uasset" 2938
"../../../Engine/Content/EngineMaterials/BaseFlattenNormalMap.uasset" 2939
"../../../Engine/Content/Functions/Engine_MaterialFunctions02/PivotPainter2/Black_1x1_EXR_Texture.uasset" 2940
"../../../Engine/Content/EngineMaterials/FlattenMaterial_VT.uasset" 2941
"C:/Users/nguye/AppData/Local/UnrealEngine/Common/DerivedDataCache/Buckets/BulkDataList/8f/73/b677f9f7a3e7ecd20bd0eee85ffc1018bf87.udd" 2942
"C:/Users/nguye/AppData/Local/UnrealEngine/Common/DerivedDataCache/Buckets/BulkDataList/71/52/cbe5e0e8f19b0cb5c2bfc856a71ec60e0c9c.udd" 2943
"C:/Users/nguye/AppData/Local/UnrealEngine/Common/DerivedDataCache/Buckets/BulkDataList/11/ba/6f41855f72d56a984cf8f38504f6ab5c0f3a.udd" 2944
"C:/Users/nguye/AppData/Local/UnrealEngine/Common/DerivedDataCache/Buckets/BulkDataList/d4/70/f100a4f4644f55fd17de207499c7477cf052.udd" 2945
"../../../Engine/Content/EngineMaterials/BaseFlattenDiffuseMap_VT.uasset" 2946
"C:/Users/nguye/AppData/Local/UnrealEngine/Common/DerivedDataCache/Buckets/BulkDataList/bd/35/44566fc7347970130b1752627bec5e0a0533.udd" 2947
"C:/Users/nguye/AppData/Local/UnrealEngine/Common/DerivedDataCache/Buckets/BulkDataList/6b/ce/1606c1a65318fe93ab566083f662c8f2acdd.udd" 2948
"../../../Engine/Content/EngineMaterials/BaseFlattenEmissiveMap_VT.uasset" 2949
"../../../Engine/Content/EngineMaterials/BaseFlattenGrayscaleMap_VT.uasset" 2950
"../../../Engine/Content/EngineMaterials/BaseFlattenLinearColor_VT.uasset" 2951
"../../../Engine/Content/EngineMaterials/BaseFlattenNormalMap_VT.uasset" 2952
"../../../Engine/Content/EngineMaterials/Black_1x1_EXR_Texture_VT.uasset" 2953
"C:/Users/nguye/AppData/Local/UnrealEngine/Common/DerivedDataCache/Buckets/BulkDataList/33/c0/01fa40aee6138af6e28edcdb870d740559cd.udd" 2954
"C:/Users/nguye/AppData/Local/UnrealEngine/Common/DerivedDataCache/Buckets/BulkDataList/e5/09/2c5b6652fbd04da1db3924d71b70b91def5f.udd" 2955
"C:/Users/nguye/AppData/Local/UnrealEngine/Common/DerivedDataCache/Buckets/BulkDataList/88/8e/13c0145b1dc99cf8b52f31270d881ead7d9a.udd" 2956
"../../../Engine/Content/EngineMaterials/FlattenMaterial_WS_Normal_VT.uasset" 2957
"C:/Users/nguye/AppData/Local/UnrealEngine/Common/DerivedDataCache/Buckets/BulkDataList/ab/76/1bed940521ea3376fc042f10f2de674280aa.udd" 2958
"C:/Users/nguye/AppData/Local/UnrealEngine/Common/DerivedDataCache/Buckets/BulkDataList/b4/4b/41c96bf75363ea1dd14da20f3b0a6ee2a4f5.udd" 2959
"../../../Engine/Content/EngineMaterials/DefaultBokeh.uasset" 2960
"C:/Users/nguye/AppData/Local/UnrealEngine/Common/DerivedDataCache/Buckets/BulkDataList/93/f4/5279eb97927f914faecf08bd75893780beea.udd" 2961
"C:/Users/nguye/AppData/Local/UnrealEngine/Common/DerivedDataCache/Buckets/BulkDataList/0c/45/02b00705d04cb0d4fbab34e3d5c81ae90b5f.udd" 2962
"../../../Engine/Content/EngineMaterials/MiniFont.uasset" 2963
"../../../Engine/Content/EngineMaterials/WeightMapPlaceholderTexture.uasset" 2964
"C:/Users/nguye/AppData/Local/UnrealEngine/Common/DerivedDataCache/Buckets/BulkDataList/88/b8/0fed35879223cd71536a62f444e978bc4f2e.udd" 2965
"C:/Users/nguye/AppData/Local/UnrealEngine/Common/DerivedDataCache/Buckets/BulkDataList/13/0e/7a45d45cff35d0649ddac67638e1b82b5570.udd" 2966
"../../../Engine/Content/EngineMaterials/DefaultWhiteGrid.uasset" 2967
"../../../Engine/Content/EngineMaterials/PreintegratedSkinBRDF.uasset" 2968
"C:/Users/nguye/AppData/Local/UnrealEngine/Common/DerivedDataCache/Buckets/BulkDataList/f0/10/543c5c4ceb0d6ba3fac5ba096aa310cccbd1.udd" 2969
"../../../Engine/Content/EngineMaterials/DefaultPhysicalMaterial.uasset" 2970
"C:/Users/nguye/AppData/Local/UnrealEngine/Common/DerivedDataCache/Buckets/BulkDataList/90/e0/a621a6d4e6c6869b2eaa4d2cdcea1bcca8cf.udd" 2971
"../../../Engine/Content/EngineMaterials/DefaultDestructiblePhysicalMaterial.uasset" 2972
"../../../Engine/Content/EditorLandscapeResources/DefaultAlphaTexture.uasset" 2973
"../../../Engine/Content/EditorResources/S_Terrain.uasset" 2974
"C:/Users/nguye/AppData/Local/UnrealEngine/Common/DerivedDataCache/Buckets/BulkDataList/36/06/3505557896c06e9fa5b0991c62e543983794.udd" 2975
"C:/Users/nguye/AppData/Local/UnrealEngine/Common/DerivedDataCache/Buckets/BulkDataList/82/47/f4cd744821d244de8b04d43b3b57b00cfa05.udd" 2976
"../../../Engine/Content/BasicShapes/Cube.uasset" 2977
"../../../Engine/Content/BasicShapes/Sphere.uasset" 2978
"../../../Engine/Content/EngineMaterials/DefaultMaterial.uasset" 2979
"../../../Engine/Content/BasicShapes/Cylinder.uasset" 2980
"../../../Engine/Content/BasicShapes/Cone.uasset" 2981
"../../../Engine/Content/BasicShapes/Plane.uasset" 2982
"../../Plugins/Runtime/MeshModelingToolset/Content/Materials/M_DynamicMeshComponentVtxColor.uasset" 2983
"../../Plugins/FX/Niagara/Content/ParameterDefinitions/SpriteRenderer.uasset" 2984
"../../Plugins/FX/Niagara/Content/ParameterDefinitions/RibbonRenderer.uasset" 2985
"../../Plugins/FX/Niagara/Content/ParameterDefinitions/MeshRenderer.uasset" 2986
"../../Plugins/FX/Niagara/Content/ParameterDefinitions/LightRenderer.uasset" 2987
"../../Plugins/FX/Niagara/Content/ParameterDefinitions/DecalRenderer.uasset" 2988
"../../Plugins/FX/Niagara/Content/ParameterDefinitions/CoreParameters.uasset" 2989
"../../../Engine/Content/EditorResources/SequenceRecorder/Countdown.uasset" 2990
"../../../Engine/Content/EditorResources/SequenceRecorder/RecordingIndicator.uasset" 2991
"C:/Users/nguye/AppData/Local/UnrealEngine/Common/DerivedDataCache/Buckets/BulkDataList/d3/a5/4e669c9bed7b9893a354e24df22ac2b90b0d.udd" 2992
"../../../Engine/Content/EditorMaterials/PhAT_UnselectedMaterial.uasset" 2993
"C:/Users/nguye/AppData/Local/UnrealEngine/Common/DerivedDataCache/Buckets/BulkDataList/e7/74/a4823064ca300c00cf78eca2d0e29a738dfe.udd" 2994
"../../../Engine/Content/EditorMaterials/PhAT_NoCollisionMaterial.uasset" 2995
"C:/Users/nguye/UnrealProject/DOTD/Intermediate/ShaderAutogen/PCD3D_SM6/AutogenShaderHeaders.ush" 2996
"../../../Engine/Plugins/Interchange/Runtime/Content/Pipelines/DefaultMaterialPipeline.uasset" 2997
"../../../Engine/Plugins/Interchange/Runtime/Content/Pipelines/DefaultTexturePipeline.uasset" 2998
"../../../Engine/Plugins/Interchange/Runtime/Content/Pipelines/DefaultMaterialXPipeline.uasset" 2999
"../../../Engine/Plugins/Interchange/Runtime/Content/Pipelines/DefaultGLTFSceneAssetsPipeline.uasset" 3000
"../../../Engine/Plugins/Interchange/Runtime/Content/Pipelines/DefaultGLTFPipeline.uasset" 3001
"../../../Engine/Content/EngineSounds/Master.uasset" 3002
"../../../Engine/Plugins/Interchange/Runtime/Content/Pipelines/DefaultAssetsPipeline.uasset" 3003
"../../../Engine/Plugins/Interchange/Runtime/Content/Pipelines/DefaultSceneAssetsPipeline.uasset" 3004
"../../../Engine/Plugins/Interchange/Runtime/Content/Pipelines/DefaultSceneLevelPipeline.uasset" 3005
"../../../Engine/Plugins/Interchange/Runtime/Content/Pipelines/DefaultGLTFAssetsPipeline.uasset" 3006
"C:/Users/nguye/UnrealProject/DOTD/Content/ThirdPerson/Maps/ThirdPersonMap_BuiltData.uasset" 3007
"C:/Users/nguye/UnrealProject/DOTD/Content/ThirdPerson/Blueprints/BPI_Light.uasset" 3008
"C:/Users/nguye/UnrealProject/DOTD/Content/ThirdPerson/Blueprints/BPI_Interact.uasset" 3009
"C:/Users/nguye/UnrealProject/DOTD/Content/ThirdPerson/Blueprints/BPI_Door.uasset" 3010
"../../../Engine/Content/EditorResources/BSPVertex.uasset" 3011
"C:/Users/nguye/UnrealProject/DOTD/Content/ThirdPerson/Input/Actions/IA_Look.uasset" 3012
"C:/Users/nguye/UnrealProject/DOTD/Content/ThirdPerson/Input/Actions/IA_Jump.uasset" 3013
"C:/Users/nguye/UnrealProject/DOTD/Content/Material/LightMat.uasset" 3014
"../../../Engine/Content/EngineResources/FilmGrains/Marcie_Grain_v3_128_M2_000.uasset" 3015
"../../../Engine/Plugins/Interchange/Runtime/Content/Functions/MX_UsdPreviewSurface.uasset" 3016
"C:/Users/nguye/UnrealProject/DOTD/Content/ThirdPerson/Input/Actions/IA_Move.uasset" 3017
"../../../Engine/Content/EngineMaterials/STBlueNoise_vec2_128x128x64.uasset" 3018
"../../../Engine/Plugins/Interchange/Runtime/Content/Functions/MX_SurfaceUnlit.uasset" 3019
"../../../Engine/Content/EngineDebugMaterials/DebugEditorMaterial.uasset" 3020
"../../../Engine/Plugins/Animation/ControlRig/Content/Controls/ControlRigGizmoMaterial.uasset" 3021
"../../../Engine/Content/EngineMaterials/STBlueNoise_scalar_128x128x64.uasset" 3022
"../../../Engine/Content/EngineMaterials/DefaultBloomKernel.uasset" 3023
"C:/Users/nguye/UnrealProject/DOTD/Content/LevelPrototyping/Textures/T_GridChecker_A.uasset" 3024
"C:/Users/nguye/UnrealProject/DOTD/Content/LevelPrototyping/Materials/M_Solid.uasset" 3025
"C:/Users/nguye/UnrealProject/DOTD/Content/Enemy/country-road-creature-rig/textures/head.uasset" 3026
"C:/Users/nguye/UnrealProject/DOTD/Content/Enemy/country-road-creature-rig/textures/eye.uasset" 3027
"C:/Users/nguye/UnrealProject/DOTD/Content/Enemy/country-road-creature-rig/textures/body_d.uasset" 3028
"C:/Users/nguye/UnrealProject/DOTD/Content/Enemy/country-road-creature-rig/source/head.uasset" 3029
"C:/Users/nguye/UnrealProject/DOTD/Content/Enemy/country-road-creature-rig/textures/body_n.uasset" 3030
"C:/Users/nguye/UnrealProject/DOTD/Content/Enemy/country-road-creature-rig/source/Creature_PhysicsAsset.uasset" 3031
"C:/Users/nguye/UnrealProject/DOTD/Content/Characters/Mannequin_UE4/Textures/T_UE4_Mannequin_MAT_MASKA.uasset" 3032
"C:/Users/nguye/UnrealProject/DOTD/Content/Enemy/country-road-creature-rig/source/body.uasset" 3033
"C:/Users/nguye/UnrealProject/DOTD/Content/Enemy/country-road-creature-rig/source/Creature_Skeleton.uasset" 3034
"C:/Users/nguye/UnrealProject/DOTD/Content/Characters/Mannequin_UE4/Textures/T_UELogo_Mask.uasset" 3035
"C:/Users/nguye/UnrealProject/DOTD/Content/Enemy/country-road-creature-rig/source/eye.uasset" 3036
"C:/Users/nguye/AppData/Local/UnrealEngine/Common/DerivedDataCache/Buckets/BulkDataList/e7/25/361a69a999e79d6a0ee59c9d3a621ce5eab7.udd" 3037
"C:/Users/nguye/UnrealProject/DOTD/Content/Characters/Mannequin_UE4/Textures/T_ML_Aluminum01_N.uasset" 3038
"C:/Users/nguye/UnrealProject/DOTD/Content/Characters/Mannequin_UE4/Textures/T_ML_Rubber_Blue_01_D.uasset" 3039
"C:/Users/nguye/UnrealProject/DOTD/Content/Characters/Mannequin_UE4/Textures/T_ML_Aluminum01.uasset" 3040
"C:/Users/nguye/UnrealProject/DOTD/Content/Characters/Mannequin_UE4/Rigs/IK_UE4_Mannequin.uasset" 3041
"C:/Users/nguye/AppData/Local/UnrealEngine/Common/DerivedDataCache/Buckets/BulkDataList/07/9d/139c25605aa77a9f6c90a4fe421806a9a84b.udd" 3042
"C:/Users/nguye/UnrealProject/DOTD/Content/Characters/Mannequin_UE4/Textures/T_ML_Rubber_Blue_01_N.uasset" 3043
"C:/Users/nguye/UnrealProject/DOTD/Content/Characters/Mannequin_UE4/Textures/T_UE4_Mannequin__normals.uasset" 3044
"C:/Users/nguye/UnrealProject/DOTD/Content/Characters/Mannequin_UE4/Textures/T_UELogo_N_TGA.uasset" 3045
"C:/Users/nguye/AppData/Local/UnrealEngine/Common/DerivedDataCache/Buckets/BulkDataList/0e/c4/019712caa37b50a19405acbdbccee34c8438.udd" 3046
"C:/Users/nguye/AppData/Local/UnrealEngine/Common/DerivedDataCache/Buckets/BulkDataList/23/26/22f78e332b9503eeb90ae4d53f89394627e4.udd" 3047
"C:/Users/nguye/UnrealProject/DOTD/Content/Characters/Mannequin_UE4/Materials/Layers/ML_ShinyPlastic_Beige.uasset" 3048
"C:/Users/nguye/UnrealProject/DOTD/Content/Characters/Mannequin_UE4/Meshes/SK_Mannequin_PhysicsAsset.uasset" 3049
"C:/Users/nguye/UnrealProject/DOTD/Content/Characters/Mannequin_UE4/Meshes/SK_Mannequin_Skeleton.uasset" 3050
"C:/Users/nguye/AppData/Local/UnrealEngine/Common/DerivedDataCache/Buckets/LegacyAudio/fb/09/caf09bc9505fb1473291b24283cc83511acb.udd" 3051
"C:/Users/nguye/AppData/Local/UnrealEngine/Common/DerivedDataCache/Buckets/LegacyAudio/53/28/c9da6be198748fcc5ac0983e1b01b79bb802.udd" 3052
"C:/Users/nguye/AppData/Local/UnrealEngine/Common/DerivedDataCache/Buckets/LegacyAudio/cf/93/59f035e23748f3e9ddfadf28fa9cc93b1f7f.udd" 3053
"C:/Users/nguye/UnrealProject/DOTD/Content/Characters/Mannequins/Textures/Quinn/T_Quinn_02_CCRCCPlastic_MSK.uasset" 3054
"C:/Users/nguye/UnrealProject/DOTD/Content/Characters/Mannequins/Textures/Shared/T_UE_Logo_M.uasset" 3055
"C:/Users/nguye/AppData/Local/UnrealEngine/Common/DerivedDataCache/Buckets/LegacyAudio/14/2a/41c9034834f38cc39eabbfba74caae3da8eb.udd" 3056
"C:/Users/nguye/AppData/Local/UnrealEngine/Common/DerivedDataCache/Buckets/LegacySTREAMEDAUDIO/33/c7/6e7440ca7f35d3d40bcc0c08e9ddff9af85e.udd" 3057
"C:/Users/nguye/AppData/Local/UnrealEngine/Common/DerivedDataCache/Buckets/LegacyAudio/be/8c/8490e079c713eef8aa9b3128361fa3df3f41.udd" 3058
"C:/Users/nguye/AppData/Local/UnrealEngine/Common/DerivedDataCache/Buckets/LegacySTREAMEDAUDIO/c6/3c/02f1dcd1e7fe8692fe814c744a33b5cf672e.udd" 3059
"C:/Users/nguye/AppData/Local/UnrealEngine/Common/DerivedDataCache/Buckets/LegacySTREAMEDAUDIO/33/00/35ab6fda29f44b148ca96fb3984396563cbc.udd" 3060
"C:/Users/nguye/UnrealProject/DOTD/Content/Characters/Mannequins/Textures/Quinn/T_Quinn_02ID_Tan.uasset" 3061
"C:/Users/nguye/UnrealProject/DOTD/Content/Characters/Mannequins/Textures/Quinn/T_Quinn_02_ASAOMASK_MSK.uasset" 3062
"C:/Users/nguye/AppData/Local/UnrealEngine/Common/DerivedDataCache/Buckets/LegacyAudio/6a/eb/82c16a75e02bcd7b98861788168a571ee9de.udd" 3063
"C:/Users/nguye/UnrealProject/DOTD/Content/Characters/Mannequins/Textures/Quinn/T_Quinn_02ID_MSR_MSK.uasset" 3064
"C:/Users/nguye/UnrealProject/DOTD/Content/Characters/Mannequins/Textures/Quinn/T_Quinn_02ID_N.uasset" 3065
"C:/Users/nguye/UnrealProject/DOTD/Content/Characters/Mannequins/Textures/Quinn/T_Quinn_02ID_D.uasset" 3066
"C:/Users/nguye/AppData/Local/UnrealEngine/Common/DerivedDataCache/Buckets/BulkDataList/52/3b/45468966bcdca67d78753a54a25bad2a8a30.udd" 3067
"C:/Users/nguye/UnrealProject/DOTD/Content/Characters/Mannequins/Textures/Quinn/T_Quinn_02ID_BN.uasset" 3068
"C:/Users/nguye/UnrealProject/DOTD/Content/Characters/Mannequins/Textures/Quinn/T_Quinn_01ID_D.uasset" 3069
"C:/Users/nguye/UnrealProject/DOTD/Content/Characters/Mannequins/Textures/Quinn/T_Quinn_01ID_N.uasset" 3070
"C:/Users/nguye/UnrealProject/DOTD/Content/Characters/Mannequins/Textures/Manny/T_Manny_02_MSR_MSK.uasset" 3071
"C:/Users/nguye/UnrealProject/DOTD/Content/Characters/Mannequins/Textures/Manny/T_Manny_02_Tan.uasset" 3072
"C:/Users/nguye/UnrealProject/DOTD/Content/Characters/Mannequins/Textures/Quinn/T_Quinn_01_ASAOMASK_MSK.uasset" 3073
"C:/Users/nguye/UnrealProject/DOTD/Content/Characters/Mannequins/Textures/Quinn/T_Quinn_01ID_BN.uasset" 3074
"C:/Users/nguye/UnrealProject/DOTD/Content/Characters/Mannequins/Textures/Quinn/T_Quinn_01ID_MSR_MSK.uasset" 3075
"C:/Users/nguye/UnrealProject/DOTD/Content/Characters/Mannequins/Textures/Quinn/T_Quinn_01_CCRCCPlastic_MSK.uasset" 3076
"C:/Users/nguye/UnrealProject/DOTD/Content/Characters/Mannequins/Textures/Quinn/T_Quinn_01ID_Tan.uasset" 3077
"C:/Users/nguye/UnrealProject/DOTD/Content/Characters/Mannequins/Textures/Manny/T_Manny_02_N.uasset" 3078
"C:/Users/nguye/AppData/Local/UnrealEngine/Common/DerivedDataCache/Buckets/LegacyAudio/50/f3/53e1ea3da637d411cc735d3a3aa5eee4f28e.udd" 3079
"C:/Users/nguye/AppData/Local/UnrealEngine/Common/DerivedDataCache/Buckets/LegacyAudio/31/3a/bb1fdc0d85a32113e693ef08127530dd1daa.udd" 3080
"C:/Users/nguye/UnrealProject/DOTD/Content/Characters/Mannequins/Textures/Manny/T_Manny_02_CCRCCPlastic_MSK.uasset" 3081
"C:/Users/nguye/UnrealProject/DOTD/Content/Characters/Mannequins/Textures/Manny/T_Manny_02_D.uasset" 3082
"C:/Users/nguye/UnrealProject/DOTD/Content/Characters/Mannequins/Textures/Manny/T_Manny_02_ASAOPMASK_MSK.uasset" 3083
"C:/Users/nguye/UnrealProject/DOTD/Content/Characters/Mannequins/Textures/Manny/T_Manny_01_Tan.uasset" 3084
"C:/Users/nguye/UnrealProject/DOTD/Content/Characters/Mannequins/Textures/Manny/T_Manny_01_BN.uasset" 3085
"C:/Users/nguye/UnrealProject/DOTD/Content/Characters/Mannequins/Textures/Manny/T_Manny_01_N.uasset" 3086
"C:/Users/nguye/UnrealProject/DOTD/Content/Characters/Mannequins/Textures/Manny/T_Manny_01_MSR_MSK.uasset" 3087
"C:/Users/nguye/AppData/Local/UnrealEngine/Common/DerivedDataCache/Buckets/BulkDataList/e2/02/33245614b9fb8ff0605dc2154d51537e0470.udd" 3088
"C:/Users/nguye/UnrealProject/DOTD/Content/Characters/Mannequins/Materials/Functions/ML_BaseColorFallOff.uasset" 3089
"C:/Users/nguye/AppData/Local/UnrealEngine/Common/DerivedDataCache/Buckets/BulkDataList/94/15/7c9744b57fad6f2b77310e158cc73018d3b0.udd" 3090
"C:/Users/nguye/AppData/Local/UnrealEngine/Common/DerivedDataCache/Buckets/BulkDataList/fb/15/460d937b173ed97366f50ea6b55a2cf583c2.udd" 3091
"C:/Users/nguye/UnrealProject/DOTD/Content/Characters/Mannequins/Meshes/SK_Mannequin.uasset" 3092
"C:/Users/nguye/UnrealProject/DOTD/Content/Characters/Mannequins/Textures/Manny/T_Manny_02_BN.uasset" 3093
"C:/Users/nguye/UnrealProject/DOTD/Content/Characters/Mannequins/Rigs/IK_Mannequin.uasset" 3094
"C:/Users/nguye/UnrealProject/DOTD/Content/Characters/Mannequins/Rigs/PA_Mannequin.uasset" 3095
"C:/Users/nguye/UnrealProject/DOTD/Content/Characters/Mannequins/Meshes/Mannequin_LODSettings.uasset" 3096
"C:/Users/nguye/UnrealProject/DOTD/Content/Characters/Mannequins/Textures/Manny/T_Manny_01_ASAOPMASK_MSK.uasset" 3097
"C:/Users/nguye/UnrealProject/DOTD/Content/Characters/Mannequins/Textures/Manny/T_Manny_01_D.uasset" 3098
"C:/Users/nguye/UnrealProject/DOTD/Content/Characters/Mannequins/Textures/Manny/T_Manny_01_CCRCCPlastic_MSK.uasset" 3099
"C:/Users/nguye/AppData/Local/UnrealEngine/Common/DerivedDataCache/Buckets/BulkDataList/89/26/ceb400285bd9fcbeec101057bdb76ad97bf1.udd" 3100
"C:/Users/nguye/AppData/Local/UnrealEngine/Common/DerivedDataCache/Buckets/BulkDataList/ad/75/f9e71f08b177947e573fcce421bcea0a4893.udd" 3101
"../../../Engine/Plugins/Interchange/Runtime/Content/Functions/MF_SchlickApprox.uasset" 3102
"../../../Engine/Plugins/Interchange/Runtime/Content/Functions/MF_OrenNayerView.uasset" 3103
"../../../Engine/Content/EngineSounds/Submixes/MasterReverbEffectPreset.uasset" 3104
"C:/Users/nguye/AppData/Local/UnrealEngine/Common/DerivedDataCache/Buckets/BulkDataList/36/0d/91ded2cc4ebc278851121f92fc4673c989e9.udd" 3105
"../../../Engine/Content/EngineMaterials/Substrate/Volume/SubstrateSimpleVolumeLUT2D.uasset" 3106
"../../../Engine/Content/EngineMaterials/Substrate/Glints2/dict_0001_0022.uasset" 3107
"../../../Engine/Content/EngineMaterials/Substrate/Volume/SubstrateSimpleVolumeEnvLUT2D.uasset" 3108
"../../../Engine/Content/EngineMaterials/Substrate/Glints2/dict_0000_0185.uasset" 3109
"C:/Users/nguye/AppData/Local/UnrealEngine/Common/DerivedDataCache/Buckets/BulkDataList/8b/ee/7a368a36c4e7d75a907c17cbead230c02de6.udd" 3110
"../../../Engine/Content/EngineMaterials/Substrate/Glints2/dict_0000_0031.uasset" 3111
"../../../Engine/Content/EngineMaterials/Substrate/Glints2/dict_0000_0154.uasset" 3112
"C:/Users/nguye/AppData/Local/UnrealEngine/Common/DerivedDataCache/Buckets/BulkDataList/15/8d/29cfbf972fcc3c59058fa62c4f40163c7c00.udd" 3113
"../../../Engine/Content/EngineMaterials/Substrate/Glints2/dict_0007_0226.uasset" 3114
"C:/Users/nguye/AppData/Local/UnrealEngine/Common/DerivedDataCache/Buckets/BulkDataList/28/67/686c1c0bdeaed878edc75d322f4534228b0e.udd" 3115
"../../../Engine/Content/MobileResources/HUD/VirtualJoystick_Thumb.uasset" 3116
"../../../Engine/Content/EngineMaterials/Substrate/Glints2/dict_0001_0186.uasset" 3117
"../../../Engine/Content/EngineMaterials/Substrate/Glints2/dict_0005_0149.uasset" 3118
"../../../Engine/Content/EngineMaterials/Substrate/Glints2/dict_0002_0188.uasset" 3119
"../../../Engine/Content/MobileResources/HUD/VirtualJoystick_Background.uasset" 3120
"../../../Engine/Content/EngineSounds/Submixes/MasterEQEffectPreset.uasset" 3121
"../../../Engine/Content/EngineMaterials/Substrate/Glints2/dict_0004_0069.uasset" 3122
"../../../Engine/Content/EngineMaterials/Substrate/Glints2/dict_0000_0213.uasset" 3123
"C:/Users/nguye/AppData/Local/UnrealEngine/Common/DerivedDataCache/Buckets/BulkDataList/6f/bf/4a90884c4bb5ccbec974797e59123478816f.udd" 3124
"C:/Users/nguye/AppData/Local/UnrealEngine/Common/DerivedDataCache/Buckets/BulkDataList/51/44/5d38f74f0db5d1801f281f00fb494f64f281.udd" 3125
"../../../Engine/Content/EngineMaterials/DefaultCalibrationColor.uasset" 3126
"../../../Engine/Content/EngineMaterials/Substrate/Glints2/dict_0002_0212.uasset" 3127
"../../../Engine/Content/EngineMaterials/Substrate/Glints2/dict_0002_0219.uasset" 3128
"../../../Engine/Content/EngineMaterials/Substrate/Glints2/dict_0005_0044.uasset" 3129
"../../../Engine/Content/EngineMaterials/Substrate/Glints2/dict_0001_0107.uasset" 3130
"../../../Engine/Content/EngineMaterials/Substrate/Glints2/dict_0002_0024.uasset" 3131
"../../../Engine/Content/EngineMaterials/Substrate/Glints2/dict_0002_0119.uasset" 3132
"../../../Engine/Content/EngineMaterials/Substrate/Glints2/dict_0007_0066.uasset" 3133
"C:/Users/nguye/AppData/Local/UnrealEngine/Common/DerivedDataCache/Buckets/BulkDataList/ec/37/78765b81216b4ff194584fff47d021ce5c6c.udd" 3134
"../../../Engine/Content/EngineMaterials/Substrate/Glints2/dict_0005_0120.uasset" 3135
"C:/Users/nguye/AppData/Local/UnrealEngine/Common/DerivedDataCache/Buckets/BulkDataList/c3/83/7703b0c6bff0f3ff06a8ae9e2a50e47ba02c.udd" 3136
"../../../Engine/Content/EngineMaterials/Substrate/Glints2/dict_0001_0041.uasset" 3137
"C:/Users/nguye/AppData/Local/UnrealEngine/Common/DerivedDataCache/Buckets/BulkDataList/5c/9b/6e1011726254009c6b5aa90aaabf4114c940.udd" 3138
"C:/Users/nguye/UnrealProject/DOTD/Content/Characters/Mannequins/Materials/Functions/ChromaticCurve.uasset" 3139
"C:/Users/nguye/AppData/Local/UnrealEngine/Common/DerivedDataCache/Buckets/BulkDataList/74/98/02a6c8b358be9b8002217952d985f28e2a92.udd" 3140
"../../../Engine/Content/EngineMaterials/DefaultCalibrationGrayscale.uasset" 3141
"C:/Users/nguye/AppData/Local/UnrealEngine/Common/DerivedDataCache/Buckets/BulkDataList/8d/a2/14d8afb6edf3e3869a5f5cb9fbe79beddee2.udd" 3142
"C:/Users/nguye/AppData/Local/UnrealEngine/Common/DerivedDataCache/Buckets/BulkDataList/db/ea/48ac3aca6faca02f2e6bc6047cfebaadcceb.udd" 3143
"../../../Engine/Content/EngineMaterials/Substrate/Glints2/dict_0004_0036.uasset" 3144
"../../../Engine/Content/EngineMaterials/Substrate/Glints2/dict_0003_0156.uasset" 3145
"C:/Users/nguye/AppData/Local/UnrealEngine/Common/DerivedDataCache/Buckets/BulkDataList/89/03/5ba448267c9296d47ae46bf5a46a6c348a5e.udd" 3146
"../../../Engine/Content/EngineMaterials/Substrate/Glints2/dict_0006_0046.uasset" 3147
"../../../Engine/Content/EngineMaterials/Substrate/Glints2/dict_0000_0003.uasset" 3148
"../../../Engine/Content/EngineMaterials/Substrate/Glints2/dict_0005_0078.uasset" 3149
"../../../Engine/Content/EngineMaterials/Substrate/Glints2/dict_0001_0068.uasset" 3150
"../../../Engine/Content/EngineMaterials/Substrate/Glints2/dict_0001_0247.uasset" 3151
"../../../Engine/Content/EngineMaterials/Substrate/Glints2/dict_0000_0178.uasset" 3152
"../../../Engine/Content/EngineMaterials/Substrate/Glints2/dict_0003_0055.uasset" 3153
"../../../Engine/Content/EngineMaterials/Substrate/Glints2/dict_0007_0116.uasset" 3154
"../../../Engine/Content/EngineMaterials/Substrate/Glints2/dict_0006_0039.uasset" 3155
"../../../Engine/Content/EngineMaterials/Substrate/Glints2/dict_0000_0205.uasset" 3156
"C:/Users/nguye/AppData/Local/UnrealEngine/Common/DerivedDataCache/Buckets/BulkDataList/56/d4/9872da3d52f177ff56bcdfab8d4d0b9525db.udd" 3157
"../../../Engine/Content/EngineMaterials/Substrate/Glints2/dict_0002_0076.uasset" 3158
"../../../Engine/Content/EngineMaterials/Substrate/Glints2/dict_0003_0067.uasset" 3159
"../../../Engine/Content/EngineMaterials/Substrate/Glints2/dict_0005_0072.uasset" 3160
"../../../Engine/Content/EngineMaterials/Substrate/Glints2/dict_0007_0100.uasset" 3161
"../../../Engine/Content/EngineMaterials/Substrate/Glints2/dict_0005_0179.uasset" 3162
"../../../Engine/Content/EngineMaterials/Substrate/Glints2/dict_0005_0054.uasset" 3163
"../../../Engine/Content/EngineMaterials/Substrate/Glints2/dict_0004_0138.uasset" 3164
"../../../Engine/Content/EngineMaterials/Substrate/Glints2/dict_0007_0091.uasset" 3165
"../../../Engine/Content/EngineMaterials/Substrate/Glints2/dict_0004_0132.uasset" 3166
"../../../Engine/Content/EngineMaterials/Substrate/Glints2/dict_0007_0213.uasset" 3167
"../../../Engine/Content/EngineMaterials/Substrate/Glints2/dict_0000_0164.uasset" 3168
"../../../Engine/Content/EngineMaterials/Substrate/Glints2/dict_0006_0006.uasset" 3169
"../../../Engine/Content/EngineMaterials/Substrate/Glints2/dict_0005_0064.uasset" 3170
"../../../Engine/Content/EngineMaterials/Substrate/Glints2/dict_0007_0252.uasset" 3171
"../../../Engine/Content/EngineMaterials/Substrate/Glints2/dict_0000_0225.uasset" 3172
"../../../Engine/Content/EngineMaterials/Substrate/Glints2/dict_0000_0174.uasset" 3173
"C:/Users/nguye/AppData/Local/UnrealEngine/Common/DerivedDataCache/Buckets/BulkDataList/ed/9c/759b37d04f0c1709a269c680a4816c555d0c.udd" 3174
"../../../Engine/Content/EngineMaterials/Substrate/Glints2/dict_0001_0115.uasset" 3175
"../../../Engine/Content/EngineMaterials/Substrate/Glints2/dict_0000_0088.uasset" 3176
"../../../Engine/Content/EngineMaterials/Substrate/Glints2/dict_0006_0247.uasset" 3177
"../../../Engine/Content/EngineMaterials/Substrate/Glints2/dict_0006_0099.uasset" 3178
"../../../Engine/Content/EngineMaterials/Substrate/Glints2/dict_0001_0230.uasset" 3179
"../../../Engine/Content/EngineMaterials/Substrate/Glints2/dict_0007_0099.uasset" 3180
"../../../Engine/Content/EngineMaterials/Substrate/Glints2/dict_0002_0116.uasset" 3181
"../../../Engine/Content/EngineMaterials/Substrate/Glints2/dict_0004_0135.uasset" 3182
"../../../Engine/Content/EngineMaterials/Substrate/Glints2/dict_0001_0007.uasset" 3183
"../../../Engine/Content/EngineMaterials/Substrate/Glints2/dict_0006_0253.uasset" 3184
"../../../Engine/Content/EngineMaterials/Substrate/Glints2/dict_0000_0053.uasset" 3185
"../../../Engine/Content/EngineMaterials/Substrate/Glints2/dict_0001_0052.uasset" 3186
"../../../Engine/Content/EngineMaterials/Substrate/Glints2/dict_0003_0095.uasset" 3187
"../../../Engine/Content/EngineMaterials/Substrate/Glints2/dict_0002_0128.uasset" 3188
"../../../Engine/Content/EngineMaterials/Substrate/Glints2/dict_0002_0178.uasset" 3189
"../../../Engine/Content/EngineMaterials/Substrate/Glints2/dict_0005_0164.uasset" 3190
"../../../Engine/Content/EngineMaterials/Substrate/Glints2/dict_0003_0177.uasset" 3191
"../../../Engine/Content/EngineMaterials/Substrate/Glints2/dict_0000_0076.uasset" 3192
"../../../Engine/Content/EngineMaterials/Substrate/Glints2/dict_0006_0130.uasset" 3193
"../../../Engine/Content/EngineMaterials/Substrate/Glints2/dict_0000_0059.uasset" 3194
"../../../Engine/Content/EngineMaterials/Substrate/Glints2/dict_0002_0061.uasset" 3195
"../../../Engine/Content/EngineMaterials/Substrate/Glints2/dict_0004_0220.uasset" 3196
"../../../Engine/Content/EngineMaterials/Substrate/Glints2/dict_0005_0057.uasset" 3197
"../../../Engine/Content/EngineMaterials/Substrate/Glints2/dict_0007_0077.uasset" 3198
"../../../Engine/Content/EngineMaterials/Substrate/Glints2/dict_0007_0175.uasset" 3199
"../../../Engine/Content/EngineMaterials/Substrate/Glints2/dict_0003_0229.uasset" 3200
"../../../Engine/Content/EngineMaterials/Substrate/Glints2/dict_0004_0086.uasset" 3201
"../../../Engine/Content/EngineMaterials/Substrate/Glints2/dict_0004_0171.uasset" 3202
"../../../Engine/Content/EngineMaterials/Substrate/Glints2/dict_0004_0238.uasset" 3203
"C:/Users/nguye/AppData/Local/UnrealEngine/Common/DerivedDataCache/Buckets/LegacySTREAMEDAUDIO/38/ae/8d6319735789b91d94891d0542d348843dab.udd" 3204
"C:/Users/nguye/AppData/Local/UnrealEngine/Common/DerivedDataCache/Buckets/LegacySTREAMEDAUDIO/5b/a7/43a69cc060b25768c59afae2753e311dc5a4.udd" 3205
"C:/Users/nguye/AppData/Local/UnrealEngine/Common/DerivedDataCache/Buckets/LegacySTREAMEDAUDIO/4c/35/ceaafcac107446cbde837903e6d6ebe19d8d.udd" 3206
"../../../Engine/Content/EngineMaterials/Substrate/Glints2/dict_0006_0164.uasset" 3207
"C:/Users/nguye/AppData/Local/UnrealEngine/Common/DerivedDataCache/Buckets/LegacySTREAMEDAUDIO/0f/11/6dd964f03f4d8db974afa662aef18138723c.udd" 3208
"../../../Engine/Content/EngineMaterials/Substrate/Glints2/dict_0000_0132.uasset" 3209
"../../../Engine/Content/EngineMaterials/Substrate/Glints2/dict_0006_0238.uasset" 3210
"../../../Engine/Content/EngineMaterials/Substrate/Glints2/dict_0000_0091.uasset" 3211
"C:/Users/nguye/AppData/Local/UnrealEngine/Common/DerivedDataCache/Buckets/LegacySTREAMEDAUDIO/7f/30/9487bbe5eeefe9f30f3ebd9910a88294e0d5.udd" 3212
"../../../Engine/Content/EngineMaterials/Substrate/Glints2/dict_0005_0039.uasset" 3213
"../../../Engine/Content/EngineMaterials/Substrate/Glints2/dict_0003_0241.uasset" 3214
"../../../Engine/Content/EngineMaterials/Substrate/Glints2/dict_0004_0247.uasset" 3215
"../../../Engine/Content/EngineMaterials/Substrate/Glints2/dict_0003_0252.uasset" 3216
"../../../Engine/Content/EngineMaterials/Substrate/Glints2/dict_0003_0255.uasset" 3217
"../../../Engine/Content/EngineMaterials/Substrate/Glints2/dict_0007_0223.uasset" 3218
"../../../Engine/Content/EngineMaterials/Substrate/Glints2/dict_0006_0235.uasset" 3219
"../../../Engine/Content/EngineMaterials/Substrate/Glints2/dict_0003_0017.uasset" 3220
"../../../Engine/Content/EngineMaterials/Substrate/Glints2/dict_0004_0167.uasset" 3221
"../../../Engine/Content/EngineMaterials/Substrate/Glints2/dict_0005_0238.uasset" 3222
"../../../Engine/Content/EngineMaterials/Substrate/Glints2/dict_0006_0215.uasset" 3223
"../../../Engine/Content/EngineMaterials/Substrate/Glints2/dict_0003_0056.uasset" 3224
"../../../Engine/Content/EngineMaterials/Substrate/Glints2/dict_0003_0165.uasset" 3225
"../../../Engine/Content/EngineMaterials/Substrate/Glints2/dict_0003_0069.uasset" 3226
"../../../Engine/Content/EngineMaterials/Substrate/Glints2/dict_0004_0045.uasset" 3227
"../../../Engine/Content/EngineMaterials/Substrate/Glints2/dict_0002_0091.uasset" 3228
"../../../Engine/Content/EngineMaterials/Substrate/Glints2/dict_0005_0056.uasset" 3229
"../../../Engine/Content/EngineMaterials/Substrate/Glints2/dict_0006_0003.uasset" 3230
"../../../Engine/Content/EngineMaterials/Substrate/Glints2/dict_0003_0222.uasset" 3231
"../../../Engine/Content/EngineMaterials/Substrate/Glints2/dict_0006_0053.uasset" 3232
"../../../Engine/Content/EngineMaterials/Substrate/Glints2/dict_0000_0161.uasset" 3233
"../../../Engine/Content/EngineMaterials/Substrate/Glints2/dict_0005_0005.uasset" 3234
"../../../Engine/Content/EngineMaterials/Substrate/Glints2/dict_0004_0029.uasset" 3235
"../../../Engine/Content/EngineMaterials/Substrate/Glints2/dict_0005_0127.uasset" 3236
"../../../Engine/Content/EngineMaterials/Substrate/Glints2/dict_0006_0051.uasset" 3237
"../../../Engine/Content/EngineMaterials/Substrate/Glints2/dict_0000_0035.uasset" 3238
"../../../Engine/Content/EngineMaterials/Substrate/Glints2/dict_0004_0064.uasset" 3239
"../../../Engine/Content/EngineMaterials/Substrate/Glints2/dict_0003_0114.uasset" 3240
"../../../Engine/Content/EngineMaterials/Substrate/Glints2/dict_0002_0099.uasset" 3241
"../../../Engine/Content/EngineMaterials/Substrate/Glints2/dict_0001_0233.uasset" 3242
"../../../Engine/Content/EngineMaterials/Substrate/Glints2/dict_0004_0003.uasset" 3243
"../../../Engine/Content/EngineMaterials/Substrate/Glints2/dict_0001_0195.uasset" 3244
"../../../Engine/Content/EngineMaterials/Substrate/Glints2/dict_0001_0153.uasset" 3245
"../../../Engine/Content/EngineMaterials/Substrate/Glints2/dict_0005_0030.uasset" 3246
"../../../Engine/Content/EngineMaterials/Substrate/Glints2/dict_0003_0076.uasset" 3247
"../../../Engine/Content/EngineMaterials/Substrate/Glints2/dict_0001_0091.uasset" 3248
"../../../Engine/Content/EngineMaterials/Substrate/Glints2/dict_0007_0230.uasset" 3249
"../../../Engine/Content/EngineMaterials/Substrate/Glints2/dict_0004_0102.uasset" 3250
"../../../Engine/Content/EngineMaterials/Substrate/Glints2/dict_0006_0129.uasset" 3251
"../../../Engine/Content/EngineMaterials/Substrate/Glints2/dict_0007_0034.uasset" 3252
"../../../Engine/Content/EngineMaterials/Substrate/Glints2/dict_0006_0134.uasset" 3253
"../../../Engine/Content/EngineMaterials/Substrate/Glints2/dict_0001_0089.uasset" 3254
"../../../Engine/Content/EngineMaterials/Substrate/Glints2/dict_0006_0001.uasset" 3255
"../../../Engine/Content/EngineMaterials/Substrate/Glints2/dict_0002_0088.uasset" 3256
"../../../Engine/Content/EngineMaterials/Substrate/Glints2/dict_0000_0239.uasset" 3257
"../../../Engine/Content/EngineMaterials/Substrate/Glints2/dict_0002_0250.uasset" 3258
"../../../Engine/Content/EngineMaterials/Substrate/Glints2/dict_0001_0051.uasset" 3259
"../../../Engine/Content/EngineMaterials/Substrate/Glints2/dict_0005_0192.uasset" 3260
"../../../Engine/Content/EngineMaterials/Substrate/Glints2/dict_0006_0075.uasset" 3261
"../../../Engine/Content/EngineMaterials/Substrate/Glints2/dict_0002_0126.uasset" 3262
"../../../Engine/Content/EngineMaterials/Substrate/Glints2/dict_0002_0004.uasset" 3263
"../../../Engine/Content/EngineMaterials/Substrate/Glints2/dict_0005_0062.uasset" 3264
"../../../Engine/Content/EngineMaterials/Substrate/Glints2/dict_0004_0071.uasset" 3265
"../../../Engine/Content/EngineMaterials/Substrate/Glints2/dict_0007_0050.uasset" 3266
"../../../Engine/Content/EngineMaterials/Substrate/Glints2/dict_0003_0123.uasset" 3267
"../../../Engine/Content/EngineMaterials/Substrate/Glints2/dict_0002_0002.uasset" 3268
"../../../Engine/Content/EngineMaterials/Substrate/Glints2/dict_0005_0169.uasset" 3269
"../../../Engine/Content/EngineMaterials/Substrate/Glints2/dict_0005_0050.uasset" 3270
"../../../Engine/Content/EngineMaterials/Substrate/Glints2/dict_0002_0158.uasset" 3271
"../../../Engine/Content/EngineMaterials/Substrate/Glints2/dict_0006_0077.uasset" 3272
"../../../Engine/Content/EngineMaterials/Substrate/Glints2/dict_0007_0032.uasset" 3273
"../../../Engine/Content/EngineMaterials/Substrate/Glints2/dict_0001_0175.uasset" 3274
"../../../Engine/Content/EngineMaterials/Substrate/Glints2/dict_0006_0160.uasset" 3275
"../../../Engine/Content/EngineMaterials/Substrate/Glints2/dict_0007_0217.uasset" 3276
"../../../Engine/Content/EngineMaterials/Substrate/Glints2/dict_0004_0094.uasset" 3277
"../../../Engine/Content/EngineMaterials/Substrate/Glints2/dict_0002_0120.uasset" 3278
"../../../Engine/Content/EngineMaterials/Substrate/Glints2/dict_0007_0249.uasset" 3279
"../../../Engine/Content/EngineMaterials/Substrate/Glints2/dict_0006_0107.uasset" 3280
"../../../Engine/Content/EngineMaterials/Substrate/Glints2/dict_0000_0028.uasset" 3281
"../../../Engine/Content/EngineMaterials/Substrate/Glints2/dict_0001_0219.uasset" 3282
"../../../Engine/Content/EngineMaterials/Substrate/Glints2/dict_0003_0135.uasset" 3283
"../../../Engine/Content/EngineMaterials/Substrate/Glints2/dict_0001_0203.uasset" 3284
"../../../Engine/Content/EngineMaterials/Substrate/Glints2/dict_0005_0183.uasset" 3285
"../../../Engine/Content/EngineMaterials/Substrate/Glints2/dict_0003_0038.uasset" 3286
"../../../Engine/Content/EngineMaterials/Substrate/Glints2/dict_0003_0009.uasset" 3287
"../../../Engine/Content/EngineMaterials/Substrate/Glints2/dict_0007_0162.uasset" 3288
"../../../Engine/Content/EngineMaterials/Substrate/Glints2/dict_0003_0188.uasset" 3289
"../../../Engine/Content/EngineMaterials/Substrate/Glints2/dict_0006_0103.uasset" 3290
"../../../Engine/Content/EngineMaterials/Substrate/Glints2/dict_0004_0106.uasset" 3291
"../../../Engine/Content/EngineMaterials/Substrate/Glints2/dict_0007_0038.uasset" 3292
"C:/Users/nguye/AppData/Local/UnrealEngine/Common/DerivedDataCache/Buckets/BulkDataList/b6/16/a6758e27b34bda7a61e5a5ee0f1f024b33c5.udd" 3293
"C:/Users/nguye/AppData/Local/UnrealEngine/Common/DerivedDataCache/Buckets/BulkDataList/5c/2e/c1938d625ca325f929dc430599b2b7c969d6.udd" 3294
"../../../Engine/Content/EngineMaterials/Substrate/Glints2/dict_0005_0176.uasset" 3295
"C:/Users/nguye/AppData/Local/UnrealEngine/Common/DerivedDataCache/Buckets/LegacySTREAMEDAUDIO/13/71/60a6360a06e4f17c2e92e6db7a722558d783.udd" 3296
"../../../Engine/Content/EngineMaterials/Substrate/Glints2/dict_0001_0201.uasset" 3297
"../../../Engine/Content/EngineMaterials/Substrate/Glints2/dict_0007_0210.uasset" 3298
"../../../Engine/Content/EngineMaterials/Substrate/Glints2/dict_0007_0106.uasset" 3299
"../../../Engine/Content/EngineMaterials/Substrate/Glints2/dict_0001_0106.uasset" 3300
"../../../Engine/Content/EngineMaterials/Substrate/Glints2/dict_0004_0241.uasset" 3301
"../../../Engine/Content/EngineMaterials/Substrate/Glints2/dict_0003_0224.uasset" 3302
"../../../Engine/Content/EngineMaterials/Substrate/Glints2/dict_0002_0199.uasset" 3303
"../../../Engine/Content/EngineMaterials/Substrate/Glints2/dict_0003_0022.uasset" 3304
"../../../Engine/Content/EngineMaterials/Substrate/Glints2/dict_0007_0194.uasset" 3305
"../../../Engine/Content/EngineMaterials/Substrate/Glints2/dict_0002_0006.uasset" 3306
"../../../Engine/Content/EngineMaterials/Substrate/Glints2/dict_0006_0167.uasset" 3307
"../../../Engine/Content/EngineMaterials/Substrate/Glints2/dict_0006_0181.uasset" 3308
"../../../Engine/Content/EngineMaterials/Substrate/Glints2/dict_0005_0063.uasset" 3309
"../../../Engine/Content/EngineMaterials/Substrate/Glints2/dict_0006_0237.uasset" 3310
"../../../Engine/Content/EngineMaterials/Substrate/Glints2/dict_0004_0100.uasset" 3311
"../../../Engine/Content/EngineMaterials/Substrate/Glints2/dict_0001_0246.uasset" 3312
"../../../Engine/Content/EngineMaterials/Substrate/Glints2/dict_0000_0200.uasset" 3313
"../../../Engine/Content/EngineMaterials/Substrate/Glints2/dict_0005_0209.uasset" 3314
"../../../Engine/Content/EngineMaterials/Substrate/Glints2/dict_0002_0155.uasset" 3315
"../../../Engine/Content/EngineMaterials/Substrate/Glints2/dict_0003_0109.uasset" 3316
"../../../Engine/Content/EngineMaterials/Substrate/Glints2/dict_0003_0103.uasset" 3317
"../../../Engine/Content/EngineMaterials/Substrate/Glints2/dict_0003_0006.uasset" 3318
"../../../Engine/Content/EngineMaterials/Substrate/Glints2/dict_0007_0080.uasset" 3319
"../../../Engine/Content/EngineMaterials/Substrate/Glints2/dict_0007_0082.uasset" 3320
"../../../Engine/Content/EngineMaterials/Substrate/Glints2/dict_0005_0076.uasset" 3321
"../../../Engine/Content/EngineMaterials/Substrate/Glints2/dict_0002_0160.uasset" 3322
"../../../Engine/Content/EngineMaterials/Substrate/Glints2/dict_0003_0161.uasset" 3323
"../../../Engine/Content/EngineMaterials/Substrate/Glints2/dict_0005_0105.uasset" 3324
"../../../Engine/Content/EngineMaterials/Substrate/Glints2/dict_0004_0217.uasset" 3325
"../../../Engine/Content/EngineMaterials/Substrate/Glints2/dict_0006_0113.uasset" 3326
"../../../Engine/Content/EngineMaterials/Substrate/Glints2/dict_0006_0021.uasset" 3327
"../../../Engine/Content/EngineMaterials/Substrate/Glints2/dict_0005_0084.uasset" 3328
"../../../Engine/Content/EngineMaterials/Substrate/Glints2/dict_0006_0088.uasset" 3329
"../../../Engine/Content/EngineMaterials/Substrate/Glints2/dict_0001_0035.uasset" 3330
"../../../Engine/Content/EngineMaterials/Substrate/Glints2/dict_0000_0165.uasset" 3331
"../../../Engine/Content/EngineMaterials/Substrate/Glints2/dict_0005_0134.uasset" 3332
"../../../Engine/Content/EngineMaterials/Substrate/Glints2/dict_0001_0217.uasset" 3333
"../../../Engine/Content/EngineMaterials/Substrate/Glints2/dict_0000_0055.uasset" 3334
"../../../Engine/Content/EngineMaterials/Substrate/Glints2/dict_0003_0064.uasset" 3335
"../../../Engine/Content/EngineMaterials/Substrate/Glints2/dict_0004_0127.uasset" 3336
"../../../Engine/Content/EngineMaterials/Substrate/Glints2/dict_0000_0114.uasset" 3337
"../../../Engine/Content/EngineMaterials/Substrate/Glints2/dict_0005_0130.uasset" 3338
"../../../Engine/Content/EngineMaterials/Substrate/Glints2/dict_0007_0111.uasset" 3339
"../../../Engine/Content/EngineMaterials/Substrate/Glints2/dict_0003_0186.uasset" 3340
"../../../Engine/Content/EngineMaterials/Substrate/Glints2/dict_0002_0063.uasset" 3341
"../../../Engine/Content/EngineMaterials/Substrate/Glints2/dict_0006_0040.uasset" 3342
"../../../Engine/Content/EngineMaterials/Substrate/Glints2/dict_0004_0126.uasset" 3343
"../../../Engine/Content/EngineMaterials/Substrate/Glints2/dict_0000_0106.uasset" 3344
"../../../Engine/Content/EngineMaterials/Substrate/Glints2/dict_0005_0219.uasset" 3345
"../../../Engine/Content/EngineMaterials/Substrate/Glints2/dict_0002_0118.uasset" 3346
"../../../Engine/Content/EngineMaterials/Substrate/Glints2/dict_0000_0061.uasset" 3347
"../../../Engine/Content/EngineMaterials/Substrate/Glints2/dict_0000_0126.uasset" 3348
"../../../Engine/Content/EngineMaterials/Substrate/Glints2/dict_0006_0047.uasset" 3349
"../../../Engine/Content/EngineMaterials/Substrate/Glints2/dict_0002_0238.uasset" 3350
"../../../Engine/Content/EngineMaterials/Substrate/Glints2/dict_0001_0167.uasset" 3351
"../../../Engine/Content/EngineMaterials/Substrate/Glints2/dict_0002_0191.uasset" 3352
"../../../Engine/Content/EngineMaterials/Substrate/Glints2/dict_0007_0203.uasset" 3353
"../../../Engine/Content/EngineMaterials/Substrate/Glints2/dict_0007_0073.uasset" 3354
"../../../Engine/Content/EngineMaterials/Substrate/Glints2/dict_0007_0122.uasset" 3355
"../../../Engine/Content/EngineMaterials/Substrate/Glints2/dict_0007_0089.uasset" 3356
"../../../Engine/Content/EngineMaterials/Substrate/Glints2/dict_0007_0218.uasset" 3357
"../../../Engine/Content/EngineMaterials/Substrate/Glints2/dict_0004_0196.uasset" 3358
"../../../Engine/Content/EngineMaterials/Substrate/Glints2/dict_0001_0218.uasset" 3359
"../../../Engine/Content/EngineMaterials/Substrate/Glints2/dict_0002_0009.uasset" 3360
"../../../Engine/Content/EngineMaterials/Substrate/Glints2/dict_0006_0138.uasset" 3361
"../../../Engine/Content/EngineMaterials/Substrate/Glints2/dict_0000_0147.uasset" 3362
"../../../Engine/Content/EngineMaterials/Substrate/Glints2/dict_0005_0038.uasset" 3363
"../../../Engine/Content/EngineMaterials/Substrate/Glints2/dict_0001_0009.uasset" 3364
"../../../Engine/Content/EngineMaterials/Substrate/Glints2/dict_0001_0100.uasset" 3365
"../../../Engine/Content/EngineMaterials/Substrate/Glints2/dict_0007_0198.uasset" 3366
"../../../Engine/Content/EngineMaterials/Substrate/Glints2/dict_0000_0167.uasset" 3367
"../../../Engine/Content/EngineMaterials/Substrate/Glints2/dict_0003_0230.uasset" 3368
"../../../Engine/Content/EngineMaterials/Substrate/Glints2/dict_0006_0249.uasset" 3369
"../../../Engine/Content/EngineMaterials/Substrate/Glints2/dict_0003_0180.uasset" 3370
"../../../Engine/Content/EngineMaterials/Substrate/Glints2/dict_0005_0004.uasset" 3371
"../../../Engine/Content/EngineMaterials/Substrate/Glints2/dict_0007_0068.uasset" 3372
"../../../Engine/Content/EngineMaterials/Substrate/Glints2/dict_0001_0146.uasset" 3373
"../../../Engine/Content/EngineMaterials/Substrate/Glints2/dict_0007_0009.uasset" 3374
"../../../Engine/Content/EngineMaterials/Substrate/Glints2/dict_0004_0011.uasset" 3375
"../../../Engine/Content/EngineMaterials/Substrate/Glints2/dict_0001_0206.uasset" 3376
"../../../Engine/Content/EngineMaterials/Substrate/Glints2/dict_0006_0116.uasset" 3377
"../../../Engine/Content/EngineMaterials/Substrate/Glints2/dict_0002_0048.uasset" 3378
"../../../Engine/Content/EngineMaterials/Substrate/Glints2/dict_0000_0252.uasset" 3379
"../../../Engine/Content/EngineMaterials/Substrate/Glints2/dict_0002_0248.uasset" 3380
"../../../Engine/Content/EngineMaterials/Substrate/Glints2/dict_0003_0238.uasset" 3381
"../../../Engine/Content/EngineMaterials/Substrate/Glints2/dict_0006_0019.uasset" 3382
"../../../Engine/Content/EngineMaterials/Substrate/Glints2/dict_0004_0172.uasset" 3383
"../../../Engine/Content/EngineMaterials/Substrate/Glints2/dict_0002_0001.uasset" 3384
"../../../Engine/Content/EngineMaterials/Substrate/Glints2/dict_0003_0115.uasset" 3385
"../../../Engine/Content/EngineMaterials/Substrate/Glints2/dict_0001_0207.uasset" 3386
"../../../Engine/Content/EngineMaterials/Substrate/Glints2/dict_0007_0169.uasset" 3387
"../../../Engine/Content/EngineMaterials/Substrate/Glints2/dict_0000_0139.uasset" 3388
"../../../Engine/Content/EngineMaterials/Substrate/Glints2/dict_0005_0203.uasset" 3389
"../../../Engine/Content/EngineMaterials/Substrate/Glints2/dict_0004_0240.uasset" 3390
"../../../Engine/Content/EngineMaterials/Substrate/Glints2/dict_0004_0243.uasset" 3391
"../../../Engine/Content/EngineMaterials/Substrate/Glints2/dict_0002_0142.uasset" 3392
"../../../Engine/Content/EngineMaterials/Substrate/Glints2/dict_0004_0218.uasset" 3393
"../../../Engine/Content/EngineMaterials/Substrate/Glints2/dict_0000_0101.uasset" 3394
"../../../Engine/Content/EngineMaterials/Substrate/Glints2/dict_0003_0105.uasset" 3395
"../../../Engine/Content/EngineMaterials/Substrate/Glints2/dict_0001_0059.uasset" 3396
"../../../Engine/Content/EngineMaterials/Substrate/Glints2/dict_0003_0185.uasset" 3397
"../../../Engine/Content/EngineMaterials/Substrate/Glints2/dict_0006_0143.uasset" 3398
"../../../Engine/Content/EngineMaterials/Substrate/Glints2/dict_0000_0081.uasset" 3399
"../../../Engine/Content/EngineMaterials/Substrate/Glints2/dict_0000_0083.uasset" 3400
"../../../Engine/Content/EngineMaterials/Substrate/Glints2/dict_0006_0050.uasset" 3401
"../../../Engine/Content/EngineMaterials/Substrate/Glints2/dict_0001_0158.uasset" 3402
"../../../Engine/Content/EngineMaterials/Substrate/Glints2/dict_0007_0057.uasset" 3403
"../../../Engine/Content/EngineMaterials/Substrate/Glints2/dict_0001_0002.uasset" 3404
"../../../Engine/Content/EngineMaterials/Substrate/Glints2/dict_0006_0184.uasset" 3405
"../../../Engine/Content/EngineMaterials/Substrate/Glints2/dict_0002_0090.uasset" 3406
"../../../Engine/Content/EngineMaterials/Substrate/Glints2/dict_0002_0008.uasset" 3407
"C:/Users/nguye/AppData/Local/UnrealEngine/Common/DerivedDataCache/Buckets/LegacySTREAMEDAUDIO/6b/8c/6cf49b328afb81902c82248f554dc7891821.udd" 3408
"C:/Users/nguye/AppData/Local/UnrealEngine/Common/DerivedDataCache/Buckets/LegacySTREAMEDAUDIO/82/5a/6394dfac08afc0430aee5ffffae156e0f3ce.udd" 3409
"C:/Users/nguye/AppData/Local/UnrealEngine/Common/DerivedDataCache/Buckets/LegacySTREAMEDAUDIO/4f/a4/5634baa4da0a5581779c6ec96f6044200d12.udd" 3410
"../../../Engine/Content/EngineMaterials/Substrate/Glints2/dict_0005_0185.uasset" 3411
"C:/Users/nguye/AppData/Local/UnrealEngine/Common/DerivedDataCache/Buckets/LegacySTREAMEDAUDIO/24/98/dbe918de0d69a1241a8b59a07831f4d6e1a2.udd" 3412
"C:/Users/nguye/AppData/Local/UnrealEngine/Common/DerivedDataCache/Buckets/LegacySTREAMEDAUDIO/e7/52/50b8dd0bff98782aa509fb8493fa8127690a.udd" 3413
"../../../Engine/Content/EngineMaterials/Substrate/Glints2/dict_0007_0195.uasset" 3414
"C:/Users/nguye/AppData/Local/UnrealEngine/Common/DerivedDataCache/Buckets/LegacySTREAMEDAUDIO/82/d5/895c303730cc5038707c7355883c4f5d369f.udd" 3415
"../../../Engine/Content/EngineMaterials/Substrate/Glints2/dict_0007_0041.uasset" 3416
"../../../Engine/Content/EngineMaterials/Substrate/Glints2/dict_0006_0064.uasset" 3417
"../../../Engine/Content/EngineMaterials/Substrate/Glints2/dict_0000_0007.uasset" 3418
"../../../Engine/Content/EngineMaterials/Substrate/Glints2/dict_0003_0070.uasset" 3419
"../../../Engine/Content/EngineMaterials/Substrate/Glints2/dict_0002_0226.uasset" 3420
"../../../Engine/Content/EngineMaterials/Substrate/Glints2/dict_0004_0163.uasset" 3421
"../../../Engine/Content/EngineMaterials/Substrate/Glints2/dict_0000_0010.uasset" 3422
"../../../Engine/Content/EngineMaterials/Substrate/Glints2/dict_0007_0243.uasset" 3423
"../../../Engine/Content/EngineMaterials/Substrate/Glints2/dict_0001_0113.uasset" 3424
"../../../Engine/Content/EngineMaterials/Substrate/Glints2/dict_0001_0119.uasset" 3425
"../../../Engine/Content/EngineMaterials/Substrate/Glints2/dict_0005_0016.uasset" 3426
"../../../Engine/Content/EngineMaterials/Substrate/Glints2/dict_0007_0115.uasset" 3427
"../../../Engine/Content/EngineMaterials/Substrate/Glints2/dict_0001_0037.uasset" 3428
"../../../Engine/Content/EngineMaterials/Substrate/Glints2/dict_0000_0155.uasset" 3429
"../../../Engine/Content/EngineMaterials/Substrate/Glints2/dict_0002_0235.uasset" 3430
"../../../Engine/Content/EngineMaterials/Substrate/Glints2/dict_0004_0008.uasset" 3431
"../../../Engine/Content/EngineMaterials/Substrate/Glints2/dict_0005_0246.uasset" 3432
"../../../Engine/Content/EngineMaterials/Substrate/Glints2/dict_0007_0164.uasset" 3433
"../../../Engine/Content/EngineMaterials/Substrate/Glints2/dict_0002_0021.uasset" 3434
"../../../Engine/Content/EngineMaterials/Substrate/Glints2/dict_0006_0137.uasset" 3435
"../../../Engine/Content/EngineMaterials/Substrate/Glints2/dict_0006_0168.uasset" 3436
"../../../Engine/Content/EngineMaterials/Substrate/Glints2/dict_0001_0225.uasset" 3437
"../../../Engine/Content/EngineMaterials/Substrate/Glints2/dict_0004_0181.uasset" 3438
"../../../Engine/Content/EngineMaterials/Substrate/Glints2/dict_0004_0060.uasset" 3439
"../../../Engine/Content/EngineMaterials/Substrate/Glints2/dict_0000_0089.uasset" 3440
"../../../Engine/Content/EngineMaterials/Substrate/Glints2/dict_0000_0233.uasset" 3441
"../../../Engine/Content/EngineMaterials/Substrate/Glints2/dict_0006_0178.uasset" 3442
"../../../Engine/Content/EngineMaterials/Substrate/Glints2/dict_0001_0208.uasset" 3443
"../../../Engine/Content/EngineMaterials/Substrate/Glints2/dict_0001_0198.uasset" 3444
"../../../Engine/Content/EngineMaterials/Substrate/Glints2/dict_0000_0220.uasset" 3445
"../../../Engine/Content/EngineMaterials/Substrate/Glints2/dict_0004_0020.uasset" 3446
"../../../Engine/Content/EngineMaterials/Substrate/Glints2/dict_0000_0158.uasset" 3447
"../../../Engine/Content/EngineMaterials/Substrate/Glints2/dict_0000_0024.uasset" 3448
"../../../Engine/Content/EngineMaterials/Substrate/Glints2/dict_0003_0140.uasset" 3449
"../../../Engine/Content/EngineMaterials/Substrate/Glints2/dict_0000_0211.uasset" 3450
"../../../Engine/Content/EngineMaterials/Substrate/Glints2/dict_0003_0016.uasset" 3451
"../../../Engine/Content/EngineMaterials/Substrate/Glints2/dict_0001_0244.uasset" 3452
"../../../Engine/Content/EngineMaterials/Substrate/Glints2/dict_0006_0141.uasset" 3453
"../../../Engine/Content/EngineMaterials/Substrate/Glints2/dict_0007_0017.uasset" 3454
"../../../Engine/Content/EngineMaterials/Substrate/Glints2/dict_0007_0085.uasset" 3455
"../../../Engine/Content/EngineMaterials/Substrate/Glints2/dict_0003_0128.uasset" 3456
"../../../Engine/Content/EngineMaterials/Substrate/Glints2/dict_0002_0149.uasset" 3457
"../../../Engine/Content/EngineMaterials/Substrate/Glints2/dict_0006_0244.uasset" 3458
"../../../Engine/Content/EngineMaterials/Substrate/Glints2/dict_0000_0026.uasset" 3459
"../../../Engine/Content/EngineMaterials/Substrate/Glints2/dict_0005_0250.uasset" 3460
"../../../Engine/Content/EngineMaterials/Substrate/Glints2/dict_0006_0211.uasset" 3461
"../../../Engine/Content/EngineMaterials/Substrate/Glints2/dict_0005_0153.uasset" 3462
"../../../Engine/Content/EngineMaterials/Substrate/Glints2/dict_0001_0194.uasset" 3463
"../../../Engine/Content/EngineMaterials/Substrate/Glints2/dict_0000_0109.uasset" 3464
"../../../Engine/Content/EngineMaterials/Substrate/Glints2/dict_0005_0102.uasset" 3465
"../../../Engine/Content/EngineMaterials/Substrate/Glints2/dict_0006_0139.uasset" 3466
"../../../Engine/Content/EngineMaterials/Substrate/Glints2/dict_0005_0058.uasset" 3467
"../../../Engine/Content/EngineMaterials/Substrate/Glints2/dict_0005_0245.uasset" 3468
"../../../Engine/Content/EngineMaterials/Substrate/Glints2/dict_0005_0186.uasset" 3469
"C:/Users/nguye/AppData/Local/UnrealEngine/Common/DerivedDataCache/Buckets/LegacySTREAMEDAUDIO/09/10/511b940bffc2e9e75d7406f416a9f6238c04.udd" 3470
"C:/Users/nguye/AppData/Local/UnrealEngine/Common/DerivedDataCache/Buckets/LegacySTREAMEDAUDIO/63/fe/8b88b0abc84e769e14ae142cb020fb452741.udd" 3471
"C:/Users/nguye/AppData/Local/UnrealEngine/Common/DerivedDataCache/Buckets/LegacySTREAMEDAUDIO/dc/9c/9560bfff4b480192700b2ce2f9325eb6b7ba.udd" 3472
"C:/Users/nguye/AppData/Local/UnrealEngine/Common/DerivedDataCache/Buckets/LegacySTREAMEDAUDIO/09/83/67d6a5573470ba9137017191464441d3e7d9.udd" 3473
"../../../Engine/Content/EngineMaterials/Substrate/Glints2/dict_0005_0031.uasset" 3474
"C:/Users/nguye/AppData/Local/UnrealEngine/Common/DerivedDataCache/Buckets/LegacySTREAMEDAUDIO/eb/cc/a8a0296201d7d1de9f168a5ce12e434af6bd.udd" 3475
"C:/Users/nguye/AppData/Local/UnrealEngine/Common/DerivedDataCache/Buckets/LegacySTREAMEDAUDIO/16/1d/92c548f5e29948c5d488cff7c7d26c84014b.udd" 3476
"../../../Engine/Content/EngineMaterials/Substrate/Glints2/dict_0000_0152.uasset" 3477
"../../../Engine/Content/EngineMaterials/Substrate/Glints2/dict_0000_0041.uasset" 3478
"../../../Engine/Content/EngineMaterials/Substrate/Glints2/dict_0007_0079.uasset" 3479
"../../../Engine/Content/EngineMaterials/Substrate/Glints2/dict_0004_0098.uasset" 3480
"../../../Engine/Content/EngineMaterials/Substrate/Glints2/dict_0005_0225.uasset" 3481
"../../../Engine/Content/EngineMaterials/Substrate/Glints2/dict_0003_0189.uasset" 3482
"../../../Engine/Content/EngineMaterials/Substrate/Glints2/dict_0000_0005.uasset" 3483
"../../../Engine/Content/EngineMaterials/Substrate/Glints2/dict_0005_0201.uasset" 3484
"../../../Engine/Content/EngineMaterials/Substrate/Glints2/dict_0000_0144.uasset" 3485
"../../../Engine/Content/EngineMaterials/Substrate/Glints2/dict_0000_0240.uasset" 3486
"../../../Engine/Content/EngineMaterials/Substrate/Glints2/dict_0003_0085.uasset" 3487
"../../../Engine/Content/EngineMaterials/Substrate/Glints2/dict_0007_0067.uasset" 3488
"../../../Engine/Content/EngineMaterials/Substrate/Glints2/dict_0002_0007.uasset" 3489
"../../../Engine/Content/EngineMaterials/Substrate/Glints2/dict_0006_0166.uasset" 3490
"../../../Engine/Content/EngineMaterials/Substrate/Glints2/dict_0000_0216.uasset" 3491
"../../../Engine/Content/EngineMaterials/Substrate/Glints2/dict_0006_0200.uasset" 3492
"../../../Engine/Content/EngineMaterials/Substrate/Glints2/dict_0002_0200.uasset" 3493
"../../../Engine/Content/EngineMaterials/Substrate/Glints2/dict_0003_0231.uasset" 3494
"../../../Engine/Content/EngineMaterials/Substrate/Glints2/dict_0007_0096.uasset" 3495
"../../../Engine/Content/EngineMaterials/Substrate/Glints2/dict_0001_0074.uasset" 3496
"../../../Engine/Content/EngineMaterials/Substrate/Glints2/dict_0006_0026.uasset" 3497
"../../../Engine/Content/EngineMaterials/Substrate/Glints2/dict_0003_0181.uasset" 3498
"../../../Engine/Content/EngineMaterials/Substrate/Glints2/dict_0004_0090.uasset" 3499
"../../../Engine/Content/EngineMaterials/Substrate/Glints2/dict_0000_0196.uasset" 3500
"../../../Engine/Content/EngineMaterials/Substrate/Glints2/dict_0000_0119.uasset" 3501
"../../../Engine/Content/EngineMaterials/Substrate/Glints2/dict_0007_0022.uasset" 3502
"../../../Engine/Content/EngineMaterials/Substrate/Glints2/dict_0006_0066.uasset" 3503
"../../../Engine/Content/EngineMaterials/Substrate/Glints2/dict_0004_0143.uasset" 3504
"../../../Engine/Content/EngineMaterials/Substrate/Glints2/dict_0006_0254.uasset" 3505
"../../../Engine/Content/EngineMaterials/Substrate/Glints2/dict_0004_0048.uasset" 3506
"../../../Engine/Content/EngineMaterials/Substrate/Glints2/dict_0004_0017.uasset" 3507
"../../../Engine/Content/EngineMaterials/Substrate/Glints2/dict_0003_0110.uasset" 3508
"../../../Engine/Content/EngineMaterials/Substrate/Glints2/dict_0004_0250.uasset" 3509
"../../../Engine/Content/EngineMaterials/Substrate/Glints2/dict_0002_0190.uasset" 3510
"../../../Engine/Content/EngineMaterials/Substrate/Glints2/dict_0001_0213.uasset" 3511
"../../../Engine/Content/EngineMaterials/Substrate/Glints2/dict_0000_0103.uasset" 3512
"../../../Engine/Content/EngineMaterials/Substrate/Glints2/dict_0003_0111.uasset" 3513
"../../../Engine/Content/EngineMaterials/Substrate/Glints2/dict_0001_0210.uasset" 3514
"../../../Engine/Content/EngineMaterials/Substrate/Glints2/dict_0006_0061.uasset" 3515
"../../../Engine/Content/EngineMaterials/Substrate/Glints2/dict_0004_0075.uasset" 3516
"../../../Engine/Content/EngineMaterials/Substrate/Glints2/dict_0006_0224.uasset" 3517
"../../../Engine/Content/EngineMaterials/Substrate/Glints2/dict_0005_0151.uasset" 3518
"../../../Engine/Content/EngineMaterials/Substrate/Glints2/dict_0003_0208.uasset" 3519
"../../../Engine/Content/EngineMaterials/Substrate/Glints2/dict_0001_0181.uasset" 3520
"../../../Engine/Content/EngineMaterials/Substrate/Glints2/dict_0004_0118.uasset" 3521
"../../../Engine/Content/EngineMaterials/Substrate/Glints2/dict_0000_0045.uasset" 3522
"../../../Engine/Content/EngineMaterials/Substrate/Glints2/dict_0002_0253.uasset" 3523
"../../../Engine/Content/EngineMaterials/Substrate/Glints2/dict_0002_0194.uasset" 3524
"../../../Engine/Content/EngineMaterials/Substrate/Glints2/dict_0001_0017.uasset" 3525
"../../../Engine/Content/EngineMaterials/Substrate/Glints2/dict_0002_0244.uasset" 3526
"../../../Engine/Content/EngineMaterials/Substrate/Glints2/dict_0007_0118.uasset" 3527
"../../../Engine/Content/EngineMaterials/Substrate/Glints2/dict_0003_0127.uasset" 3528
"../../../Engine/Content/EngineMaterials/Substrate/Glints2/dict_0001_0117.uasset" 3529
"../../../Engine/Content/EngineMaterials/Substrate/Glints2/dict_0001_0011.uasset" 3530
"../../../Engine/Content/EngineMaterials/Substrate/Glints2/dict_0001_0063.uasset" 3531
"../../../Engine/Content/EngineMaterials/Substrate/Glints2/dict_0001_0070.uasset" 3532
"../../../Engine/Content/EngineMaterials/Substrate/Glints2/dict_0006_0171.uasset" 3533
"../../../Engine/Content/EngineMaterials/Substrate/Glints2/dict_0000_0056.uasset" 3534
"../../../Engine/Content/EngineMaterials/Substrate/Glints2/dict_0003_0175.uasset" 3535
"../../../Engine/Content/EngineMaterials/Substrate/Glints2/dict_0000_0032.uasset" 3536
"../../../Engine/Content/EngineMaterials/Substrate/Glints2/dict_0006_0187.uasset" 3537
"../../../Engine/Content/EngineMaterials/Substrate/Glints2/dict_0004_0146.uasset" 3538
"../../../Engine/Content/EngineMaterials/Substrate/Glints2/dict_0001_0005.uasset" 3539
"../../../Engine/Content/EngineMaterials/Substrate/Glints2/dict_0005_0255.uasset" 3540
"../../../Engine/Content/EngineMaterials/Substrate/Glints2/dict_0001_0121.uasset" 3541
"../../../Engine/Content/EngineMaterials/Substrate/Glints2/dict_0007_0035.uasset" 3542
"../../../Engine/Content/EngineMaterials/Substrate/Glints2/dict_0000_0209.uasset" 3543
"../../../Engine/Content/EngineMaterials/Substrate/Glints2/dict_0005_0191.uasset" 3544
"../../../Engine/Content/EngineMaterials/Substrate/Glints2/dict_0004_0049.uasset" 3545
"../../../Engine/Content/EngineMaterials/Substrate/Glints2/dict_0004_0170.uasset" 3546
"../../../Engine/Content/EngineMaterials/Substrate/Glints2/dict_0007_0030.uasset" 3547
"../../../Engine/Content/EngineMaterials/Substrate/Glints2/dict_0005_0100.uasset" 3548
"../../../Engine/Content/EngineMaterials/Substrate/Glints2/dict_0001_0152.uasset" 3549
"../../../Engine/Content/EngineMaterials/Substrate/Glints2/dict_0003_0129.uasset" 3550
"../../../Engine/Content/EngineMaterials/Substrate/Glints2/dict_0001_0204.uasset" 3551
"../../../Engine/Content/EngineMaterials/Substrate/Glints2/dict_0007_0142.uasset" 3552
"../../../Engine/Content/EngineMaterials/Substrate/Glints2/dict_0001_0048.uasset" 3553
"../../../Engine/Content/EngineMaterials/Substrate/Glints2/dict_0000_0113.uasset" 3554
"../../../Engine/Content/EngineMaterials/Substrate/Glints2/dict_0002_0041.uasset" 3555
"../../../Engine/Content/EngineMaterials/Substrate/Glints2/dict_0001_0182.uasset" 3556
"../../../Engine/Content/EngineMaterials/Substrate/Glints2/dict_0005_0126.uasset" 3557
"../../../Engine/Content/EngineMaterials/Substrate/Glints2/dict_0006_0005.uasset" 3558
"../../../Engine/Content/EngineMaterials/Substrate/Glints2/dict_0004_0076.uasset" 3559
"../../../Engine/Content/EngineMaterials/Substrate/Glints2/dict_0006_0229.uasset" 3560
"../../../Engine/Content/EngineMaterials/Substrate/Glints2/dict_0001_0168.uasset" 3561
"../../../Engine/Content/EngineMaterials/Substrate/Glints2/dict_0003_0028.uasset" 3562
"../../../Engine/Content/EngineMaterials/Substrate/Glints2/dict_0004_0251.uasset" 3563
"../../../Engine/Content/EngineMaterials/Substrate/Glints2/dict_0002_0225.uasset" 3564
"../../../Engine/Content/EngineMaterials/Substrate/Glints2/dict_0000_0013.uasset" 3565
"../../../Engine/Content/EngineMaterials/Substrate/Glints2/dict_0000_0115.uasset" 3566
"../../../Engine/Content/EngineMaterials/Substrate/Glints2/dict_0004_0041.uasset" 3567
"../../../Engine/Content/EngineMaterials/Substrate/Glints2/dict_0007_0126.uasset" 3568
"../../../Engine/Content/EngineMaterials/Substrate/Glints2/dict_0004_0042.uasset" 3569
"../../../Engine/Content/EngineMaterials/Substrate/Glints2/dict_0004_0244.uasset" 3570
"../../../Engine/Content/EngineMaterials/Substrate/Glints2/dict_0006_0078.uasset" 3571
"../../../Engine/Content/EngineMaterials/Substrate/Glints2/dict_0004_0023.uasset" 3572
"../../../Engine/Content/EngineMaterials/Substrate/Glints2/dict_0001_0214.uasset" 3573
"../../../Engine/Content/EngineMaterials/Substrate/Glints2/dict_0004_0180.uasset" 3574
"../../../Engine/Content/EngineMaterials/Substrate/Glints2/dict_0006_0159.uasset" 3575
"../../../Engine/Content/EngineMaterials/Substrate/Glints2/dict_0003_0196.uasset" 3576
"../../../Engine/Content/EngineMaterials/Substrate/Glints2/dict_0007_0166.uasset" 3577
"../../../Engine/Content/EngineMaterials/Substrate/Glints2/dict_0004_0144.uasset" 3578
"../../../Engine/Content/EngineMaterials/Substrate/Glints2/dict_0001_0004.uasset" 3579
"../../../Engine/Content/EngineMaterials/Substrate/Glints2/dict_0002_0173.uasset" 3580
"../../../Engine/Content/EngineMaterials/Substrate/Glints2/dict_0000_0049.uasset" 3581
"../../../Engine/Content/EngineMaterials/Substrate/Glints2/dict_0006_0070.uasset" 3582
"../../../Engine/Content/EngineMaterials/Substrate/Glints2/dict_0003_0107.uasset" 3583
"../../../Engine/Content/EngineMaterials/Substrate/Glints2/dict_0007_0124.uasset" 3584
"../../../Engine/Content/EngineMaterials/Substrate/Glints2/dict_0006_0205.uasset" 3585
"../../../Engine/Content/EngineMaterials/Substrate/Glints2/dict_0002_0121.uasset" 3586
"../../../Engine/Content/EngineMaterials/Substrate/Glints2/dict_0000_0169.uasset" 3587
"../../../Engine/Content/EngineMaterials/Substrate/Glints2/dict_0006_0031.uasset" 3588
"../../../Engine/Content/EngineMaterials/Substrate/Glints2/dict_0004_0084.uasset" 3589
"../../../Engine/Content/EngineMaterials/Substrate/Glints2/dict_0003_0142.uasset" 3590
"../../../Engine/Content/EngineMaterials/Substrate/Glints2/dict_0007_0165.uasset" 3591
"../../../Engine/Content/EngineMaterials/Substrate/Glints2/dict_0002_0022.uasset" 3592
"../../../Engine/Content/EngineMaterials/Substrate/Glints2/dict_0003_0125.uasset" 3593
"../../../Engine/Content/EngineMaterials/Substrate/Glints2/dict_0007_0070.uasset" 3594
"../../../Engine/Content/EngineMaterials/Substrate/Glints2/dict_0003_0122.uasset" 3595
"../../../Engine/Content/EngineMaterials/Substrate/Glints2/dict_0002_0197.uasset" 3596
"../../../Engine/Content/EngineMaterials/Substrate/Glints2/dict_0006_0073.uasset" 3597
"../../../Engine/Content/EngineMaterials/Substrate/Glints2/dict_0006_0120.uasset" 3598
"../../../Engine/Content/EngineMaterials/Substrate/Glints2/dict_0001_0226.uasset" 3599
"../../../Engine/Content/EngineMaterials/Substrate/Glints2/dict_0004_0000.uasset" 3600
"../../../Engine/Content/EngineMaterials/Substrate/Glints2/dict_0002_0030.uasset" 3601
"../../../Engine/Content/EngineMaterials/Substrate/Glints2/dict_0002_0029.uasset" 3602
"../../../Engine/Content/EngineMaterials/Substrate/Glints2/dict_0001_0136.uasset" 3603
"../../../Engine/Content/EngineMaterials/Substrate/Glints2/dict_0003_0052.uasset" 3604
"../../../Engine/Content/EngineMaterials/Substrate/Glints2/dict_0004_0115.uasset" 3605
"../../../Engine/Content/EngineMaterials/Substrate/Glints2/dict_0004_0110.uasset" 3606
"../../../Engine/Content/EngineMaterials/Substrate/Glints2/dict_0006_0091.uasset" 3607
"../../../Engine/Content/EngineMaterials/Substrate/Glints2/dict_0002_0057.uasset" 3608
"../../../Engine/Content/EngineMaterials/Substrate/Glints2/dict_0001_0154.uasset" 3609
"../../../Engine/Content/EngineMaterials/Substrate/Glints2/dict_0007_0134.uasset" 3610
"../../../Engine/Content/EngineMaterials/Substrate/Glints2/dict_0003_0002.uasset" 3611
"../../../Engine/Content/EngineMaterials/Substrate/Glints2/dict_0006_0161.uasset" 3612
"../../../Engine/Content/EngineMaterials/Substrate/Glints2/dict_0002_0156.uasset" 3613
"../../../Engine/Content/EngineMaterials/Substrate/Glints2/dict_0000_0075.uasset" 3614
"../../../Engine/Content/EngineMaterials/Substrate/Glints2/dict_0005_0204.uasset" 3615
"../../../Engine/Content/EngineMaterials/Substrate/Glints2/dict_0001_0166.uasset" 3616
"../../../Engine/Content/EngineMaterials/Substrate/Glints2/dict_0000_0086.uasset" 3617
"../../../Engine/Content/EngineMaterials/Substrate/Glints2/dict_0002_0218.uasset" 3618
"../../../Engine/Content/EngineMaterials/Substrate/Glints2/dict_0006_0011.uasset" 3619
"../../../Engine/Content/EngineMaterials/Substrate/Glints2/dict_0005_0033.uasset" 3620
"../../../Engine/Content/EngineMaterials/Substrate/Glints2/dict_0001_0212.uasset" 3621
"../../../Engine/Content/EngineMaterials/Substrate/Glints2/dict_0007_0216.uasset" 3622
"../../../Engine/Content/EngineMaterials/Substrate/Glints2/dict_0007_0005.uasset" 3623
"../../../Engine/Content/EngineMaterials/Substrate/Glints2/dict_0004_0124.uasset" 3624
"../../../Engine/Content/EngineMaterials/Substrate/Glints2/dict_0003_0108.uasset" 3625
"../../../Engine/Content/EngineMaterials/Substrate/Glints2/dict_0002_0070.uasset" 3626
"../../../Engine/Content/EngineMaterials/Substrate/Glints2/dict_0002_0249.uasset" 3627
"../../../Engine/Content/EngineMaterials/Substrate/Glints2/dict_0006_0076.uasset" 3628
"../../../Engine/Content/EngineMaterials/Substrate/Glints2/dict_0001_0053.uasset" 3629
"../../../Engine/Content/EngineMaterials/Substrate/Glints2/dict_0000_0210.uasset" 3630
"../../../Engine/Content/EngineMaterials/Substrate/Glints2/dict_0004_0206.uasset" 3631
"../../../Engine/Content/EngineMaterials/Substrate/Glints2/dict_0001_0076.uasset" 3632
"../../../Engine/Content/EngineMaterials/Substrate/Glints2/dict_0000_0135.uasset" 3633
"../../../Engine/Content/EngineMaterials/Substrate/Glints2/dict_0005_0007.uasset" 3634
"../../../Engine/Content/EngineMaterials/Substrate/Glints2/dict_0003_0030.uasset" 3635
"../../../Engine/Content/EngineMaterials/Substrate/Glints2/dict_0007_0083.uasset" 3636
"../../../Engine/Content/EngineMaterials/Substrate/Glints2/dict_0004_0031.uasset" 3637
"../../../Engine/Content/EngineMaterials/Substrate/Glints2/dict_0002_0081.uasset" 3638
"../../../Engine/Content/EngineMaterials/Substrate/Glints2/dict_0007_0045.uasset" 3639
"../../../Engine/Content/EngineMaterials/Substrate/Glints2/dict_0002_0071.uasset" 3640
"../../../Engine/Content/EngineMaterials/Substrate/Glints2/dict_0006_0180.uasset" 3641
"../../../Engine/Content/EngineMaterials/Substrate/Glints2/dict_0000_0121.uasset" 3642
"../../../Engine/Content/EngineMaterials/Substrate/Glints2/dict_0000_0117.uasset" 3643
"../../../Engine/Content/EngineMaterials/Substrate/Glints2/dict_0003_0045.uasset" 3644
"../../../Engine/Content/EngineMaterials/Substrate/Glints2/dict_0005_0150.uasset" 3645
"../../../Engine/Content/EngineMaterials/Substrate/Glints2/dict_0005_0015.uasset" 3646
"../../../Engine/Content/EngineMaterials/Substrate/Glints2/dict_0005_0086.uasset" 3647
"../../../Engine/Content/EngineMaterials/Substrate/Glints2/dict_0002_0084.uasset" 3648
"../../../Engine/Content/EngineMaterials/Substrate/Glints2/dict_0007_0010.uasset" 3649
"../../../Engine/Content/EngineMaterials/Substrate/Glints2/dict_0001_0108.uasset" 3650
"../../../Engine/Content/EngineMaterials/Substrate/Glints2/dict_0001_0179.uasset" 3651
"../../../Engine/Content/EngineMaterials/Substrate/Glints2/dict_0002_0079.uasset" 3652
"../../../Engine/Content/EngineMaterials/Substrate/Glints2/dict_0007_0232.uasset" 3653
"../../../Engine/Content/EngineMaterials/Substrate/Glints2/dict_0002_0165.uasset" 3654
"../../../Engine/Content/EngineMaterials/Substrate/Glints2/dict_0001_0077.uasset" 3655
"../../../Engine/Content/EngineMaterials/Substrate/Glints2/dict_0006_0123.uasset" 3656
"../../../Engine/Content/EngineMaterials/Substrate/Glints2/dict_0000_0023.uasset" 3657
"../../../Engine/Content/EngineMaterials/Substrate/Glints2/dict_0005_0092.uasset" 3658
"../../../Engine/Content/EngineMaterials/Substrate/Glints2/dict_0001_0253.uasset" 3659
"../../../Engine/Content/EngineMaterials/Substrate/Glints2/dict_0000_0207.uasset" 3660
"../../../Engine/Content/EngineMaterials/Substrate/Glints2/dict_0006_0226.uasset" 3661
"../../../Engine/Content/EngineMaterials/Substrate/Glints2/dict_0004_0056.uasset" 3662
"../../../Engine/Content/EngineMaterials/Substrate/Glints2/dict_0006_0045.uasset" 3663
"../../../Engine/Content/EngineMaterials/Substrate/Glints2/dict_0001_0228.uasset" 3664
"../../../Engine/Content/EngineMaterials/Substrate/Glints2/dict_0003_0157.uasset" 3665
"../../../Engine/Content/EngineMaterials/Substrate/Glints2/dict_0003_0120.uasset" 3666
"../../../Engine/Content/EngineMaterials/Substrate/Glints2/dict_0001_0155.uasset" 3667
"../../../Engine/Content/EngineMaterials/Substrate/Glints2/dict_0000_0140.uasset" 3668
"../../../Engine/Content/EngineMaterials/Substrate/Glints2/dict_0003_0007.uasset" 3669
"../../../Engine/Content/EngineMaterials/Substrate/Glints2/dict_0003_0053.uasset" 3670
"../../../Engine/Content/EngineMaterials/Substrate/Glints2/dict_0001_0060.uasset" 3671
"../../../Engine/Content/EngineMaterials/Substrate/Glints2/dict_0001_0096.uasset" 3672
"../../../Engine/Content/EngineMaterials/Substrate/Glints2/dict_0000_0156.uasset" 3673
"../../../Engine/Content/EngineMaterials/Substrate/Glints2/dict_0002_0161.uasset" 3674
"../../../Engine/Content/EngineMaterials/Substrate/Glints2/dict_0002_0205.uasset" 3675
"../../../Engine/Content/EngineMaterials/Substrate/Glints2/dict_0004_0053.uasset" 3676
"../../../Engine/Content/EngineMaterials/Substrate/Glints2/dict_0007_0103.uasset" 3677
"../../../Engine/Content/EngineMaterials/Substrate/Glints2/dict_0007_0233.uasset" 3678
"../../../Engine/Content/EngineMaterials/Substrate/Glints2/dict_0000_0017.uasset" 3679
"../../../Engine/Content/EngineMaterials/Substrate/Glints2/dict_0005_0237.uasset" 3680
"../../../Engine/Content/EngineMaterials/Substrate/Glints2/dict_0006_0052.uasset" 3681
"../../../Engine/Content/EngineMaterials/Substrate/Glints2/dict_0006_0085.uasset" 3682
"../../../Engine/Content/EngineMaterials/Substrate/Glints2/dict_0007_0176.uasset" 3683
"../../../Engine/Content/EngineMaterials/Substrate/Glints2/dict_0006_0096.uasset" 3684
"../../../Engine/Content/EngineMaterials/Substrate/Glints2/dict_0000_0219.uasset" 3685
"C:/Users/nguye/AppData/Local/UnrealEngine/Common/DerivedDataCache/Buckets/LegacySTREAMEDAUDIO/75/03/9f01be48bb671d4d1863ea704d4e3a04e5ae.udd" 3686
"C:/Users/nguye/AppData/Local/UnrealEngine/Common/DerivedDataCache/Buckets/LegacySTREAMEDAUDIO/0c/6b/7de39ef5c112946ec390ecf7cb2d2b5de646.udd" 3687
"C:/Users/nguye/AppData/Local/UnrealEngine/Common/DerivedDataCache/Buckets/LegacySTREAMEDAUDIO/22/ad/9cbc7de8d4c3664d00088b1239aace805c0c.udd" 3688
"C:/Users/nguye/AppData/Local/UnrealEngine/Common/DerivedDataCache/Buckets/LegacyTEXTURE/bd/f4/a790f0c7f8117e3b0d28941f19295537e775.udd" 3689
"C:/Users/nguye/AppData/Local/UnrealEngine/Common/DerivedDataCache/Buckets/LegacyTEXTURE/89/16/b1808ae298b12feb5372bfa0771635d69a54.udd" 3690
"C:/Users/nguye/AppData/Local/UnrealEngine/Common/DerivedDataCache/Buckets/LegacyTEXTURE/ec/4e/3ba2b4d66cfab8e34167fc610a16d0c6c26e.udd" 3691
"../../../Engine/Content/EngineMaterials/Substrate/Glints2/dict_0006_0054.uasset" 3692
"../../../Engine/Content/EngineMaterials/Substrate/Glints2/dict_0004_0012.uasset" 3693
"../../../Engine/Content/EngineMaterials/Substrate/Glints2/dict_0007_0186.uasset" 3694
"../../../Engine/Content/EngineMaterials/Substrate/Glints2/dict_0004_0166.uasset" 3695
"../../../Engine/Content/EngineMaterials/Substrate/Glints2/dict_0001_0093.uasset" 3696
"../../../Engine/Content/EngineMaterials/Substrate/Glints2/dict_0000_0072.uasset" 3697
"../../../Engine/Content/EngineMaterials/Substrate/Glints2/dict_0006_0017.uasset" 3698
"../../../Engine/Content/EngineMaterials/Substrate/Glints2/dict_0002_0035.uasset" 3699
"../../../Engine/Content/EngineMaterials/Substrate/Glints2/dict_0003_0094.uasset" 3700
"../../../Engine/Content/EngineMaterials/Substrate/Glints2/dict_0002_0044.uasset" 3701
"../../../Engine/Content/EngineMaterials/Substrate/Glints2/dict_0004_0154.uasset" 3702
"../../../Engine/Content/EngineMaterials/Substrate/Glints2/dict_0007_0031.uasset" 3703
"../../../Engine/Content/EngineMaterials/Substrate/Glints2/dict_0000_0038.uasset" 3704
"../../../Engine/Content/EngineMaterials/Substrate/Glints2/dict_0005_0010.uasset" 3705
"../../../Engine/Content/EngineMaterials/Substrate/Glints2/dict_0006_0104.uasset" 3706
"../../../Engine/Content/EngineMaterials/Substrate/Glints2/dict_0001_0087.uasset" 3707
"../../../Engine/Content/EngineMaterials/Substrate/Glints2/dict_0005_0202.uasset" 3708
"../../../Engine/Content/EngineMaterials/Substrate/Glints2/dict_0004_0088.uasset" 3709
"../../../Engine/Content/EngineMaterials/Substrate/Glints2/dict_0002_0072.uasset" 3710
"../../../Engine/Content/EngineMaterials/Substrate/Glints2/dict_0002_0177.uasset" 3711
"../../../Engine/Content/EngineMaterials/Substrate/Glints2/dict_0000_0095.uasset" 3712
"../../../Engine/Content/EngineMaterials/Substrate/Glints2/dict_0003_0011.uasset" 3713
"../../../Engine/Content/EngineMaterials/Substrate/Glints2/dict_0006_0035.uasset" 3714
"../../../Engine/Content/EngineMaterials/Substrate/Glints2/dict_0007_0060.uasset" 3715
"../../../Engine/Content/EngineMaterials/Substrate/Glints2/dict_0005_0046.uasset" 3716
"../../../Engine/Content/EngineMaterials/Substrate/Glints2/dict_0005_0001.uasset" 3717
"../../../Engine/Content/EngineMaterials/Substrate/Glints2/dict_0006_0032.uasset" 3718
"../../../Engine/Content/EngineMaterials/Substrate/Glints2/dict_0000_0047.uasset" 3719
"../../../Engine/Content/EngineMaterials/Substrate/Glints2/dict_0004_0047.uasset" 3720
"../../../Engine/Content/EngineMaterials/Substrate/Glints2/dict_0006_0144.uasset" 3721
"../../../Engine/Content/EngineMaterials/Substrate/Glints2/dict_0007_0074.uasset" 3722
"../../../Engine/Content/EngineMaterials/Substrate/Glints2/dict_0003_0101.uasset" 3723
"../../../Engine/Content/EngineMaterials/Substrate/Glints2/dict_0007_0174.uasset" 3724
"../../../Engine/Content/EngineMaterials/Substrate/Glints2/dict_0005_0047.uasset" 3725
"../../../Engine/Content/EngineMaterials/Substrate/Glints2/dict_0003_0100.uasset" 3726
"../../../Engine/Content/EngineMaterials/Substrate/Glints2/dict_0000_0181.uasset" 3727
"../../../Engine/Content/EngineMaterials/Substrate/Glints2/dict_0000_0180.uasset" 3728
"../../../Engine/Content/EngineMaterials/Substrate/Glints2/dict_0007_0244.uasset" 3729
"C:/Users/nguye/AppData/Local/UnrealEngine/Common/DerivedDataCache/Buckets/LegacyTEXTURE/71/e3/fd4abb85fbb192ff4dae53b35441bb8482e5.udd" 3730
"C:/Users/nguye/AppData/Local/UnrealEngine/Common/DerivedDataCache/Buckets/LegacyTEXTURE/a5/5a/d26eeaba0b2c579a6f22dcda990170bbc605.udd" 3731
"C:/Users/nguye/AppData/Local/UnrealEngine/Common/DerivedDataCache/Buckets/LegacyTEXTURE/7e/c9/b042bc27f0ea3aa7dcd4f23aebdf1b358ca0.udd" 3732
"C:/Users/nguye/AppData/Local/UnrealEngine/Common/DerivedDataCache/Buckets/LegacyTEXTURE/99/de/449e93d21d952cca8d2572e561d006749b3c.udd" 3733
"C:/Users/nguye/AppData/Local/UnrealEngine/Common/DerivedDataCache/Buckets/LegacyTEXTURE/e3/6a/6e40019b78c455988caacb613d671aafa43a.udd" 3734
"C:/Users/nguye/AppData/Local/UnrealEngine/Common/DerivedDataCache/Buckets/LegacyTEXTURE/d9/a9/48f75ccdee19a7d77a244348b73e225a1167.udd" 3735
"C:/Users/nguye/AppData/Local/UnrealEngine/Common/DerivedDataCache/Buckets/LegacyTEXTURE/74/cf/3dc1b0fd0b9a33785342e1a6a7de635710c1.udd" 3736
"C:/Users/nguye/AppData/Local/UnrealEngine/Common/DerivedDataCache/Buckets/LegacyTEXTURE/01/84/42af952a3e08cdcc87451fa5824b6a71ecaa.udd" 3737
"C:/Users/nguye/AppData/Local/UnrealEngine/Common/DerivedDataCache/Buckets/LegacyTEXTURE/0f/6a/1de2525b0814e4e3645c13be407bac8d91de.udd" 3738
"C:/Users/nguye/AppData/Local/UnrealEngine/Common/DerivedDataCache/Buckets/LegacyTEXTURE/4a/cd/333e21e4d5cf9f18471f164482f319c49eac.udd" 3739
"C:/Users/nguye/AppData/Local/UnrealEngine/Common/DerivedDataCache/Buckets/LegacyTEXTURE/90/08/577187bcdd7fc84664819e2aaf429b8574cb.udd" 3740
"C:/Users/nguye/AppData/Local/UnrealEngine/Common/DerivedDataCache/Buckets/LegacyTEXTURE/2d/ba/545cf2c82e3e49b1702d6d0c382825712b12.udd" 3741
"C:/Users/nguye/AppData/Local/UnrealEngine/Common/DerivedDataCache/Buckets/LegacyTEXTURE/3a/55/ab5dacbd3925f8eff13e29338db1574524dc.udd" 3742
"C:/Users/nguye/AppData/Local/UnrealEngine/Common/DerivedDataCache/Buckets/LegacyTEXTURE/81/ad/74c031c512fada5c6f153ac487fbf7cbf354.udd" 3743
"C:/Users/nguye/AppData/Local/UnrealEngine/Common/DerivedDataCache/Buckets/LegacyTEXTURE/5c/61/0e5de1656a3b9876e29e18ded25a2c84c767.udd" 3744
"C:/Users/nguye/AppData/Local/UnrealEngine/Common/DerivedDataCache/Buckets/LegacyTEXTURE/b5/93/a2c5045ef95eb7d58117bd6b3b0d1d10d3d2.udd" 3745
"C:/Users/nguye/AppData/Local/UnrealEngine/Common/DerivedDataCache/Buckets/LegacyTEXTURE/ae/c8/88d4c0b2b5e146a0f6e46ad0bc476c0b412d.udd" 3746
"C:/Users/nguye/AppData/Local/UnrealEngine/Common/DerivedDataCache/Buckets/LegacyTEXTURE/cc/4d/bc652df5020aa0ed44bee80d3ed02662a41f.udd" 3747
"C:/Users/nguye/AppData/Local/UnrealEngine/Common/DerivedDataCache/Buckets/LegacyTEXTURE/8a/dc/0c6d58b9a4106fcdb0071f5744ed9da3b6c0.udd" 3748
"C:/Users/nguye/AppData/Local/UnrealEngine/Common/DerivedDataCache/Buckets/LegacyTEXTURE/e1/5b/79b54545907400cc734916915d4ff6f8c1f4.udd" 3749
"C:/Users/nguye/AppData/Local/UnrealEngine/Common/DerivedDataCache/Buckets/LegacyTEXTURE/00/ea/ebb01159f0eed45dddd9a6772916293e459b.udd" 3750
"C:/Users/nguye/AppData/Local/UnrealEngine/Common/DerivedDataCache/Buckets/LegacyTEXTURE/96/ea/3d0992cede0edb8f331c6fe86a4fa9990f47.udd" 3751
"C:/Users/nguye/AppData/Local/UnrealEngine/Common/DerivedDataCache/Buckets/LegacyTEXTURE/55/c1/f340b634701b6afaf5958f14ce1dcffe5784.udd" 3752
"C:/Users/nguye/AppData/Local/UnrealEngine/Common/DerivedDataCache/Buckets/LegacyTEXTURE/c7/76/45c85ddefb3bc05725ce0cb26dfba980da9d.udd" 3753
"C:/Users/nguye/AppData/Local/UnrealEngine/Common/DerivedDataCache/Buckets/LegacyTEXTURE/36/da/72d2fa7ad71d17703c672e0dd7728ee5d957.udd" 3754
"C:/Users/nguye/AppData/Local/UnrealEngine/Common/DerivedDataCache/Buckets/LegacyTEXTURE/e7/93/df7ea4d5f7909f8ecd8006af49f7e826ab48.udd" 3755
"C:/Users/nguye/AppData/Local/UnrealEngine/Common/DerivedDataCache/Buckets/LegacyTEXTURE/8e/3d/e01a82bd20b4ec35dc920fe31420daad61d5.udd" 3756
"C:/Users/nguye/AppData/Local/UnrealEngine/Common/DerivedDataCache/Buckets/LegacyTEXTURE/44/f5/d22534b05fd42a827be91d2e60b790e46e88.udd" 3757
"C:/Users/nguye/AppData/Local/UnrealEngine/Common/DerivedDataCache/Buckets/LegacyTEXTURE/83/d9/375f02b0618c58712af056a5a5ca328bb24b.udd" 3758
"C:/Users/nguye/AppData/Local/UnrealEngine/Common/DerivedDataCache/Buckets/LegacyTEXTURE/5c/02/81661e0117ebd8bb9455313ab0a012b573d8.udd" 3759
"C:/Users/nguye/AppData/Local/UnrealEngine/Common/DerivedDataCache/Buckets/LegacyTEXTURE/5b/c8/18dfb085bf652ff8fd779a46b1840d2713c0.udd" 3760
"C:/Users/nguye/AppData/Local/UnrealEngine/Common/DerivedDataCache/Buckets/LegacyTEXTURE/22/f0/bc47c4c3d8a254e4ca2c008069a788f8f695.udd" 3761
"C:/Users/nguye/AppData/Local/UnrealEngine/Common/DerivedDataCache/Buckets/LegacyTEXTURE/42/05/da6f8b2e5a4acdfebb7878590d5537918d4b.udd" 3762
"C:/Users/nguye/AppData/Local/UnrealEngine/Common/DerivedDataCache/Buckets/LegacyTEXTURE/49/9a/3138be6c6c61d4f936f7b244cccc3b46a497.udd" 3763
"../../../Engine/Content/EngineMaterials/Substrate/Glints2/dict_0003_0015.uasset" 3764
"C:/Users/nguye/AppData/Local/UnrealEngine/Common/DerivedDataCache/Buckets/LegacyTEXTURE/1a/47/abe997999706b8433c71b40811d13532271b.udd" 3765
"C:/Users/nguye/AppData/Local/UnrealEngine/Common/DerivedDataCache/Buckets/LegacyTEXTURE/b6/01/2cba1ed10eeee3fe612b834b0abe4f8e1d8e.udd" 3766
"C:/Users/nguye/AppData/Local/UnrealEngine/Common/DerivedDataCache/Buckets/LegacyTEXTURE/20/93/c2d7c7821544521cbc066cb235d57a0e5dec.udd" 3767
"../../../Engine/Content/EngineMaterials/Substrate/Glints2/dict_0006_0115.uasset" 3768
"../../../Engine/Content/EngineMaterials/Substrate/Glints2/dict_0006_0186.uasset" 3769
"../../../Engine/Content/EngineMaterials/Substrate/Glints2/dict_0000_0037.uasset" 3770
"../../../Engine/Content/EngineMaterials/Substrate/Glints2/dict_0000_0069.uasset" 3771
"../../../Engine/Content/EngineMaterials/Substrate/Glints2/dict_0007_0125.uasset" 3772
"../../../Engine/Content/EngineMaterials/Substrate/Glints2/dict_0000_0063.uasset" 3773
"../../../Engine/Content/EngineMaterials/Substrate/Glints2/dict_0003_0042.uasset" 3774
"../../../Engine/Content/EngineMaterials/Substrate/Glints2/dict_0007_0138.uasset" 3775
"../../../Engine/Content/EngineMaterials/Substrate/Glints2/dict_0002_0166.uasset" 3776
"../../../Engine/Content/EngineMaterials/Substrate/Glints2/dict_0001_0029.uasset" 3777
"../../../Engine/Content/EngineMaterials/Substrate/Glints2/dict_0007_0221.uasset" 3778
"../../../Engine/Content/EngineMaterials/Substrate/Glints2/dict_0000_0184.uasset" 3779
"../../../Engine/Content/EngineMaterials/Substrate/Glints2/dict_0001_0019.uasset" 3780
"../../../Engine/Content/EngineMaterials/Substrate/Glints2/dict_0007_0190.uasset" 3781
"C:/Users/nguye/AppData/Local/UnrealEngine/Common/DerivedDataCache/Buckets/LegacyTEXTURE/c2/52/ab9236ede992109819cc1895e1f4660e302d.udd" 3782
"C:/Users/nguye/AppData/Local/UnrealEngine/Common/DerivedDataCache/Buckets/LegacyTEXTURE/d4/5e/f9045ec293406f9a2542137f1befc86e9e7c.udd" 3783
"../../../Engine/Content/EngineMaterials/Substrate/Glints2/dict_0002_0186.uasset" 3784
"../../../Engine/Content/EngineMaterials/Substrate/Glints2/dict_0005_0037.uasset" 3785
"../../../Engine/Content/EngineMaterials/Substrate/Glints2/dict_0006_0030.uasset" 3786
"../../../Engine/Content/EngineMaterials/Substrate/Glints2/dict_0002_0230.uasset" 3787
"../../../Engine/Content/EngineMaterials/Substrate/Glints2/dict_0000_0087.uasset" 3788
"../../../Engine/Content/EngineMaterials/Substrate/Glints2/dict_0002_0060.uasset" 3789
"../../../Engine/Content/EngineMaterials/Substrate/Glints2/dict_0007_0183.uasset" 3790
"../../../Engine/Content/EngineMaterials/Substrate/Glints2/dict_0003_0225.uasset" 3791
"../../../Engine/Content/EngineMaterials/Substrate/Glints2/dict_0004_0254.uasset" 3792
"../../../Engine/Content/EngineMaterials/Substrate/Glints2/dict_0006_0199.uasset" 3793
"../../../Engine/Content/EngineMaterials/Substrate/Glints2/dict_0007_0098.uasset" 3794
"../../../Engine/Content/EngineMaterials/Substrate/Glints2/dict_0006_0036.uasset" 3795
"../../../Engine/Content/EngineMaterials/Substrate/Glints2/dict_0005_0053.uasset" 3796
"../../../Engine/Content/EngineMaterials/Substrate/Glints2/dict_0001_0114.uasset" 3797
"../../../Engine/Content/EngineMaterials/Substrate/Glints2/dict_0006_0236.uasset" 3798
"../../../Engine/Content/EngineMaterials/Substrate/Glints2/dict_0007_0149.uasset" 3799
"../../../Engine/Content/EngineMaterials/Substrate/Glints2/dict_0004_0249.uasset" 3800
"../../../Engine/Content/EngineMaterials/Substrate/Glints2/dict_0002_0254.uasset" 3801
"../../../Engine/Content/EngineMaterials/Substrate/Glints2/dict_0005_0088.uasset" 3802
"../../../Engine/Content/EngineMaterials/Substrate/Glints2/dict_0005_0121.uasset" 3803
"../../../Engine/Content/EngineMaterials/Substrate/Glints2/dict_0000_0090.uasset" 3804
"../../../Engine/Content/EngineMaterials/Substrate/Glints2/dict_0002_0152.uasset" 3805
"../../../Engine/Content/EngineMaterials/Substrate/Glints2/dict_0004_0156.uasset" 3806
"../../../Engine/Content/EngineMaterials/Substrate/Glints2/dict_0004_0044.uasset" 3807
"../../../Engine/Content/EngineMaterials/Substrate/Glints2/dict_0005_0008.uasset" 3808
"../../../Engine/Content/EngineMaterials/Substrate/Glints2/dict_0003_0068.uasset" 3809
"../../../Engine/Content/EngineMaterials/Substrate/Glints2/dict_0004_0152.uasset" 3810
"../../../Engine/Content/EngineMaterials/Substrate/Glints2/dict_0005_0155.uasset" 3811
"../../../Engine/Content/EngineMaterials/Substrate/Glints2/dict_0004_0006.uasset" 3812
"../../../Engine/Content/EngineMaterials/Substrate/Glints2/dict_0003_0025.uasset" 3813
"../../../Engine/Content/EngineMaterials/Substrate/Glints2/dict_0002_0003.uasset" 3814
"../../../Engine/Content/EngineMaterials/Substrate/Glints2/dict_0002_0153.uasset" 3815
"../../../Engine/Content/EngineMaterials/Substrate/Glints2/dict_0000_0236.uasset" 3816
"../../../Engine/Content/EngineMaterials/Substrate/Glints2/dict_0002_0251.uasset" 3817
"../../../Engine/Content/EngineMaterials/Substrate/Glints2/dict_0007_0141.uasset" 3818
"../../../Engine/Content/EngineMaterials/Substrate/Glints2/dict_0005_0217.uasset" 3819
"../../../Engine/Content/EngineMaterials/Substrate/Glints2/dict_0001_0064.uasset" 3820
"../../../Engine/Content/EngineMaterials/Substrate/Glints2/dict_0003_0251.uasset" 3821
"../../../Engine/Content/EngineMaterials/Substrate/Glints2/dict_0005_0071.uasset" 3822
"../../../Engine/Content/EngineMaterials/Substrate/Glints2/dict_0006_0218.uasset" 3823
"../../../Engine/Content/EngineMaterials/Substrate/Glints2/dict_0003_0027.uasset" 3824
"../../../Engine/Content/EngineMaterials/Substrate/Glints2/dict_0007_0025.uasset" 3825
"../../../Engine/Content/EngineMaterials/Substrate/Glints2/dict_0000_0102.uasset" 3826
"../../../Engine/Content/EngineMaterials/Substrate/Glints2/dict_0004_0140.uasset" 3827
"../../../Engine/Content/EngineMaterials/Substrate/Glints2/dict_0000_0212.uasset" 3828
"../../../Engine/Content/EngineMaterials/Substrate/Glints2/dict_0004_0130.uasset" 3829
"../../../Engine/Content/EngineMaterials/Substrate/Glints2/dict_0001_0031.uasset" 3830
"../../../Engine/Content/EngineMaterials/Substrate/Glints2/dict_0005_0163.uasset" 3831
"../../../Engine/Content/EngineMaterials/Substrate/Glints2/dict_0002_0025.uasset" 3832
"../../../Engine/Content/EngineMaterials/Substrate/Glints2/dict_0007_0072.uasset" 3833
"../../../Engine/Content/EngineMaterials/Substrate/Glints2/dict_0007_0152.uasset" 3834
"../../../Engine/Content/EngineMaterials/Substrate/Glints2/dict_0002_0168.uasset" 3835
"../../../Engine/Content/EngineMaterials/Substrate/Glints2/dict_0005_0136.uasset" 3836
"../../../Engine/Content/EngineMaterials/Substrate/Glints2/dict_0001_0084.uasset" 3837
"../../../Engine/Content/EngineMaterials/Substrate/Glints2/dict_0000_0122.uasset" 3838
"../../../Engine/Content/EngineMaterials/Substrate/Glints2/dict_0002_0246.uasset" 3839
"../../../Engine/Content/EngineMaterials/Substrate/Glints2/dict_0006_0191.uasset" 3840
"../../../Engine/Content/EngineMaterials/Substrate/Glints2/dict_0003_0043.uasset" 3841
"../../../Engine/Content/EngineMaterials/Substrate/Glints2/dict_0004_0116.uasset" 3842
"C:/Users/nguye/AppData/Local/UnrealEngine/Common/DerivedDataCache/Buckets/LegacyTEXTURE/77/17/a6643dd82c6af1551344fbef266c918d67ad.udd" 3843
"../../../Engine/Content/EngineMaterials/Substrate/Glints2/dict_0003_0036.uasset" 3844
"C:/Users/nguye/AppData/Local/UnrealEngine/Common/DerivedDataCache/Buckets/LegacyTEXTURE/f1/0d/9391103e1136bc3b56f3945c9683d49baccf.udd" 3845
"C:/Users/nguye/AppData/Local/UnrealEngine/Common/DerivedDataCache/Buckets/LegacyTEXTURE/0b/35/ce438052c63165387bac5354d651e055c2ed.udd" 3846
"../../../Engine/Content/EngineMaterials/Substrate/Glints2/dict_0001_0030.uasset" 3847
"../../../Engine/Content/EngineMaterials/Substrate/Glints2/dict_0005_0223.uasset" 3848
"../../../Engine/Content/EngineMaterials/Substrate/Glints2/dict_0005_0240.uasset" 3849
"../../../Engine/Content/EngineMaterials/Substrate/Glints2/dict_0004_0078.uasset" 3850
"../../../Engine/Content/EngineMaterials/Substrate/Glints2/dict_0003_0046.uasset" 3851
"../../../Engine/Content/EngineMaterials/Substrate/Glints2/dict_0006_0029.uasset" 3852
"../../../Engine/Content/EngineMaterials/Substrate/Glints2/dict_0005_0049.uasset" 3853
"../../../Engine/Content/EngineMaterials/Substrate/Glints2/dict_0002_0189.uasset" 3854
"../../../Engine/Content/EngineMaterials/Substrate/Glints2/dict_0000_0253.uasset" 3855
"../../../Engine/Content/EngineMaterials/Substrate/Glints2/dict_0007_0042.uasset" 3856
"../../../Engine/Content/EngineMaterials/Substrate/Glints2/dict_0005_0189.uasset" 3857
"../../../Engine/Content/EngineMaterials/Substrate/Glints2/dict_0002_0123.uasset" 3858
"../../../Engine/Content/EngineMaterials/Substrate/Glints2/dict_0007_0205.uasset" 3859
"../../../Engine/Content/EngineMaterials/Substrate/Glints2/dict_0002_0223.uasset" 3860
"../../../Engine/Content/EngineMaterials/Substrate/Glints2/dict_0006_0239.uasset" 3861
"../../../Engine/Content/EngineMaterials/Substrate/Glints2/dict_0003_0130.uasset" 3862
"../../../Engine/Content/EngineMaterials/Substrate/Glints2/dict_0007_0105.uasset" 3863
"../../../Engine/Content/EngineMaterials/Substrate/Glints2/dict_0007_0114.uasset" 3864
"../../../Engine/Content/EngineMaterials/Substrate/Glints2/dict_0005_0042.uasset" 3865
"../../../Engine/Content/EngineMaterials/Substrate/Glints2/dict_0007_0104.uasset" 3866
"../../../Engine/Content/EngineMaterials/Substrate/Glints2/dict_0002_0036.uasset" 3867
"../../../Engine/Content/EngineMaterials/Substrate/Glints2/dict_0002_0020.uasset" 3868
"../../../Engine/Content/EngineMaterials/Substrate/Glints2/dict_0006_0163.uasset" 3869
"../../../Engine/Content/EngineMaterials/Substrate/Glints2/dict_0005_0195.uasset" 3870
"../../../Engine/Content/EngineMaterials/Substrate/Glints2/dict_0007_0246.uasset" 3871
"../../../Engine/Content/EngineMaterials/Substrate/Glints2/dict_0004_0191.uasset" 3872
"../../../Engine/Content/EngineMaterials/Substrate/Glints2/dict_0005_0068.uasset" 3873
"../../../Engine/Content/EngineMaterials/Substrate/Glints2/dict_0004_0034.uasset" 3874
"../../../Engine/Content/EngineMaterials/Substrate/Glints2/dict_0003_0158.uasset" 3875
"../../../Engine/Content/EngineMaterials/Substrate/Glints2/dict_0001_0159.uasset" 3876
"../../../Engine/Content/EngineMaterials/Substrate/Glints2/dict_0004_0046.uasset" 3877
"../../../Engine/Content/EngineMaterials/Substrate/Glints2/dict_0006_0112.uasset" 3878
"../../../Engine/Content/EngineMaterials/Substrate/Glints2/dict_0000_0100.uasset" 3879
"../../../Engine/Content/EngineMaterials/Substrate/Glints2/dict_0003_0136.uasset" 3880
"../../../Engine/Content/EngineMaterials/Substrate/Glints2/dict_0002_0242.uasset" 3881
"../../../Engine/Content/EngineMaterials/Substrate/Glints2/dict_0000_0228.uasset" 3882
"../../../Engine/Content/EngineMaterials/Substrate/Glints2/dict_0005_0177.uasset" 3883
"../../../Engine/Content/EngineMaterials/Substrate/Glints2/dict_0002_0087.uasset" 3884
"../../../Engine/Content/EngineMaterials/Substrate/Glints2/dict_0006_0240.uasset" 3885
"../../../Engine/Content/EngineMaterials/Substrate/Glints2/dict_0002_0054.uasset" 3886
"../../../Engine/Content/EngineMaterials/Substrate/Glints2/dict_0004_0213.uasset" 3887
"../../../Engine/Content/EngineMaterials/Substrate/Glints2/dict_0000_0034.uasset" 3888
"../../../Engine/Content/EngineMaterials/Substrate/Glints2/dict_0003_0117.uasset" 3889
"../../../Engine/Content/EngineMaterials/Substrate/Glints2/dict_0007_0182.uasset" 3890
"../../../Engine/Content/EngineMaterials/Substrate/Glints2/dict_0007_0245.uasset" 3891
"../../../Engine/Content/EngineMaterials/Substrate/Glints2/dict_0003_0044.uasset" 3892
"../../../Engine/Content/EngineMaterials/Substrate/Glints2/dict_0004_0057.uasset" 3893
"C:/Users/nguye/AppData/Local/UnrealEngine/Common/DerivedDataCache/Buckets/LegacyTEXTURE/9a/90/56a3aed58edb3b6c92acf1f72a11e0744de3.udd" 3894
"../../../Engine/Content/EngineMaterials/Substrate/Glints2/dict_0000_0062.uasset" 3895
"../../../Engine/Content/EngineMaterials/Substrate/Glints2/dict_0005_0170.uasset" 3896
"../../../Engine/Content/EngineMaterials/Substrate/Glints2/dict_0007_0076.uasset" 3897
"C:/Users/nguye/AppData/Local/UnrealEngine/Common/DerivedDataCache/Buckets/LegacyTEXTURE/74/b4/115a8cf65928ea4b2645ffbf8c962c81ff8b.udd" 3898
"C:/Users/nguye/AppData/Local/UnrealEngine/Common/DerivedDataCache/Buckets/LegacyTEXTURE/8c/9e/cb7c302c11366e7ff2a15b19e76bd2094477.udd" 3899
"C:/Users/nguye/AppData/Local/UnrealEngine/Common/DerivedDataCache/Buckets/LegacyTEXTURE/f5/d0/b176320915df2d029f19d0343cabb01f7012.udd" 3900
"../../../Engine/Content/EngineMaterials/Substrate/Glints2/dict_0005_0244.uasset" 3901
"C:/Users/nguye/AppData/Local/UnrealEngine/Common/DerivedDataCache/Buckets/LegacyTEXTURE/76/44/d86d7cf6cc6c03afccc7c43c8e070d025999.udd" 3902
"../../../Engine/Content/EngineMaterials/Substrate/Glints2/dict_0006_0245.uasset" 3903
"../../../Engine/Content/EngineMaterials/Substrate/Glints2/dict_0002_0247.uasset" 3904
"../../../Engine/Content/EngineMaterials/Substrate/Glints2/dict_0005_0018.uasset" 3905
"../../../Engine/Content/EngineMaterials/Substrate/Glints2/dict_0003_0253.uasset" 3906
"../../../Engine/Content/EngineMaterials/Substrate/Glints2/dict_0005_0146.uasset" 3907
"../../../Engine/Content/EngineMaterials/Substrate/Glints2/dict_0002_0047.uasset" 3908
"../../../Engine/Content/EngineMaterials/Substrate/Glints2/dict_0007_0181.uasset" 3909
"../../../Engine/Content/EngineMaterials/Substrate/Glints2/dict_0002_0229.uasset" 3910
"../../../Engine/Content/EngineMaterials/Substrate/Glints2/dict_0000_0190.uasset" 3911
"../../../Engine/Content/EngineMaterials/Substrate/Glints2/dict_0005_0239.uasset" 3912
"../../../Engine/Content/EngineMaterials/Substrate/Glints2/dict_0001_0116.uasset" 3913
"../../../Engine/Content/EngineMaterials/Substrate/Glints2/dict_0004_0145.uasset" 3914
"../../../Engine/Content/EngineMaterials/Substrate/Glints2/dict_0002_0215.uasset" 3915
"../../../Engine/Content/EngineMaterials/Substrate/Glints2/dict_0000_0133.uasset" 3916
"../../../Engine/Content/EngineMaterials/Substrate/Glints2/dict_0003_0134.uasset" 3917
"../../../Engine/Content/EngineMaterials/Substrate/Glints2/dict_0005_0065.uasset" 3918
"../../../Engine/Content/EngineMaterials/Substrate/Glints2/dict_0001_0082.uasset" 3919
"../../../Engine/Content/EngineMaterials/Substrate/Glints2/dict_0007_0220.uasset" 3920
"../../../Engine/Content/EngineMaterials/Substrate/Glints2/dict_0003_0071.uasset" 3921
"../../../Engine/Content/EngineMaterials/Substrate/Glints2/dict_0007_0084.uasset" 3922
"../../../Engine/Content/EngineMaterials/Substrate/Glints2/dict_0001_0021.uasset" 3923
"../../../Engine/Content/EngineMaterials/Substrate/Glints2/dict_0005_0206.uasset" 3924
"../../../Engine/Content/EngineMaterials/Substrate/Glints2/dict_0003_0215.uasset" 3925
"../../../Engine/Content/EngineMaterials/Substrate/Glints2/dict_0005_0128.uasset" 3926
"../../../Engine/Content/EngineMaterials/Substrate/Glints2/dict_0004_0117.uasset" 3927
"../../../Engine/Content/EngineMaterials/Substrate/Glints2/dict_0004_0043.uasset" 3928
"../../../Engine/Content/EngineMaterials/Substrate/Glints2/dict_0006_0155.uasset" 3929
"../../../Engine/Content/EngineMaterials/Substrate/Glints2/dict_0000_0217.uasset" 3930
"../../../Engine/Content/EngineMaterials/Substrate/Glints2/dict_0001_0040.uasset" 3931
"../../../Engine/Content/EngineMaterials/Substrate/Glints2/dict_0005_0152.uasset" 3932
"../../../Engine/Content/EngineMaterials/Substrate/Glints2/dict_0004_0073.uasset" 3933
"../../../Engine/Content/EngineMaterials/Substrate/Glints2/dict_0001_0018.uasset" 3934
"../../../Engine/Content/EngineMaterials/Substrate/Glints2/dict_0002_0073.uasset" 3935
"../../../Engine/Content/EngineMaterials/Substrate/Glints2/dict_0003_0102.uasset" 3936
"../../../Engine/Content/EngineMaterials/Substrate/Glints2/dict_0005_0009.uasset" 3937
"../../../Engine/Content/EngineMaterials/Substrate/Glints2/dict_0006_0248.uasset" 3938
"../../../Engine/Content/EngineMaterials/Substrate/Glints2/dict_0001_0025.uasset" 3939
"../../../Engine/Content/EngineMaterials/Substrate/Glints2/dict_0001_0237.uasset" 3940
"../../../Engine/Content/EngineMaterials/Substrate/Glints2/dict_0005_0198.uasset" 3941
"../../../Engine/Content/EngineMaterials/Substrate/Glints2/dict_0007_0241.uasset" 3942
"../../../Engine/Content/EngineMaterials/Substrate/Glints2/dict_0007_0021.uasset" 3943
"../../../Engine/Content/EngineMaterials/Substrate/Glints2/dict_0006_0241.uasset" 3944
"../../../Engine/Content/EngineMaterials/Substrate/Glints2/dict_0006_0106.uasset" 3945
"../../../Engine/Content/EngineMaterials/Substrate/Glints2/dict_0001_0058.uasset" 3946
"../../../Engine/Content/EngineMaterials/Substrate/Glints2/dict_0004_0063.uasset" 3947
"../../../Engine/Content/EngineMaterials/Substrate/Glints2/dict_0004_0105.uasset" 3948
"../../../Engine/Content/EngineMaterials/Substrate/Glints2/dict_0007_0003.uasset" 3949
"../../../Engine/Content/EngineMaterials/Substrate/Glints2/dict_0004_0212.uasset" 3950
"../../../Engine/Content/EngineMaterials/Substrate/Glints2/dict_0002_0127.uasset" 3951
"../../../Engine/Content/EngineMaterials/Substrate/Glints2/dict_0006_0065.uasset" 3952
"../../../Engine/Content/EngineMaterials/Substrate/Glints2/dict_0007_0071.uasset" 3953
"../../../Engine/Content/EngineMaterials/Substrate/Glints2/dict_0003_0077.uasset" 3954
"../../../Engine/Content/EngineMaterials/Substrate/Glints2/dict_0000_0020.uasset" 3955
"../../../Engine/Content/EngineMaterials/Substrate/Glints2/dict_0002_0034.uasset" 3956
"../../../Engine/Content/EngineMaterials/Substrate/Glints2/dict_0000_0036.uasset" 3957
"../../../Engine/Content/EngineMaterials/Substrate/Glints2/dict_0002_0232.uasset" 3958
"../../../Engine/Content/EngineMaterials/Substrate/Glints2/dict_0007_0001.uasset" 3959
"../../../Engine/Content/EngineMaterials/Substrate/Glints2/dict_0006_0095.uasset" 3960
"../../../Engine/Content/EngineMaterials/Substrate/Glints2/dict_0000_0129.uasset" 3961
"../../../Engine/Content/EngineMaterials/Substrate/Glints2/dict_0003_0137.uasset" 3962
"../../../Engine/Content/EngineMaterials/Substrate/Glints2/dict_0002_0137.uasset" 3963
"../../../Engine/Content/EngineMaterials/Substrate/Glints2/dict_0007_0094.uasset" 3964
"../../../Engine/Content/EngineMaterials/Substrate/Glints2/dict_0005_0123.uasset" 3965
"../../../Engine/Content/EngineMaterials/Substrate/Glints2/dict_0000_0082.uasset" 3966
"../../../Engine/Content/EngineMaterials/Substrate/Glints2/dict_0007_0215.uasset" 3967
"../../../Engine/Content/EngineMaterials/Substrate/Glints2/dict_0003_0073.uasset" 3968
"../../../Engine/Content/EngineMaterials/Substrate/Glints2/dict_0002_0236.uasset" 3969
"../../../Engine/Content/EngineMaterials/Substrate/Glints2/dict_0006_0173.uasset" 3970
"../../../Engine/Content/EngineMaterials/Substrate/Glints2/dict_0002_0183.uasset" 3971
"../../../Engine/Content/EngineMaterials/Substrate/Glints2/dict_0006_0149.uasset" 3972
"../../../Engine/Content/EngineMaterials/Substrate/Glints2/dict_0007_0047.uasset" 3973
"../../../Engine/Content/EngineMaterials/Substrate/Glints2/dict_0002_0096.uasset" 3974
"../../../Engine/Content/EngineMaterials/Substrate/Glints2/dict_0003_0210.uasset" 3975
"../../../Engine/Content/EngineMaterials/Substrate/Glints2/dict_0001_0245.uasset" 3976
"../../../Engine/Content/EngineMaterials/Substrate/Glints2/dict_0007_0048.uasset" 3977
"../../../Engine/Content/EngineMaterials/Substrate/Glints2/dict_0001_0165.uasset" 3978
"../../../Engine/Content/EngineMaterials/Substrate/Glints2/dict_0002_0095.uasset" 3979
"../../../Engine/Content/EngineMaterials/Substrate/Glints2/dict_0001_0173.uasset" 3980
"../../../Engine/Content/EngineMaterials/Substrate/Glints2/dict_0000_0080.uasset" 3981
"../../../Engine/Content/EngineMaterials/Substrate/Glints2/dict_0007_0229.uasset" 3982
"../../../Engine/Content/EngineMaterials/Substrate/Glints2/dict_0004_0040.uasset" 3983
"../../../Engine/Content/EngineMaterials/Substrate/Glints2/dict_0007_0196.uasset" 3984
"../../../Engine/Content/EngineMaterials/Substrate/Glints2/dict_0006_0057.uasset" 3985
"../../../Engine/Content/EngineMaterials/Substrate/Glints2/dict_0003_0178.uasset" 3986
"../../../Engine/Content/EngineMaterials/Substrate/Glints2/dict_0006_0207.uasset" 3987
"C:/Users/nguye/AppData/Local/UnrealEngine/Common/DerivedDataCache/Buckets/LegacyTEXTURE/b5/79/f7481f276c243b1ffc1de066ed60ec064faa.udd" 3988
"../../../Engine/Content/EngineMaterials/Substrate/Glints2/dict_0007_0153.uasset" 3989
"../../../Engine/Content/EngineMaterials/Substrate/Glints2/dict_0003_0247.uasset" 3990
"../../../Engine/Content/EngineMaterials/Substrate/Glints2/dict_0007_0151.uasset" 3991
"../../../Engine/Content/EngineMaterials/Substrate/Glints2/dict_0002_0237.uasset" 3992
"../../../Engine/Content/EngineMaterials/Substrate/Glints2/dict_0000_0077.uasset" 3993
"../../../Engine/Content/EngineMaterials/Substrate/Glints2/dict_0007_0157.uasset" 3994
"../../../Engine/Content/EngineMaterials/Substrate/Glints2/dict_0005_0125.uasset" 3995
"../../../Engine/Content/EngineMaterials/Substrate/Glints2/dict_0005_0200.uasset" 3996
"../../../Engine/Content/EngineMaterials/Substrate/Glints2/dict_0007_0137.uasset" 3997
"../../../Engine/Content/EngineMaterials/Substrate/Glints2/dict_0003_0151.uasset" 3998
"../../../Engine/Content/EngineMaterials/Substrate/Glints2/dict_0003_0059.uasset" 3999
"../../../Engine/Content/EngineMaterials/Substrate/Glints2/dict_0002_0144.uasset" 4000
"../../../Engine/Content/EngineMaterials/Substrate/Glints2/dict_0001_0044.uasset" 4001
"../../../Engine/Content/EngineMaterials/Substrate/Glints2/dict_0001_0038.uasset" 4002
"../../../Engine/Content/EngineMaterials/Substrate/Glints2/dict_0007_0240.uasset" 4003
"../../../Engine/Content/EngineMaterials/Substrate/Glints2/dict_0005_0173.uasset" 4004
"../../../Engine/Content/EngineMaterials/Substrate/Glints2/dict_0006_0210.uasset" 4005
"../../../Engine/Content/EngineMaterials/Substrate/Glints2/dict_0005_0052.uasset" 4006
"../../../Engine/Content/EngineMaterials/Substrate/Glints2/dict_0004_0176.uasset" 4007
"../../../Engine/Content/EngineMaterials/Substrate/Glints2/dict_0005_0148.uasset" 4008
"../../../Engine/Content/EngineMaterials/Substrate/Glints2/dict_0000_0208.uasset" 4009
"../../../Engine/Content/EngineMaterials/Substrate/Glints2/dict_0000_0162.uasset" 4010
"../../../Engine/Content/EngineMaterials/Substrate/Glints2/dict_0002_0015.uasset" 4011
"../../../Engine/Content/EngineMaterials/Substrate/Glints2/dict_0006_0080.uasset" 4012
"../../../Engine/Content/EngineMaterials/Substrate/Glints2/dict_0007_0063.uasset" 4013
"../../../Engine/Content/EngineMaterials/Substrate/Glints2/dict_0006_0216.uasset" 4014
"../../../Engine/Content/EngineMaterials/Substrate/Glints2/dict_0002_0097.uasset" 4015
"../../../Engine/Content/EngineMaterials/Substrate/Glints2/dict_0000_0093.uasset" 4016
"../../../Engine/Content/EngineMaterials/Substrate/Glints2/dict_0001_0062.uasset" 4017
"../../../Engine/Content/EngineMaterials/Substrate/Glints2/dict_0001_0248.uasset" 4018
"../../../Engine/Content/EngineMaterials/Substrate/Glints2/dict_0007_0130.uasset" 4019
"../../../Engine/Content/EngineMaterials/Substrate/Glints2/dict_0004_0150.uasset" 4020
"../../../Engine/Content/EngineMaterials/Substrate/Glints2/dict_0004_0248.uasset" 4021
"../../../Engine/Content/EngineMaterials/Substrate/Glints2/dict_0005_0021.uasset" 4022
"../../../Engine/Content/EngineMaterials/Substrate/Glints2/dict_0006_0014.uasset" 4023
"../../../Engine/Content/EngineMaterials/Substrate/Glints2/dict_0002_0032.uasset" 4024
"../../../Engine/Content/EngineMaterials/Substrate/Glints2/dict_0000_0057.uasset" 4025
"../../../Engine/Content/EngineMaterials/Substrate/Glints2/dict_0005_0252.uasset" 4026
"../../../Engine/Content/EngineMaterials/Substrate/Glints2/dict_0002_0059.uasset" 4027
"../../../Engine/Content/EngineMaterials/Substrate/Glints2/dict_0000_0168.uasset" 4028
"../../../Engine/Content/EngineMaterials/Substrate/Glints2/dict_0001_0034.uasset" 4029
"../../../Engine/Content/EngineMaterials/Substrate/Glints2/dict_0003_0245.uasset" 4030
"../../../Engine/Content/EngineMaterials/Substrate/Glints2/dict_0006_0028.uasset" 4031
"../../../Engine/Content/EngineMaterials/Substrate/Glints2/dict_0005_0108.uasset" 4032
"../../../Engine/Content/EngineMaterials/Substrate/Glints2/dict_0005_0017.uasset" 4033
"../../../Engine/Content/EngineMaterials/Substrate/Glints2/dict_0005_0093.uasset" 4034
"../../../Engine/Content/EngineMaterials/Substrate/Glints2/dict_0004_0007.uasset" 4035
"../../../Engine/Content/EngineMaterials/Substrate/Glints2/dict_0007_0128.uasset" 4036
"../../../Engine/Content/EngineMaterials/Substrate/Glints2/dict_0003_0093.uasset" 4037
"../../../Engine/Content/EngineMaterials/Substrate/Glints2/dict_0000_0066.uasset" 4038
"../../../Engine/Content/EngineMaterials/Substrate/Glints2/dict_0001_0162.uasset" 4039
"../../../Engine/Content/EngineMaterials/Substrate/Glints2/dict_0000_0018.uasset" 4040
"../../../Engine/Content/EngineMaterials/Substrate/Glints2/dict_0006_0193.uasset" 4041
"../../../Engine/Content/EngineMaterials/Substrate/Glints2/dict_0000_0227.uasset" 4042
"../../../Engine/Content/EngineMaterials/Substrate/Glints2/dict_0000_0110.uasset" 4043
"../../../Engine/Content/EngineMaterials/Substrate/Glints2/dict_0006_0082.uasset" 4044
"../../../Engine/Content/EngineMaterials/Substrate/Glints2/dict_0007_0144.uasset" 4045
"../../../Engine/Content/EngineMaterials/Substrate/Glints2/dict_0000_0118.uasset" 4046
"../../../Engine/Content/EngineMaterials/Substrate/Glints2/dict_0007_0012.uasset" 4047
"../../../Engine/Content/EngineMaterials/Substrate/Glints2/dict_0004_0188.uasset" 4048
"../../../Engine/Content/EngineMaterials/Substrate/Glints2/dict_0004_0054.uasset" 4049
"../../../Engine/Content/EngineMaterials/Substrate/Glints2/dict_0007_0136.uasset" 4050
"../../../Engine/Content/EngineMaterials/Substrate/Glints2/dict_0003_0083.uasset" 4051
"../../../Engine/Content/EngineMaterials/Substrate/Glints2/dict_0003_0065.uasset" 4052
"../../../Engine/Content/EngineMaterials/Substrate/Glints2/dict_0006_0025.uasset" 4053
"../../../Engine/Content/EngineMaterials/Substrate/Glints2/dict_0007_0163.uasset" 4054
"../../../Engine/Content/EngineMaterials/Substrate/Glints2/dict_0001_0177.uasset" 4055
"../../../Engine/Content/EngineMaterials/Substrate/Glints2/dict_0000_0105.uasset" 4056
"../../../Engine/Content/EngineMaterials/Substrate/Glints2/dict_0007_0058.uasset" 4057
"../../../Engine/Content/EngineMaterials/Substrate/Glints2/dict_0000_0016.uasset" 4058
"../../../Engine/Content/EngineMaterials/Substrate/Glints2/dict_0003_0235.uasset" 4059
"../../../Engine/Content/EngineMaterials/Substrate/Glints2/dict_0005_0133.uasset" 4060
"../../../Engine/Content/EngineMaterials/Substrate/Glints2/dict_0006_0202.uasset" 4061
"../../../Engine/Content/EngineMaterials/Substrate/Glints2/dict_0004_0119.uasset" 4062
"../../../Engine/Content/EngineMaterials/Substrate/Glints2/dict_0007_0211.uasset" 4063
"../../../Engine/Content/EngineMaterials/Substrate/Glints2/dict_0007_0222.uasset" 4064
"../../../Engine/Content/EngineMaterials/Substrate/Glints2/dict_0006_0055.uasset" 4065
"../../../Engine/Content/EngineMaterials/Substrate/Glints2/dict_0001_0010.uasset" 4066
"../../../Engine/Content/EngineMaterials/Substrate/Glints2/dict_0000_0142.uasset" 4067
"../../../Engine/Content/EngineMaterials/Substrate/Glints2/dict_0004_0158.uasset" 4068
"../../../Engine/Content/EngineMaterials/Substrate/Glints2/dict_0001_0145.uasset" 4069
"../../../Engine/Content/EngineMaterials/Substrate/Glints2/dict_0001_0056.uasset" 4070
"../../../Engine/Content/EngineMaterials/Substrate/Glints2/dict_0007_0119.uasset" 4071
"../../../Engine/Content/EngineMaterials/Substrate/Glints2/dict_0007_0087.uasset" 4072
"../../../Engine/Content/EngineMaterials/Substrate/Glints2/dict_0001_0221.uasset" 4073
"../../../Engine/Content/EngineMaterials/Substrate/Glints2/dict_0001_0231.uasset" 4074
"../../../Engine/Content/EngineMaterials/Substrate/Glints2/dict_0001_0123.uasset" 4075
"../../../Engine/Content/EngineMaterials/Substrate/Glints2/dict_0002_0018.uasset" 4076
"../../../Engine/Content/EngineMaterials/Substrate/Glints2/dict_0007_0095.uasset" 4077
"../../../Engine/Content/EngineMaterials/Substrate/Glints2/dict_0002_0049.uasset" 4078
"../../../Engine/Content/EngineMaterials/Substrate/Glints2/dict_0000_0134.uasset" 4079
"C:/Users/nguye/AppData/Local/UnrealEngine/Common/DerivedDataCache/Buckets/LegacyTEXTURE/f5/5a/a29f6cd927359462719c017d296d2d623953.udd" 4080
"C:/Users/nguye/AppData/Local/UnrealEngine/Common/DerivedDataCache/Buckets/LegacyTEXTURE/39/f0/3efd4c64abc2e767ccc8eac9411c9dc826b3.udd" 4081
"C:/Users/nguye/AppData/Local/UnrealEngine/Common/DerivedDataCache/Buckets/LegacyTEXTURE/3b/0a/9dfb1d72fda3c988bff7739e0b066874e6d5.udd" 4082
"C:/Users/nguye/AppData/Local/UnrealEngine/Common/DerivedDataCache/Buckets/LegacyTEXTURE/44/ec/a559aef8a2a044d28260ef66f7f829b2fc08.udd" 4083
"../../../Engine/Content/EngineMaterials/Substrate/Glints2/dict_0001_0239.uasset" 4084
"../../../Engine/Content/EngineMaterials/Substrate/Glints2/dict_0007_0171.uasset" 4085
"../../../Engine/Content/EngineMaterials/Substrate/Glints2/dict_0006_0062.uasset" 4086
"../../../Engine/Content/EngineMaterials/Substrate/Glints2/dict_0001_0110.uasset" 4087
"../../../Engine/Content/EngineMaterials/Substrate/Glints2/dict_0006_0174.uasset" 4088
"../../../Engine/Content/EngineMaterials/Substrate/Glints2/dict_0000_0145.uasset" 4089
"../../../Engine/Content/EngineMaterials/Substrate/Glints2/dict_0000_0229.uasset" 4090
"../../../Engine/Content/EngineMaterials/Substrate/Glints2/dict_0005_0142.uasset" 4091
"../../../Engine/Content/EngineMaterials/Substrate/Glints2/dict_0005_0236.uasset" 4092
"../../../Engine/Content/EngineMaterials/Substrate/Glints2/dict_0003_0219.uasset" 4093
"../../../Engine/Content/EngineMaterials/Substrate/Glints2/dict_0007_0004.uasset" 4094
"../../../Engine/Content/EngineMaterials/Substrate/Glints2/dict_0004_0230.uasset" 4095
"../../../Engine/Content/EngineMaterials/Substrate/Glints2/dict_0002_0241.uasset" 4096
"../../../Engine/Content/EngineMaterials/Substrate/Glints2/dict_0001_0101.uasset" 4097
"../../../Engine/Content/EngineMaterials/Substrate/Glints2/dict_0001_0118.uasset" 4098
"../../../Engine/Content/EngineMaterials/Substrate/Glints2/dict_0003_0218.uasset" 4099
"../../../Engine/Content/EngineMaterials/Substrate/Glints2/dict_0002_0065.uasset" 4100
"../../../Engine/Content/EngineMaterials/Substrate/Glints2/dict_0001_0129.uasset" 4101
"../../../Engine/Content/EngineMaterials/Substrate/Glints2/dict_0002_0124.uasset" 4102
"../../../Engine/Content/EngineMaterials/Substrate/Glints2/dict_0007_0088.uasset" 4103
"../../../Engine/Content/EngineMaterials/Substrate/Glints2/dict_0006_0194.uasset" 4104
"../../../Engine/Content/EngineMaterials/Substrate/Glints2/dict_0005_0234.uasset" 4105
"../../../Engine/Content/EngineMaterials/Substrate/Glints2/dict_0003_0250.uasset" 4106
"../../../Engine/Content/EngineMaterials/Substrate/Glints2/dict_0002_0184.uasset" 4107
"../../../Engine/Content/EngineMaterials/Substrate/Glints2/dict_0002_0122.uasset" 4108
"../../../Engine/Content/EngineMaterials/Substrate/Glints2/dict_0004_0103.uasset" 4109
"../../../Engine/Content/EngineMaterials/Substrate/Glints2/dict_0001_0250.uasset" 4110
"../../../Engine/Content/EngineMaterials/Substrate/Glints2/dict_0003_0037.uasset" 4111
"../../../Engine/Content/EngineMaterials/Substrate/Glints2/dict_0005_0213.uasset" 4112
"../../../Engine/Content/EngineMaterials/Substrate/Glints2/dict_0006_0100.uasset" 4113
"../../../Engine/Content/EngineMaterials/Substrate/Glints2/dict_0007_0064.uasset" 4114
"../../../Engine/Content/EngineMaterials/Substrate/Glints2/dict_0004_0035.uasset" 4115
"../../../Engine/Content/EngineMaterials/Substrate/Glints2/dict_0005_0112.uasset" 4116
"../../../Engine/Content/EngineMaterials/Substrate/Glints2/dict_0003_0020.uasset" 4117
"../../../Engine/Content/EngineMaterials/Substrate/Glints2/dict_0000_0188.uasset" 4118
"../../../Engine/Content/EngineMaterials/Substrate/Glints2/dict_0005_0160.uasset" 4119
"../../../Engine/Content/EngineMaterials/Substrate/Glints2/dict_0003_0060.uasset" 4120
"../../../Engine/Content/EngineMaterials/Substrate/Glints2/dict_0001_0092.uasset" 4121
"../../../Engine/Content/EngineMaterials/Substrate/Glints2/dict_0006_0108.uasset" 4122
"../../../Engine/Content/EngineMaterials/Substrate/Glints2/dict_0005_0110.uasset" 4123
"../../../Engine/Content/EngineMaterials/Substrate/Glints2/dict_0004_0113.uasset" 4124
"../../../Engine/Content/EngineMaterials/Substrate/Glints2/dict_0004_0030.uasset" 4125
"../../../Engine/Content/EngineMaterials/Substrate/Glints2/dict_0007_0000.uasset" 4126
"../../../Engine/Content/EngineMaterials/Substrate/Glints2/dict_0000_0244.uasset" 4127
"../../../Engine/Content/EngineMaterials/Substrate/Glints2/dict_0004_0236.uasset" 4128
"../../../Engine/Content/EngineMaterials/Substrate/Glints2/dict_0004_0227.uasset" 4129
"../../../Engine/Content/EngineMaterials/Substrate/Glints2/dict_0005_0107.uasset" 4130
"../../../Engine/Content/EngineMaterials/Substrate/Glints2/dict_0007_0013.uasset" 4131
"../../../Engine/Content/EngineMaterials/Substrate/Glints2/dict_0000_0099.uasset" 4132
"../../../Engine/Content/EngineMaterials/Substrate/Glints2/dict_0004_0147.uasset" 4133
"../../../Engine/Content/EngineMaterials/Substrate/Glints2/dict_0006_0165.uasset" 4134
"../../../Engine/Content/EngineMaterials/Substrate/Glints2/dict_0003_0167.uasset" 4135
"../../../Engine/Content/EngineMaterials/Substrate/Glints2/dict_0007_0121.uasset" 4136
"../../../Engine/Content/EngineMaterials/Substrate/Glints2/dict_0007_0044.uasset" 4137
"../../../Engine/Content/EngineMaterials/Substrate/Glints2/dict_0001_0180.uasset" 4138
"../../../Engine/Content/EngineMaterials/Substrate/Glints2/dict_0004_0016.uasset" 4139
"../../../Engine/Content/EngineMaterials/Substrate/Glints2/dict_0000_0108.uasset" 4140
"../../../Engine/Content/EngineMaterials/Substrate/Glints2/dict_0005_0070.uasset" 4141
"../../../Engine/Content/EngineMaterials/Substrate/Glints2/dict_0003_0160.uasset" 4142
"../../../Engine/Content/EngineMaterials/Substrate/Glints2/dict_0003_0162.uasset" 4143
"../../../Engine/Content/EngineMaterials/Substrate/Glints2/dict_0004_0210.uasset" 4144
"../../../Engine/Content/EngineMaterials/Substrate/Glints2/dict_0005_0040.uasset" 4145
"../../../Engine/Content/EngineMaterials/Substrate/Glints2/dict_0003_0174.uasset" 4146
"../../../Engine/Content/EngineMaterials/Substrate/Glints2/dict_0001_0046.uasset" 4147
"../../../Engine/Content/EngineMaterials/Substrate/Glints2/dict_0003_0041.uasset" 4148
"../../../Engine/Content/EngineMaterials/Substrate/Glints2/dict_0005_0048.uasset" 4149
"../../../Engine/Content/EngineMaterials/Substrate/Glints2/dict_0004_0228.uasset" 4150
"../../../Engine/Content/EngineMaterials/Substrate/Glints2/dict_0001_0085.uasset" 4151
"../../../Engine/Content/EngineMaterials/Substrate/Glints2/dict_0000_0092.uasset" 4152
"../../../Engine/Content/EngineMaterials/Substrate/Glints2/dict_0002_0125.uasset" 4153
"../../../Engine/Content/EngineMaterials/Substrate/Glints2/dict_0002_0167.uasset" 4154
"../../../Engine/Content/EngineMaterials/Substrate/Glints2/dict_0005_0073.uasset" 4155
"../../../Engine/Content/EngineMaterials/Substrate/Glints2/dict_0003_0190.uasset" 4156
"../../../Engine/Content/EngineMaterials/Substrate/Glints2/dict_0006_0109.uasset" 4157
"../../../Engine/Content/EngineMaterials/Substrate/Glints2/dict_0007_0212.uasset" 4158
"../../../Engine/Content/EngineMaterials/Substrate/Glints2/dict_0005_0060.uasset" 4159
"../../../Engine/Content/EngineMaterials/Substrate/Glints2/dict_0002_0064.uasset" 4160
"../../../Engine/Content/EngineMaterials/Substrate/Glints2/dict_0000_0025.uasset" 4161
"../../../Engine/Content/EngineMaterials/Substrate/Glints2/dict_0002_0198.uasset" 4162
"../../../Engine/Content/EngineMaterials/Substrate/Glints2/dict_0004_0192.uasset" 4163
"C:/Users/nguye/AppData/Local/UnrealEngine/Common/DerivedDataCache/Buckets/LegacyTEXTURE/24/33/95fddd69785bd581a8585ef184b9c6ba0381.udd" 4164
"C:/Users/nguye/AppData/Local/UnrealEngine/Common/DerivedDataCache/Buckets/LegacyTEXTURE/26/f5/a634d2c1db30e15ae899b0e98d0062d6290a.udd" 4165
"../../../Engine/Content/EngineMaterials/Substrate/Glints2/dict_0006_0002.uasset" 4166
"../../../Engine/Content/EngineMaterials/Substrate/Glints2/dict_0001_0028.uasset" 4167
"../../../Engine/Content/EngineMaterials/Substrate/Glints2/dict_0006_0071.uasset" 4168
"../../../Engine/Content/EngineMaterials/Substrate/Glints2/dict_0002_0182.uasset" 4169
"C:/Users/nguye/AppData/Local/UnrealEngine/Common/DerivedDataCache/Buckets/LegacyTEXTURE/fa/9e/f45a0edbf69e8c82696d9b2b8eadf59780a8.udd" 4170
"../../../Engine/Content/EngineMaterials/Substrate/Glints2/dict_0002_0045.uasset" 4171
"../../../Engine/Content/EngineMaterials/Substrate/Glints2/dict_0006_0228.uasset" 4172
"../../../Engine/Content/EngineMaterials/Substrate/Glints2/dict_0001_0054.uasset" 4173
"../../../Engine/Content/EngineMaterials/Substrate/Glints2/dict_0000_0251.uasset" 4174
"../../../Engine/Content/EngineMaterials/Substrate/Glints2/dict_0001_0073.uasset" 4175
"../../../Engine/Content/EngineMaterials/Substrate/Glints2/dict_0006_0220.uasset" 4176
"../../../Engine/Content/EngineMaterials/Substrate/Glints2/dict_0005_0024.uasset" 4177
"../../../Engine/Content/EngineMaterials/Substrate/Glints2/dict_0000_0051.uasset" 4178
"../../../Engine/Content/EngineMaterials/Substrate/Glints2/dict_0002_0255.uasset" 4179
"../../../Engine/Content/EngineMaterials/Substrate/Glints2/dict_0005_0166.uasset" 4180
"../../../Engine/Content/EngineMaterials/Substrate/Glints2/dict_0003_0074.uasset" 4181
"../../../Engine/Content/EngineMaterials/Substrate/Glints2/dict_0002_0075.uasset" 4182
"../../../Engine/Content/EngineMaterials/Substrate/Glints2/dict_0004_0109.uasset" 4183
"../../../Engine/Content/EngineMaterials/Substrate/Glints2/dict_0006_0059.uasset" 4184
"../../../Engine/Content/EngineMaterials/Substrate/Glints2/dict_0003_0145.uasset" 4185
"../../../Engine/Content/EngineMaterials/Substrate/Glints2/dict_0004_0208.uasset" 4186
"../../../Engine/Content/EngineMaterials/Substrate/Glints2/dict_0002_0000.uasset" 4187
"../../../Engine/Content/EngineMaterials/Substrate/Glints2/dict_0000_0215.uasset" 4188
"../../../Engine/Content/EngineMaterials/Substrate/Glints2/dict_0001_0097.uasset" 4189
"../../../Engine/Content/EngineMaterials/Substrate/Glints2/dict_0001_0012.uasset" 4190
"../../../Engine/Content/EngineMaterials/Substrate/Glints2/dict_0003_0049.uasset" 4191
"../../../Engine/Content/EngineMaterials/Substrate/Glints2/dict_0001_0139.uasset" 4192
"../../../Engine/Content/EngineMaterials/Substrate/Glints2/dict_0004_0201.uasset" 4193
"../../../Engine/Content/EngineMaterials/Substrate/Glints2/dict_0002_0089.uasset" 4194
"../../../Engine/Content/EngineMaterials/Substrate/Glints2/dict_0001_0178.uasset" 4195
"../../../Engine/Content/EngineMaterials/Substrate/Glints2/dict_0002_0027.uasset" 4196
"../../../Engine/Content/EngineMaterials/Substrate/Glints2/dict_0001_0047.uasset" 4197
"../../../Engine/Content/EngineMaterials/Substrate/Glints2/dict_0003_0034.uasset" 4198
"../../../Engine/Content/EngineMaterials/Substrate/Glints2/dict_0007_0224.uasset" 4199
"../../../Engine/Content/EngineMaterials/Substrate/Glints2/dict_0000_0021.uasset" 4200
"../../../Engine/Content/EngineMaterials/Substrate/Glints2/dict_0000_0254.uasset" 4201
"../../../Engine/Content/EngineMaterials/Substrate/Glints2/dict_0006_0156.uasset" 4202
"../../../Engine/Content/EngineMaterials/Substrate/Glints2/dict_0004_0004.uasset" 4203
"../../../Engine/Content/EngineMaterials/Substrate/Glints2/dict_0003_0198.uasset" 4204
"../../../Engine/Content/EngineMaterials/Substrate/Glints2/dict_0000_0002.uasset" 4205
"../../../Engine/Content/EngineMaterials/Substrate/Glints2/dict_0006_0101.uasset" 4206
"../../../Engine/Content/EngineMaterials/Substrate/Glints2/dict_0001_0112.uasset" 4207
"../../../Engine/Content/EngineMaterials/Substrate/Glints2/dict_0001_0081.uasset" 4208
"../../../Engine/Content/EngineMaterials/Substrate/Glints2/dict_0000_0203.uasset" 4209
"../../../Engine/Content/EngineMaterials/Substrate/Glints2/dict_0004_0120.uasset" 4210
"../../../Engine/Content/EngineMaterials/Substrate/Glints2/dict_0005_0117.uasset" 4211
"../../../Engine/Content/EngineMaterials/Substrate/Glints2/dict_0007_0206.uasset" 4212
"../../../Engine/Content/EngineMaterials/Substrate/Glints2/dict_0004_0153.uasset" 4213
"../../../Engine/Content/EngineMaterials/Substrate/Glints2/dict_0003_0195.uasset" 4214
"../../../Engine/Content/EngineMaterials/Substrate/Glints2/dict_0000_0143.uasset" 4215
"../../../Engine/Content/EngineMaterials/Substrate/Glints2/dict_0007_0173.uasset" 4216
"../../../Engine/Content/EngineMaterials/Substrate/Glints2/dict_0001_0102.uasset" 4217
"../../../Engine/Content/EngineMaterials/Substrate/Glints2/dict_0002_0240.uasset" 4218
"../../../Engine/Content/EngineMaterials/Substrate/Glints2/dict_0003_0204.uasset" 4219
"../../../Engine/Content/EngineMaterials/Substrate/Glints2/dict_0002_0217.uasset" 4220
"../../../Engine/Content/EngineMaterials/Substrate/Glints2/dict_0002_0180.uasset" 4221
"../../../Engine/Content/EngineMaterials/Substrate/Glints2/dict_0007_0109.uasset" 4222
"../../../Engine/Content/EngineMaterials/Substrate/Glints2/dict_0003_0081.uasset" 4223
"../../../Engine/Content/EngineMaterials/Substrate/Glints2/dict_0000_0098.uasset" 4224
"../../../Engine/Content/EngineMaterials/Substrate/Glints2/dict_0002_0234.uasset" 4225
"../../../Engine/Content/EngineMaterials/Substrate/Glints2/dict_0006_0198.uasset" 4226
"../../../Engine/Content/EngineMaterials/Substrate/Glints2/dict_0005_0035.uasset" 4227
"../../../Engine/Content/EngineMaterials/Substrate/Glints2/dict_0003_0234.uasset" 4228
"../../../Engine/Content/EngineMaterials/Substrate/Glints2/dict_0003_0248.uasset" 4229
"../../../Engine/Content/EngineMaterials/Substrate/Glints2/dict_0003_0149.uasset" 4230
"../../../Engine/Content/EngineMaterials/Substrate/Glints2/dict_0000_0231.uasset" 4231
"../../../Engine/Content/EngineMaterials/Substrate/Glints2/dict_0003_0003.uasset" 4232
"../../../Engine/Content/EngineMaterials/Substrate/Glints2/dict_0007_0191.uasset" 4233
"../../../Engine/Content/EngineMaterials/Substrate/Glints2/dict_0006_0087.uasset" 4234
"../../../Engine/Content/EngineMaterials/Substrate/Glints2/dict_0003_0139.uasset" 4235
"../../../Engine/Content/EngineMaterials/Substrate/Glints2/dict_0006_0227.uasset" 4236
"../../../Engine/Content/EngineMaterials/Substrate/Glints2/dict_0002_0159.uasset" 4237
"../../../Engine/Content/EngineMaterials/Substrate/Glints2/dict_0007_0043.uasset" 4238
"../../../Engine/Content/EngineMaterials/Substrate/Glints2/dict_0001_0243.uasset" 4239
"../../../Engine/Content/EngineMaterials/Substrate/Glints2/dict_0004_0107.uasset" 4240
"../../../Engine/Content/EngineMaterials/Substrate/Glints2/dict_0002_0093.uasset" 4241
"../../../Engine/Content/EngineMaterials/Substrate/Glints2/dict_0007_0208.uasset" 4242
"../../../Engine/Content/EngineMaterials/Substrate/Glints2/dict_0003_0202.uasset" 4243
"C:/Users/nguye/AppData/Local/UnrealEngine/Common/DerivedDataCache/Buckets/LegacyTEXTURE/ca/16/a0636140e51f7fda6f2ad006309c5f6b33e6.udd" 4244
"../../../Engine/Content/EngineMaterials/Substrate/Glints2/dict_0007_0250.uasset" 4245
"../../../Engine/Content/EngineMaterials/Substrate/Glints2/dict_0007_0225.uasset" 4246
"../../../Engine/Content/EngineMaterials/Substrate/Glints2/dict_0007_0146.uasset" 4247
"../../../Engine/Content/EngineMaterials/Substrate/Glints2/dict_0005_0061.uasset" 4248
"../../../Engine/Content/EngineMaterials/Substrate/Glints2/dict_0001_0078.uasset" 4249
"../../../Engine/Content/EngineMaterials/Substrate/Glints2/dict_0001_0095.uasset" 4250
"../../../Engine/Content/EngineMaterials/Substrate/Glints2/dict_0001_0042.uasset" 4251
"../../../Engine/Content/EngineMaterials/Substrate/Glints2/dict_0003_0104.uasset" 4252
"../../../Engine/Content/EngineMaterials/Substrate/Glints2/dict_0003_0097.uasset" 4253
"../../../Engine/Content/EngineMaterials/Substrate/Glints2/dict_0003_0243.uasset" 4254
"../../../Engine/Content/EngineMaterials/Substrate/Glints2/dict_0003_0173.uasset" 4255
"../../../Engine/Content/EngineMaterials/Substrate/Glints2/dict_0007_0014.uasset" 4256
"../../../Engine/Content/EngineMaterials/Substrate/Glints2/dict_0007_0255.uasset" 4257
"../../../Engine/Content/EngineMaterials/Substrate/Glints2/dict_0002_0239.uasset" 4258
"../../../Engine/Content/EngineMaterials/Substrate/Glints2/dict_0007_0112.uasset" 4259
"../../../Engine/Content/EngineMaterials/Substrate/Glints2/dict_0000_0159.uasset" 4260
"../../../Engine/Content/EngineMaterials/Substrate/Glints2/dict_0002_0231.uasset" 4261
"../../../Engine/Content/EngineMaterials/Substrate/Glints2/dict_0002_0037.uasset" 4262
"../../../Engine/Content/EngineMaterials/Substrate/Glints2/dict_0002_0052.uasset" 4263
"../../../Engine/Content/EngineMaterials/Substrate/Glints2/dict_0000_0073.uasset" 4264
"../../../Engine/Content/EngineMaterials/Substrate/Glints2/dict_0001_0104.uasset" 4265
"../../../Engine/Content/EngineMaterials/Substrate/Glints2/dict_0001_0109.uasset" 4266
"../../../Engine/Content/EngineMaterials/Substrate/Glints2/dict_0007_0046.uasset" 4267
"../../../Engine/Content/EngineMaterials/Substrate/Glints2/dict_0002_0080.uasset" 4268
"../../../Engine/Content/EngineMaterials/Substrate/Glints2/dict_0005_0075.uasset" 4269
"../../../Engine/Content/EngineMaterials/Substrate/Glints2/dict_0002_0192.uasset" 4270
"../../../Engine/Content/EngineMaterials/Substrate/Glints2/dict_0006_0097.uasset" 4271
"../../../Engine/Content/EngineMaterials/Substrate/Glints2/dict_0006_0056.uasset" 4272
"C:/Users/nguye/AppData/Local/UnrealEngine/Common/DerivedDataCache/Buckets/LegacyTEXTURE/a0/93/6c3560a5b063fc66484aababa57ef0809940.udd" 4273
"../../../Engine/Content/EngineMaterials/Substrate/Glints2/dict_0002_0181.uasset" 4274
"../../../Engine/Content/EngineMaterials/Substrate/Glints2/dict_0006_0195.uasset" 4275
"../../../Engine/Content/EngineMaterials/Substrate/Glints2/dict_0001_0147.uasset" 4276
"../../../Engine/Content/EngineMaterials/Substrate/Glints2/dict_0000_0128.uasset" 4277
"../../../Engine/Content/EngineMaterials/Substrate/Glints2/dict_0004_0207.uasset" 4278
"../../../Engine/Content/EngineMaterials/Substrate/Glints2/dict_0006_0015.uasset" 4279
"../../../Engine/Content/EngineMaterials/Substrate/Glints2/dict_0004_0089.uasset" 4280
"../../../Engine/Content/EngineMaterials/Substrate/Glints2/dict_0003_0050.uasset" 4281
"../../../Engine/Content/EngineMaterials/Substrate/Glints2/dict_0007_0227.uasset" 4282
"../../../Engine/Content/EngineMaterials/Substrate/Glints2/dict_0002_0201.uasset" 4283
"../../../Engine/Content/EngineMaterials/Substrate/Glints2/dict_0001_0033.uasset" 4284
"../../../Engine/Content/EngineMaterials/Substrate/Glints2/dict_0006_0231.uasset" 4285
"../../../Engine/Content/EngineMaterials/Substrate/Glints2/dict_0002_0013.uasset" 4286
"../../../Engine/Content/EngineMaterials/Substrate/Glints2/dict_0003_0018.uasset" 4287
"../../../Engine/Content/EngineMaterials/Substrate/Glints2/dict_0001_0223.uasset" 4288
"../../../Engine/Content/EngineMaterials/Substrate/Glints2/dict_0006_0118.uasset" 4289
"../../../Engine/Content/EngineMaterials/Substrate/Glints2/dict_0002_0078.uasset" 4290
"../../../Engine/Content/EngineMaterials/Substrate/Glints2/dict_0004_0185.uasset" 4291
"../../../Engine/Content/EngineMaterials/Substrate/Glints2/dict_0005_0249.uasset" 4292
"../../../Engine/Content/EngineMaterials/Substrate/Glints2/dict_0005_0129.uasset" 4293
"../../../Engine/Content/EngineMaterials/Substrate/Glints2/dict_0003_0033.uasset" 4294
"../../../Engine/Content/EngineMaterials/Substrate/Glints2/dict_0004_0255.uasset" 4295
"../../../Engine/Content/EngineMaterials/Substrate/Glints2/dict_0005_0137.uasset" 4296
"../../../Engine/Content/EngineMaterials/Substrate/Glints2/dict_0001_0043.uasset" 4297
"../../../Engine/Content/EngineMaterials/Substrate/Glints2/dict_0004_0173.uasset" 4298
"../../../Engine/Content/EngineMaterials/Substrate/Glints2/dict_0000_0141.uasset" 4299
"../../../Engine/Content/EngineMaterials/Substrate/Glints2/dict_0006_0146.uasset" 4300
"../../../Engine/Content/EngineMaterials/Substrate/Glints2/dict_0001_0144.uasset" 4301
"../../../Engine/Content/EngineMaterials/Substrate/Glints2/dict_0000_0070.uasset" 4302
"../../../Engine/Content/EngineMaterials/Substrate/Glints2/dict_0005_0190.uasset" 4303
"../../../Engine/Content/EngineMaterials/Substrate/Glints2/dict_0005_0247.uasset" 4304
"../../../Engine/Content/EngineMaterials/Substrate/Glints2/dict_0000_0176.uasset" 4305
"../../../Engine/Content/EngineMaterials/Substrate/Glints2/dict_0001_0143.uasset" 4306
"../../../Engine/Content/EngineMaterials/Substrate/Glints2/dict_0007_0139.uasset" 4307
"../../../Engine/Content/EngineMaterials/Substrate/Glints2/dict_0000_0064.uasset" 4308
"../../../Engine/Content/EngineMaterials/Substrate/Glints2/dict_0004_0050.uasset" 4309
"../../../Engine/Content/EngineMaterials/Substrate/Glints2/dict_0004_0149.uasset" 4310
"../../../Engine/Content/EngineMaterials/Substrate/Glints2/dict_0000_0163.uasset" 4311
"../../../Engine/Content/EngineMaterials/Substrate/Glints2/dict_0007_0242.uasset" 4312
"../../../Engine/Content/EngineMaterials/Substrate/Glints2/dict_0004_0194.uasset" 4313
"../../../Engine/Content/EngineMaterials/Substrate/Glints2/dict_0000_0094.uasset" 4314
"../../../Engine/Content/EngineMaterials/Substrate/Glints2/dict_0005_0162.uasset" 4315
"../../../Engine/Content/EngineMaterials/Substrate/Glints2/dict_0003_0187.uasset" 4316
"../../../Engine/Content/EngineMaterials/Substrate/Glints2/dict_0004_0112.uasset" 4317
"../../../Engine/Content/EngineMaterials/Substrate/Glints2/dict_0005_0000.uasset" 4318
"../../../Engine/Content/EngineMaterials/Substrate/Glints2/dict_0002_0176.uasset" 4319
"../../../Engine/Content/EngineMaterials/Substrate/Glints2/dict_0003_0010.uasset" 4320
"../../../Engine/Content/EngineMaterials/Substrate/Glints2/dict_0002_0112.uasset" 4321
"../../../Engine/Content/EngineMaterials/Substrate/Glints2/dict_0005_0154.uasset" 4322
"../../../Engine/Content/EngineMaterials/Substrate/Glints2/dict_0003_0143.uasset" 4323
"../../../Engine/Content/EngineMaterials/Substrate/Glints2/dict_0007_0239.uasset" 4324
"../../../Engine/Content/EngineMaterials/Substrate/Glints2/dict_0007_0219.uasset" 4325
"C:/Users/nguye/AppData/Local/UnrealEngine/Common/DerivedDataCache/Buckets/LegacyTEXTURE/a3/94/da68dd29aba6428af3dd068f4370fe149d88.udd" 4326
"../../../Engine/Content/EngineMaterials/Substrate/Glints2/dict_0000_0078.uasset" 4327
"../../../Engine/Content/EngineMaterials/Substrate/Glints2/dict_0002_0129.uasset" 4328
"../../../Engine/Content/EngineMaterials/Substrate/Glints2/dict_0005_0187.uasset" 4329
"../../../Engine/Content/EngineMaterials/Substrate/Glints2/dict_0007_0170.uasset" 4330
"../../../Engine/Content/EngineMaterials/Substrate/Glints2/dict_0004_0072.uasset" 4331
"../../../Engine/Content/EngineMaterials/Substrate/Glints2/dict_0004_0148.uasset" 4332
"../../../Engine/Content/EngineMaterials/Substrate/Glints2/dict_0007_0039.uasset" 4333
"../../../Engine/Content/EngineMaterials/Substrate/Glints2/dict_0001_0229.uasset" 4334
"../../../Engine/Content/EngineMaterials/Substrate/Glints2/dict_0003_0000.uasset" 4335
"../../../Engine/Content/EngineMaterials/Substrate/Glints2/dict_0001_0134.uasset" 4336
"../../../Engine/Content/EngineMaterials/Substrate/Glints2/dict_0001_0026.uasset" 4337
"../../../Engine/Content/EngineMaterials/Substrate/Glints2/dict_0000_0224.uasset" 4338
"../../../Engine/Content/EngineMaterials/Substrate/Glints2/dict_0001_0215.uasset" 4339
"../../../Engine/Content/EngineMaterials/Substrate/Glints2/dict_0007_0180.uasset" 4340
"../../../Engine/Content/EngineMaterials/Substrate/Glints2/dict_0003_0029.uasset" 4341
"C:/Users/nguye/AppData/Local/UnrealEngine/Common/DerivedDataCache/Buckets/LegacyTEXTURE/d1/24/2c7e44e71b40a1ad44edcff0759febfb9bf2.udd" 4342
"../../../Engine/Content/EngineMaterials/Substrate/Glints2/dict_0005_0141.uasset" 4343
"../../../Engine/Content/EngineMaterials/Substrate/Glints2/dict_0006_0000.uasset" 4344
"../../../Engine/Content/EngineMaterials/Substrate/Glints2/dict_0005_0091.uasset" 4345
"../../../Engine/Content/EngineMaterials/Substrate/Glints2/dict_0001_0238.uasset" 4346
"../../../Engine/Content/EngineMaterials/Substrate/Glints2/dict_0007_0189.uasset" 4347
"../../../Engine/Content/EngineMaterials/Substrate/Glints2/dict_0001_0008.uasset" 4348
"../../../Engine/Content/EngineMaterials/Substrate/Glints2/dict_0001_0196.uasset" 4349
"../../../Engine/Content/EngineMaterials/Substrate/Glints2/dict_0001_0193.uasset" 4350
"../../../Engine/Content/EngineMaterials/Substrate/Glints2/dict_0000_0248.uasset" 4351
"../../../Engine/Content/EngineMaterials/Substrate/Glints2/dict_0001_0094.uasset" 4352
"../../../Engine/Content/EngineMaterials/Substrate/Glints2/dict_0006_0016.uasset" 4353
"../../../Engine/Content/EngineMaterials/Substrate/Glints2/dict_0007_0214.uasset" 4354
"../../../Engine/Content/EngineMaterials/Substrate/Glints2/dict_0005_0119.uasset" 4355
"../../../Engine/Content/EngineMaterials/Substrate/Glints2/dict_0000_0068.uasset" 4356
"../../../Engine/Content/EngineMaterials/Substrate/Glints2/dict_0003_0170.uasset" 4357
"../../../Engine/Content/EngineMaterials/Substrate/Glints2/dict_0002_0053.uasset" 4358
"../../../Engine/Content/EngineMaterials/Substrate/Glints2/dict_0007_0193.uasset" 4359
"../../../Engine/Content/EngineMaterials/Substrate/Glints2/dict_0005_0218.uasset" 4360
"../../../Engine/Content/EngineMaterials/Substrate/Glints2/dict_0004_0123.uasset" 4361
"../../../Engine/Content/EngineMaterials/Substrate/Glints2/dict_0002_0228.uasset" 4362
"../../../Engine/Content/EngineMaterials/Substrate/Glints2/dict_0003_0008.uasset" 4363
"../../../Engine/Content/EngineMaterials/Substrate/Glints2/dict_0000_0006.uasset" 4364
"../../../Engine/Content/EngineMaterials/Substrate/Glints2/dict_0002_0216.uasset" 4365
"../../../Engine/Content/EngineMaterials/Substrate/Glints2/dict_0004_0252.uasset" 4366
"../../../Engine/Content/EngineMaterials/Substrate/Glints2/dict_0002_0016.uasset" 4367
"../../../Engine/Content/EngineMaterials/Substrate/Glints2/dict_0004_0021.uasset" 4368
"../../../Engine/Content/EngineMaterials/Substrate/Glints2/dict_0004_0225.uasset" 4369
"../../../Engine/Content/EngineMaterials/Substrate/Glints2/dict_0006_0092.uasset" 4370
"../../../Engine/Content/EngineMaterials/Substrate/Glints2/dict_0002_0023.uasset" 4371
"../../../Engine/Content/EngineMaterials/Substrate/Glints2/dict_0006_0024.uasset" 4372
"../../../Engine/Content/EngineMaterials/Substrate/Glints2/dict_0005_0194.uasset" 4373
"../../../Engine/Content/EngineMaterials/Substrate/Glints2/dict_0001_0067.uasset" 4374
"../../../Engine/Content/EngineMaterials/Substrate/Glints2/dict_0002_0163.uasset" 4375
"../../../Engine/Content/EngineMaterials/Substrate/Glints2/dict_0005_0242.uasset" 4376
"C:/Users/nguye/AppData/Local/UnrealEngine/Common/DerivedDataCache/Buckets/LegacyTEXTURE/fc/dd/d121e0861019a26489b836cd15284de2d7df.udd" 4377
"../../../Engine/Content/EngineMaterials/Substrate/Glints2/dict_0005_0006.uasset" 4378
"../../../Engine/Content/EngineMaterials/Substrate/Glints2/dict_0004_0097.uasset" 4379
"../../../Engine/Content/EngineMaterials/Substrate/Glints2/dict_0000_0206.uasset" 4380
"../../../Engine/Content/EngineMaterials/Substrate/Glints2/dict_0002_0010.uasset" 4381
"../../../Engine/Content/EngineMaterials/Substrate/Glints2/dict_0003_0228.uasset" 4382
"../../../Engine/Content/EngineMaterials/Substrate/Glints2/dict_0003_0236.uasset" 4383
"../../../Engine/Content/EngineMaterials/Substrate/Glints2/dict_0003_0194.uasset" 4384
"../../../Engine/Content/EngineMaterials/Substrate/Glints2/dict_0004_0033.uasset" 4385
"../../../Engine/Content/EngineMaterials/Substrate/Glints2/dict_0000_0250.uasset" 4386
"../../../Engine/Content/EngineMaterials/Substrate/Glints2/dict_0007_0051.uasset" 4387
"../../../Engine/Content/EngineMaterials/Substrate/Glints2/dict_0005_0081.uasset" 4388
"../../../Engine/Content/EngineMaterials/Substrate/Glints2/dict_0000_0012.uasset" 4389
"../../../Engine/Content/EngineMaterials/Substrate/Glints2/dict_0000_0131.uasset" 4390
"../../../Engine/Content/EngineMaterials/Substrate/Glints2/dict_0001_0205.uasset" 4391
"../../../Engine/Content/EngineMaterials/Substrate/Glints2/dict_0002_0227.uasset" 4392
"../../../Engine/Content/EngineMaterials/Substrate/Glints2/dict_0001_0236.uasset" 4393
"../../../Engine/Content/EngineMaterials/Substrate/Glints2/dict_0003_0112.uasset" 4394
"../../../Engine/Content/EngineMaterials/Substrate/Glints2/dict_0000_0245.uasset" 4395
"../../../Engine/Content/EngineMaterials/Substrate/Glints2/dict_0005_0032.uasset" 4396
"../../../Engine/Content/EngineMaterials/Substrate/Glints2/dict_0001_0061.uasset" 4397
"../../../Engine/Content/EngineMaterials/Substrate/Glints2/dict_0005_0233.uasset" 4398
"../../../Engine/Content/EngineMaterials/Substrate/Glints2/dict_0005_0098.uasset" 4399
"../../../Engine/Content/EngineMaterials/Substrate/Glints2/dict_0005_0181.uasset" 4400
"../../../Engine/Content/EngineMaterials/Substrate/Glints2/dict_0004_0066.uasset" 4401
"../../../Engine/Content/EngineMaterials/Substrate/Glints2/dict_0002_0056.uasset" 4402
"../../../Engine/Content/EngineMaterials/Substrate/Glints2/dict_0007_0188.uasset" 4403
"../../../Engine/Content/EngineMaterials/Substrate/Glints2/dict_0007_0167.uasset" 4404
"../../../Engine/Content/EngineMaterials/Substrate/Glints2/dict_0002_0028.uasset" 4405
"../../../Engine/Content/EngineMaterials/Substrate/Glints2/dict_0000_0071.uasset" 4406
"../../../Engine/Content/EngineMaterials/Substrate/Glints2/dict_0001_0049.uasset" 4407
"../../../Engine/Content/EngineMaterials/Substrate/Glints2/dict_0005_0041.uasset" 4408
"C:/Users/nguye/AppData/Local/UnrealEngine/Common/DerivedDataCache/Buckets/LegacyTEXTURE/d4/db/b75e372aeb06819387d64910acde8877fd96.udd" 4409
"../../../Engine/Content/EngineMaterials/Substrate/Glints2/dict_0006_0034.uasset" 4410
"../../../Engine/Content/EngineMaterials/Substrate/Glints2/dict_0002_0085.uasset" 4411
"../../../Engine/Content/EngineMaterials/Substrate/Glints2/dict_0003_0240.uasset" 4412
"../../../Engine/Content/EngineMaterials/Substrate/Glints2/dict_0003_0209.uasset" 4413
"../../../Engine/Content/EngineMaterials/Substrate/Glints2/dict_0006_0090.uasset" 4414
"../../../Engine/Content/EngineMaterials/Substrate/Glints2/dict_0006_0188.uasset" 4415
"../../../Engine/Content/EngineMaterials/Substrate/Glints2/dict_0000_0195.uasset" 4416
"../../../Engine/Content/EngineMaterials/Substrate/Glints2/dict_0001_0202.uasset" 4417
"../../../Engine/Content/EngineMaterials/Substrate/Glints2/dict_0002_0132.uasset" 4418
"../../../Engine/Content/EngineMaterials/Substrate/Glints2/dict_0007_0055.uasset" 4419
"../../../Engine/Content/EngineMaterials/Substrate/Glints2/dict_0006_0153.uasset" 4420
"../../../Engine/Content/EngineMaterials/Substrate/Glints2/dict_0002_0224.uasset" 4421
"../../../Engine/Content/EngineMaterials/Substrate/Glints2/dict_0007_0148.uasset" 4422
"../../../Engine/Content/EngineMaterials/Substrate/Glints2/dict_0003_0079.uasset" 4423
"../../../Engine/Content/EngineMaterials/Substrate/Glints2/dict_0000_0104.uasset" 4424
"../../../Engine/Content/EngineMaterials/Substrate/Glints2/dict_0000_0111.uasset" 4425
"../../../Engine/Content/EngineMaterials/Substrate/Glints2/dict_0000_0249.uasset" 4426
"../../../Engine/Content/EngineMaterials/Substrate/Glints2/dict_0006_0217.uasset" 4427
"../../../Engine/Content/EngineMaterials/Substrate/Glints2/dict_0004_0136.uasset" 4428
"../../../Engine/Content/EngineMaterials/Substrate/Glints2/dict_0001_0075.uasset" 4429
"../../../Engine/Content/EngineMaterials/Substrate/Glints2/dict_0005_0251.uasset" 4430
"../../../Engine/Content/EngineMaterials/Substrate/Glints2/dict_0005_0175.uasset" 4431
"../../../Engine/Content/EngineMaterials/Substrate/Glints2/dict_0006_0131.uasset" 4432
"../../../Engine/Content/EngineMaterials/Substrate/Glints2/dict_0005_0013.uasset" 4433
"../../../Engine/Content/EngineMaterials/Substrate/Glints2/dict_0006_0233.uasset" 4434
"../../../Engine/Content/EngineMaterials/Substrate/Glints2/dict_0004_0186.uasset" 4435
"../../../Engine/Content/EngineMaterials/Substrate/Glints2/dict_0006_0250.uasset" 4436
"../../../Engine/Content/EngineMaterials/Substrate/Glints2/dict_0001_0103.uasset" 4437
"../../../Engine/Content/EngineMaterials/Substrate/Glints2/dict_0005_0014.uasset" 4438
"C:/Users/nguye/AppData/Local/UnrealEngine/Common/DerivedDataCache/Buckets/LegacyTEXTURE/ef/65/03a739e7e5397a28a4df59e6bbc2d3ed67aa.udd" 4439
"../../../Engine/Content/EngineMaterials/Substrate/Glints2/dict_0006_0255.uasset" 4440
"../../../Engine/Content/EngineMaterials/Substrate/Glints2/dict_0000_0058.uasset" 4441
"../../../Engine/Content/EngineMaterials/Substrate/Glints2/dict_0003_0051.uasset" 4442
"../../../Engine/Content/EngineMaterials/Substrate/Glints2/dict_0005_0090.uasset" 4443
"../../../Engine/Content/EngineMaterials/Substrate/Glints2/dict_0006_0169.uasset" 4444
"../../../Engine/Content/EngineMaterials/Substrate/Glints2/dict_0004_0085.uasset" 4445
"../../../Engine/Content/EngineMaterials/Substrate/Glints2/dict_0006_0010.uasset" 4446
"../../../Engine/Content/EngineMaterials/Substrate/Glints2/dict_0004_0223.uasset" 4447
"../../../Engine/Content/EngineMaterials/Substrate/Glints2/dict_0000_0116.uasset" 4448
"../../../Engine/Content/EngineMaterials/Substrate/Glints2/dict_0007_0156.uasset" 4449
"../../../Engine/Content/EngineMaterials/Substrate/Glints2/dict_0006_0197.uasset" 4450
"../../../Engine/Content/EngineMaterials/Substrate/Glints2/dict_0006_0154.uasset" 4451
"../../../Engine/Content/EngineMaterials/Substrate/Glints2/dict_0003_0150.uasset" 4452
"../../../Engine/Content/EngineMaterials/Substrate/Glints2/dict_0005_0178.uasset" 4453
"../../../Engine/Content/EngineMaterials/Substrate/Glints2/dict_0005_0157.uasset" 4454
"../../../Engine/Content/EngineMaterials/Substrate/Glints2/dict_0007_0145.uasset" 4455
"../../../Engine/Content/EngineMaterials/Substrate/Glints2/dict_0003_0147.uasset" 4456
"../../../Engine/Content/EngineMaterials/Substrate/Glints2/dict_0007_0160.uasset" 4457
"../../../Engine/Content/EngineMaterials/Substrate/Glints2/dict_0003_0211.uasset" 4458
"../../../Engine/Content/EngineMaterials/Substrate/Glints2/dict_0003_0031.uasset" 4459
"../../../Engine/Content/EngineMaterials/Substrate/Glints2/dict_0004_0032.uasset" 4460
"../../../Engine/Content/EngineMaterials/Substrate/Glints2/dict_0006_0221.uasset" 4461
"../../../Engine/Content/EngineMaterials/Substrate/Glints2/dict_0003_0155.uasset" 4462
"../../../Engine/Content/EngineMaterials/Substrate/Glints2/dict_0006_0048.uasset" 4463
"../../../Engine/Content/EngineMaterials/Substrate/Glints2/dict_0002_0082.uasset" 4464
"../../../Engine/Content/EngineMaterials/Substrate/Glints2/dict_0007_0201.uasset" 4465
"../../../Engine/Content/EngineMaterials/Substrate/Glints2/dict_0007_0120.uasset" 4466
"../../../Engine/Content/EngineMaterials/Substrate/Glints2/dict_0004_0101.uasset" 4467
"../../../Engine/Content/EngineMaterials/Substrate/Glints2/dict_0006_0060.uasset" 4468
"../../../Engine/Content/EngineMaterials/Substrate/Glints2/dict_0003_0206.uasset" 4469
"../../../Engine/Content/EngineMaterials/Substrate/Glints2/dict_0007_0075.uasset" 4470
"../../../Engine/Content/EngineMaterials/Substrate/Glints2/dict_0003_0141.uasset" 4471
"../../../Engine/Content/EngineMaterials/Substrate/Glints2/dict_0005_0215.uasset" 4472
"../../../Engine/Content/EngineMaterials/Substrate/Glints2/dict_0003_0106.uasset" 4473
"../../../Engine/Content/EngineMaterials/Substrate/Glints2/dict_0007_0092.uasset" 4474
"../../../Engine/Content/EngineMaterials/Substrate/Glints2/dict_0006_0067.uasset" 4475
"../../../Engine/Content/EngineMaterials/Substrate/Glints2/dict_0002_0055.uasset" 4476
"../../../Engine/Content/EngineMaterials/Substrate/Glints2/dict_0005_0145.uasset" 4477
"../../../Engine/Content/EngineMaterials/Substrate/Glints2/dict_0004_0200.uasset" 4478
"../../../Engine/Content/EngineMaterials/Substrate/Glints2/dict_0004_0187.uasset" 4479
"../../../Engine/Content/EngineMaterials/Substrate/Glints2/dict_0005_0140.uasset" 4480
"../../../Engine/Content/EngineMaterials/Substrate/Glints2/dict_0001_0130.uasset" 4481
"../../../Engine/Content/EngineMaterials/Substrate/Glints2/dict_0005_0124.uasset" 4482
"../../../Engine/Content/EngineMaterials/Substrate/Glints2/dict_0004_0221.uasset" 4483
"../../../Engine/Content/EngineMaterials/Substrate/Glints2/dict_0001_0014.uasset" 4484
"../../../Engine/Content/EngineMaterials/Substrate/Glints2/dict_0001_0251.uasset" 4485
"../../../Engine/Content/EngineMaterials/Substrate/Glints2/dict_0001_0069.uasset" 4486
"../../../Engine/Content/EngineMaterials/Substrate/Glints2/dict_0000_0127.uasset" 4487
"../../../Engine/Content/EngineMaterials/Substrate/Glints2/dict_0002_0046.uasset" 4488
"../../../Engine/Content/EngineMaterials/Substrate/Glints2/dict_0006_0214.uasset" 4489
"../../../Engine/Content/EngineMaterials/Substrate/Glints2/dict_0005_0229.uasset" 4490
"../../../Engine/Content/EngineMaterials/Substrate/Glints2/dict_0003_0146.uasset" 4491
"../../../Engine/Content/EngineMaterials/Substrate/Glints2/dict_0005_0208.uasset" 4492
"../../../Engine/Content/EngineMaterials/Substrate/Glints2/dict_0000_0130.uasset" 4493
"../../../Engine/Content/EngineMaterials/Substrate/Glints2/dict_0002_0111.uasset" 4494
"../../../Engine/Content/EngineMaterials/Substrate/Glints2/dict_0004_0065.uasset" 4495
"../../../Engine/Content/EngineMaterials/Substrate/Glints2/dict_0000_0050.uasset" 4496
"../../../Engine/Content/EngineMaterials/Substrate/Glints2/dict_0007_0231.uasset" 4497
"../../../Engine/Content/EngineMaterials/Substrate/Glints2/dict_0005_0248.uasset" 4498
"../../../Engine/Content/EngineMaterials/Substrate/Glints2/dict_0003_0254.uasset" 4499
"../../../Engine/Content/EngineMaterials/Substrate/Glints2/dict_0002_0222.uasset" 4500
"C:/Users/nguye/AppData/Local/UnrealEngine/Common/DerivedDataCache/Buckets/LegacyTEXTURE/8a/94/0cdc61344490d303e284f9cbb822d5ee7c33.udd" 4501
"C:/Users/nguye/AppData/Local/UnrealEngine/Common/DerivedDataCache/Buckets/LegacyTEXTURE/5b/7a/0a8b5c9661f7e176d3095bbf086101fd3be7.udd" 4502
"../../../Engine/Content/EngineMaterials/Substrate/Glints2/dict_0005_0235.uasset" 4503
"../../../Engine/Content/EngineMaterials/Substrate/Glints2/dict_0005_0089.uasset" 4504
"../../../Engine/Content/EngineMaterials/Substrate/Glints2/dict_0004_0216.uasset" 4505
"../../../Engine/Content/EngineMaterials/Substrate/Glints2/dict_0004_0013.uasset" 4506
"../../../Engine/Content/EngineMaterials/Substrate/Glints2/dict_0003_0086.uasset" 4507
"../../../Engine/Content/EngineMaterials/Substrate/Glints2/dict_0007_0127.uasset" 4508
"../../../Engine/Content/EngineMaterials/Substrate/Glints2/dict_0000_0170.uasset" 4509
"../../../Engine/Content/EngineMaterials/Substrate/Glints2/dict_0004_0111.uasset" 4510
"../../../Engine/Content/EngineMaterials/Substrate/Glints2/dict_0004_0193.uasset" 4511
"../../../Engine/Content/EngineMaterials/Substrate/Glints2/dict_0006_0135.uasset" 4512
"../../../Engine/Content/EngineMaterials/Substrate/Glints2/dict_0006_0242.uasset" 4513
"../../../Engine/Content/EngineMaterials/Substrate/Glints2/dict_0001_0128.uasset" 4514
"../../../Engine/Content/EngineMaterials/Substrate/Glints2/dict_0005_0139.uasset" 4515
"../../../Engine/Content/EngineMaterials/Substrate/Glints2/dict_0003_0159.uasset" 4516
"../../../Engine/Content/EngineMaterials/Substrate/Glints2/dict_0006_0041.uasset" 4517
"../../../Engine/Content/EngineMaterials/Substrate/Glints2/dict_0005_0132.uasset" 4518
"../../../Engine/Content/EngineMaterials/Substrate/Glints2/dict_0001_0174.uasset" 4519
"../../../Engine/Content/EngineMaterials/Substrate/Glints2/dict_0002_0174.uasset" 4520
"../../../Engine/Content/EngineMaterials/Substrate/Glints2/dict_0006_0196.uasset" 4521
"../../../Engine/Content/EngineMaterials/Substrate/Glints2/dict_0007_0090.uasset" 4522
"../../../Engine/Content/EngineMaterials/Substrate/Glints2/dict_0005_0066.uasset" 4523
"../../../Engine/Content/EngineMaterials/Substrate/Glints2/dict_0000_0221.uasset" 4524
"../../../Engine/Content/EngineMaterials/Substrate/Glints2/dict_0002_0202.uasset" 4525
"../../../Engine/Content/EngineMaterials/Substrate/Glints2/dict_0001_0120.uasset" 4526
"../../../Engine/Content/EngineMaterials/Substrate/Glints2/dict_0002_0245.uasset" 4527
"../../../Engine/Content/EngineMaterials/Substrate/Glints2/dict_0003_0113.uasset" 4528
"../../../Engine/Content/EngineMaterials/Substrate/Glints2/dict_0003_0213.uasset" 4529
"../../../Engine/Content/EngineMaterials/Substrate/Glints2/dict_0003_0089.uasset" 4530
"../../../Engine/Content/EngineMaterials/Substrate/Glints2/dict_0004_0175.uasset" 4531
"../../../Engine/Content/EngineMaterials/Substrate/Glints2/dict_0005_0069.uasset" 4532
"../../../Engine/Content/EngineMaterials/Substrate/Glints2/dict_0001_0016.uasset" 4533
"../../../Engine/Content/EngineMaterials/Substrate/Glints2/dict_0006_0074.uasset" 4534
"../../../Engine/Content/EngineMaterials/Substrate/Glints2/dict_0000_0067.uasset" 4535
"C:/Users/nguye/AppData/Local/UnrealEngine/Common/DerivedDataCache/Buckets/LegacyTEXTURE/b5/4e/3aeffe520c3cf8c37041e1769af872fa6774.udd" 4536
"../../../Engine/Content/EngineMaterials/Substrate/Glints2/dict_0002_0143.uasset" 4537
"../../../Engine/Content/EngineMaterials/Substrate/Glints2/dict_0001_0065.uasset" 4538
"../../../Engine/Content/EngineMaterials/Substrate/Glints2/dict_0004_0142.uasset" 4539
"../../../Engine/Content/EngineMaterials/Substrate/Glints2/dict_0000_0150.uasset" 4540
"../../../Engine/Content/EngineMaterials/Substrate/Glints2/dict_0005_0114.uasset" 4541
"C:/Users/nguye/AppData/Local/UnrealEngine/Common/DerivedDataCache/Buckets/LegacyTEXTURE/1b/b9/a284b47dbee8a9fcf0acf597e878312fefc9.udd" 4542
"../../../Engine/Content/EngineMaterials/Substrate/Glints2/dict_0000_0022.uasset" 4543
"C:/Users/nguye/AppData/Local/UnrealEngine/Common/DerivedDataCache/Buckets/LegacyTEXTURE/00/6b/b7f2c168f48deae8c52a491372aa8c6f706b.udd" 4544
"../../../Engine/Content/EngineMaterials/Substrate/Glints2/dict_0001_0126.uasset" 4545
"../../../Engine/Content/EngineMaterials/Substrate/Glints2/dict_0007_0018.uasset" 4546
"../../../Engine/Content/EngineMaterials/Substrate/Glints2/dict_0003_0048.uasset" 4547
"../../../Engine/Content/EngineMaterials/Substrate/Glints2/dict_0005_0043.uasset" 4548
"../../../Engine/Content/EngineMaterials/Substrate/Glints2/dict_0006_0152.uasset" 4549
"../../../Engine/Content/EngineMaterials/Substrate/Glints2/dict_0005_0165.uasset" 4550
"../../../Engine/Content/EngineMaterials/Substrate/Glints2/dict_0001_0086.uasset" 4551
"../../../Engine/Content/EngineMaterials/Substrate/Glints2/dict_0004_0025.uasset" 4552
"../../../Engine/Content/EngineMaterials/Substrate/Glints2/dict_0007_0037.uasset" 4553
"../../../Engine/Content/EngineMaterials/Substrate/Glints2/dict_0001_0088.uasset" 4554
"../../../Engine/Content/EngineMaterials/Substrate/Glints2/dict_0004_0239.uasset" 4555
"../../../Engine/Content/EngineMaterials/Substrate/Glints2/dict_0005_0212.uasset" 4556
"../../../Engine/Content/EngineMaterials/Substrate/Glints2/dict_0001_0132.uasset" 4557
"../../../Engine/Content/EngineMaterials/Substrate/Glints2/dict_0001_0161.uasset" 4558
"../../../Engine/Content/EngineMaterials/Substrate/Glints2/dict_0007_0069.uasset" 4559
"../../../Engine/Content/EngineMaterials/Substrate/Glints2/dict_0000_0202.uasset" 4560
"C:/Users/nguye/AppData/Local/UnrealEngine/Common/DerivedDataCache/Buckets/LegacyTEXTURE/34/f6/db08d11541a9069a00752bd08ef366862500.udd" 4561
"../../../Engine/Content/EngineMaterials/Substrate/Glints2/dict_0000_0183.uasset" 4562
"../../../Engine/Content/EngineMaterials/Substrate/Glints2/dict_0002_0068.uasset" 4563
"../../../Engine/Content/EngineMaterials/Substrate/Glints2/dict_0006_0012.uasset" 4564
"../../../Engine/Content/EngineMaterials/Substrate/Glints2/dict_0005_0226.uasset" 4565
"../../../Engine/Content/EngineMaterials/Substrate/Glints2/dict_0006_0128.uasset" 4566
"../../../Engine/Content/EngineMaterials/Substrate/Glints2/dict_0002_0169.uasset" 4567
"../../../Engine/Content/EngineMaterials/Substrate/Glints2/dict_0004_0245.uasset" 4568
"../../../Engine/Content/EngineMaterials/Substrate/Glints2/dict_0005_0197.uasset" 4569
"../../../Engine/Content/EngineMaterials/Substrate/Glints2/dict_0001_0013.uasset" 4570
"../../../Engine/Content/EngineMaterials/Substrate/Glints2/dict_0003_0227.uasset" 4571
"../../../Engine/Content/EngineMaterials/Substrate/Glints2/dict_0007_0161.uasset" 4572
"../../../Engine/Content/EngineMaterials/Substrate/Glints2/dict_0005_0023.uasset" 4573
"../../../Engine/Content/EngineMaterials/Substrate/Glints2/dict_0006_0157.uasset" 4574
"../../../Engine/Content/EngineMaterials/Substrate/Glints2/dict_0006_0142.uasset" 4575
"../../../Engine/Content/EngineMaterials/Substrate/Glints2/dict_0006_0105.uasset" 4576
"../../../Engine/Content/EngineMaterials/Substrate/Glints2/dict_0002_0102.uasset" 4577
"../../../Engine/Content/EngineMaterials/Substrate/Glints2/dict_0002_0243.uasset" 4578
"../../../Engine/Content/EngineMaterials/Substrate/Glints2/dict_0005_0026.uasset" 4579
"../../../Engine/Content/EngineMaterials/Substrate/Glints2/dict_0005_0002.uasset" 4580
"../../../Engine/Content/EngineMaterials/Substrate/Glints2/dict_0003_0019.uasset" 4581
"../../../Engine/Content/EngineMaterials/Substrate/Glints2/dict_0003_0040.uasset" 4582
"../../../Engine/Content/EngineMaterials/Substrate/Glints2/dict_0002_0209.uasset" 4583
"../../../Engine/Content/EngineMaterials/Substrate/Glints2/dict_0000_0149.uasset" 4584
"../../../Engine/Content/EngineMaterials/Substrate/Glints2/dict_0004_0195.uasset" 4585
"../../../Engine/Content/EngineMaterials/Substrate/Glints2/dict_0002_0040.uasset" 4586
"../../../Engine/Content/EngineMaterials/Substrate/Glints2/dict_0000_0255.uasset" 4587
"../../../Engine/Content/EngineMaterials/Substrate/Glints2/dict_0002_0211.uasset" 4588
"../../../Engine/Content/EngineMaterials/Substrate/Glints2/dict_0004_0082.uasset" 4589
"../../../Engine/Content/EngineMaterials/Substrate/Glints2/dict_0004_0070.uasset" 4590
"../../../Engine/Content/EngineMaterials/Substrate/Glints2/dict_0002_0062.uasset" 4591
"../../../Engine/Content/EngineMaterials/Substrate/Glints2/dict_0001_0066.uasset" 4592
"../../../Engine/Content/EngineMaterials/Substrate/Glints2/dict_0002_0100.uasset" 4593
"../../../Engine/Content/EngineMaterials/Substrate/Glints2/dict_0002_0019.uasset" 4594
"../../../Engine/Content/EngineMaterials/Substrate/Glints2/dict_0004_0039.uasset" 4595
"../../../Engine/Content/EngineMaterials/Substrate/Glints2/dict_0001_0184.uasset" 4596
"../../../Engine/Content/EngineMaterials/Substrate/Glints2/dict_0004_0134.uasset" 4597
"../../../Engine/Content/EngineMaterials/Substrate/Glints2/dict_0003_0226.uasset" 4598
"../../../Engine/Content/EngineMaterials/Substrate/Glints2/dict_0004_0114.uasset" 4599
"../../../Engine/Content/EngineMaterials/Substrate/Glints2/dict_0002_0203.uasset" 4600
"../../../Engine/Content/EngineMaterials/Substrate/Glints2/dict_0004_0165.uasset" 4601
"../../../Engine/Content/EngineMaterials/Substrate/Glints2/dict_0001_0090.uasset" 4602
"../../../Engine/Content/EngineMaterials/Substrate/Glints2/dict_0003_0061.uasset" 4603
"../../../Engine/Content/EngineMaterials/Substrate/Glints2/dict_0005_0099.uasset" 4604
"../../../Engine/Content/EngineMaterials/Substrate/Glints2/dict_0006_0232.uasset" 4605
"../../../Engine/Content/EngineMaterials/Substrate/Glints2/dict_0006_0208.uasset" 4606
"../../../Engine/Content/EngineMaterials/Substrate/Glints2/dict_0003_0091.uasset" 4607
"../../../Engine/Content/EngineMaterials/Substrate/Glints2/dict_0004_0024.uasset" 4608
"C:/Users/nguye/AppData/Local/UnrealEngine/Common/DerivedDataCache/Buckets/LegacyTEXTURE/e8/70/b2185d4e8a7b0a1669cabcf2bd4f82f3f7ec.udd" 4609
"../../../Engine/Content/EngineMaterials/Substrate/Glints2/dict_0002_0157.uasset" 4610
"../../../Engine/Content/EngineMaterials/Substrate/Glints2/dict_0007_0197.uasset" 4611
"../../../Engine/Content/EngineMaterials/Substrate/Glints2/dict_0004_0198.uasset" 4612
"../../../Engine/Content/EngineMaterials/Substrate/Glints2/dict_0002_0170.uasset" 4613
"../../../Engine/Content/EngineMaterials/Substrate/Glints2/dict_0000_0238.uasset" 4614
"../../../Engine/Content/EngineMaterials/Substrate/Glints2/dict_0001_0140.uasset" 4615
"../../../Engine/Content/EngineMaterials/Substrate/Glints2/dict_0000_0146.uasset" 4616
"../../../Engine/Content/EngineMaterials/Substrate/Glints2/dict_0007_0235.uasset" 4617
"../../../Engine/Content/EngineMaterials/Substrate/Glints2/dict_0005_0082.uasset" 4618
"../../../Engine/Content/EngineMaterials/Substrate/Glints2/dict_0006_0117.uasset" 4619
"../../../Engine/Content/EngineMaterials/Substrate/Glints2/dict_0004_0159.uasset" 4620
"../../../Engine/Content/EngineMaterials/Substrate/Glints2/dict_0007_0081.uasset" 4621
"../../../Engine/Content/EngineMaterials/Substrate/Glints2/dict_0007_0101.uasset" 4622
"../../../Engine/Content/EngineMaterials/Substrate/Glints2/dict_0000_0173.uasset" 4623
"../../../Engine/Content/EngineMaterials/Substrate/Glints2/dict_0003_0026.uasset" 4624
"C:/Users/nguye/AppData/Local/UnrealEngine/Common/DerivedDataCache/Buckets/LegacyTEXTURE/2b/ac/8f6e82d57f1c66840f7069c3eb91fe4c5070.udd" 4625
"C:/Users/nguye/AppData/Local/UnrealEngine/Common/DerivedDataCache/Buckets/LegacyTEXTURE/3d/40/ab03c7c021070a5b1a5428082d5d4504e9c9.udd" 4626
"../../../Engine/Content/EngineMaterials/Substrate/Glints2/dict_0007_0200.uasset" 4627
"../../../Engine/Content/EngineMaterials/Substrate/Glints2/dict_0002_0114.uasset" 4628
"../../../Engine/Content/EngineMaterials/Substrate/Glints2/dict_0000_0137.uasset" 4629
"../../../Engine/Content/EngineMaterials/Substrate/Glints2/dict_0001_0255.uasset" 4630
"../../../Engine/Content/EngineMaterials/Substrate/Glints2/dict_0005_0079.uasset" 4631
"../../../Engine/Content/EngineMaterials/Substrate/Glints2/dict_0006_0110.uasset" 4632
"../../../Engine/Content/EngineMaterials/Substrate/Glints2/dict_0002_0151.uasset" 4633
"../../../Engine/Content/EngineMaterials/Substrate/Glints2/dict_0003_0131.uasset" 4634
"../../../Engine/Content/EngineMaterials/Substrate/Glints2/dict_0005_0051.uasset" 4635
"../../../Engine/Content/EngineMaterials/Substrate/Glints2/dict_0005_0029.uasset" 4636
"../../../Engine/Content/EngineMaterials/Substrate/Glints2/dict_0005_0101.uasset" 4637
"../../../Engine/Content/EngineMaterials/Substrate/Glints2/dict_0006_0201.uasset" 4638
"../../../Engine/Content/EngineMaterials/Substrate/Glints2/dict_0005_0159.uasset" 4639
"../../../Engine/Content/EngineMaterials/Substrate/Glints2/dict_0000_0148.uasset" 4640
"../../../Engine/Content/EngineMaterials/Substrate/Glints2/dict_0004_0005.uasset" 4641
"../../../Engine/Content/EngineMaterials/Substrate/Glints2/dict_0005_0011.uasset" 4642
"../../../Engine/Content/EngineMaterials/Substrate/Glints2/dict_0006_0162.uasset" 4643
"../../../Engine/Content/EngineMaterials/Substrate/Glints2/dict_0001_0079.uasset" 4644
"../../../Engine/Content/EngineMaterials/Substrate/Glints2/dict_0004_0026.uasset" 4645
"../../../Engine/Content/EngineMaterials/Substrate/Glints2/dict_0001_0240.uasset" 4646
"../../../Engine/Content/EngineMaterials/Substrate/Glints2/dict_0000_0157.uasset" 4647
"../../../Engine/Content/EngineMaterials/Substrate/Glints2/dict_0001_0252.uasset" 4648
"../../../Engine/Content/EngineMaterials/Substrate/Glints2/dict_0003_0233.uasset" 4649
"../../../Engine/Content/EngineMaterials/Substrate/Glints2/dict_0003_0012.uasset" 4650
"../../../Engine/Content/EngineMaterials/Substrate/Glints2/dict_0000_0191.uasset" 4651
"../../../Engine/Content/EngineMaterials/Substrate/Glints2/dict_0005_0059.uasset" 4652
"../../../Engine/Content/EngineMaterials/Substrate/Glints2/dict_0005_0115.uasset" 4653
"../../../Engine/Content/EngineMaterials/Substrate/Glints2/dict_0001_0242.uasset" 4654
"../../../Engine/Content/EngineMaterials/Substrate/Glints2/dict_0006_0175.uasset" 4655
"../../../Engine/Content/EngineMaterials/Substrate/Glints2/dict_0003_0212.uasset" 4656
"../../../Engine/Content/EngineMaterials/Substrate/Glints2/dict_0001_0169.uasset" 4657
"../../../Engine/Content/EngineMaterials/Substrate/Glints2/dict_0001_0172.uasset" 4658
"../../../Engine/Content/EngineMaterials/Substrate/Glints2/dict_0005_0167.uasset" 4659
"../../../Engine/Content/EngineMaterials/Substrate/Glints2/dict_0003_0032.uasset" 4660
"../../../Engine/Content/EngineMaterials/Substrate/Glints2/dict_0005_0104.uasset" 4661
"../../../Engine/Content/EngineMaterials/Substrate/Glints2/dict_0002_0207.uasset" 4662
"../../../Engine/Content/EngineMaterials/Substrate/Glints2/dict_0003_0021.uasset" 4663
"../../../Engine/Content/EngineMaterials/Substrate/Glints2/dict_0006_0009.uasset" 4664
"../../../Engine/Content/EngineMaterials/Substrate/Glints2/dict_0007_0177.uasset" 4665
"../../../Engine/Content/EngineMaterials/Substrate/Glints2/dict_0003_0246.uasset" 4666
"../../../Engine/Content/EngineMaterials/Substrate/Glints2/dict_0002_0017.uasset" 4667
"../../../Engine/Content/EngineMaterials/Substrate/Glints2/dict_0004_0001.uasset" 4668
"../../../Engine/Content/EngineMaterials/Substrate/Glints2/dict_0003_0164.uasset" 4669
"../../../Engine/Content/EngineMaterials/Substrate/Glints2/dict_0006_0189.uasset" 4670
"../../../Engine/Content/EngineMaterials/Substrate/Glints2/dict_0004_0121.uasset" 4671
"../../../Engine/Content/EngineMaterials/Substrate/Glints2/dict_0000_0198.uasset" 4672
"../../../Engine/Content/EngineMaterials/Substrate/Glints2/dict_0003_0171.uasset" 4673
"../../../Engine/Content/EngineMaterials/Substrate/Glints2/dict_0002_0213.uasset" 4674
"../../../Engine/Content/EngineMaterials/Substrate/Glints2/dict_0005_0096.uasset" 4675
"../../../Engine/Content/EngineMaterials/Substrate/Glints2/dict_0001_0099.uasset" 4676
"../../../Engine/Content/EngineMaterials/Substrate/Glints2/dict_0007_0150.uasset" 4677
"C:/Users/nguye/AppData/Local/UnrealEngine/Common/DerivedDataCache/Buckets/LegacyTEXTURE/97/3c/7c8b1f3c4f1e338cc9da240e048334009979.udd" 4678
"../../../Engine/Content/EngineMaterials/Substrate/Glints2/dict_0001_0211.uasset" 4679
"../../../Engine/Content/EngineMaterials/Substrate/Glints2/dict_0004_0141.uasset" 4680
"../../../Engine/Content/EngineMaterials/Substrate/Glints2/dict_0003_0199.uasset" 4681
"../../../Engine/Content/EngineMaterials/Substrate/Glints2/dict_0001_0003.uasset" 4682
"../../../Engine/Content/EngineMaterials/Substrate/Glints2/dict_0005_0020.uasset" 4683
"../../../Engine/Content/EngineMaterials/Substrate/Glints2/dict_0000_0192.uasset" 4684
"../../../Engine/Content/EngineMaterials/Substrate/Glints2/dict_0007_0129.uasset" 4685
"../../../Engine/Content/EngineMaterials/Substrate/Glints2/dict_0003_0176.uasset" 4686
"../../../Engine/Content/EngineMaterials/Substrate/Glints2/dict_0002_0179.uasset" 4687
"../../../Engine/Content/EngineMaterials/Substrate/Glints2/dict_0001_0241.uasset" 4688
"../../../Engine/Content/EngineMaterials/Substrate/Glints2/dict_0005_0012.uasset" 4689
"../../../Engine/Content/EngineMaterials/Substrate/Glints2/dict_0001_0055.uasset" 4690
"../../../Engine/Content/EngineMaterials/Substrate/Glints2/dict_0006_0192.uasset" 4691
"../../../Engine/Content/EngineMaterials/Substrate/Glints2/dict_0002_0193.uasset" 4692
"../../../Engine/Content/EngineMaterials/Substrate/Glints2/dict_0003_0005.uasset" 4693
"../../../Engine/Content/EngineMaterials/Substrate/Glints2/dict_0003_0203.uasset" 4694
"../../../Engine/Content/EngineMaterials/Substrate/Glints2/dict_0003_0237.uasset" 4695
"../../../Engine/Content/EngineMaterials/Substrate/Glints2/dict_0001_0234.uasset" 4696
"../../../Engine/Content/EngineMaterials/Substrate/Glints2/dict_0002_0187.uasset" 4697
"../../../Engine/Content/EngineMaterials/Substrate/Glints2/dict_0006_0081.uasset" 4698
"../../../Engine/Content/EngineMaterials/Substrate/Glints2/dict_0002_0147.uasset" 4699
"../../../Engine/Content/EngineMaterials/Substrate/Glints2/dict_0003_0183.uasset" 4700
"../../../Engine/Content/EngineMaterials/Substrate/Glints2/dict_0002_0134.uasset" 4701
"../../../Engine/Content/EngineMaterials/Substrate/Glints2/dict_0001_0185.uasset" 4702
"../../../Engine/Content/EngineMaterials/Substrate/Glints2/dict_0006_0084.uasset" 4703
"../../../Engine/Content/EngineMaterials/Substrate/Glints2/dict_0005_0171.uasset" 4704
"C:/Users/nguye/AppData/Local/UnrealEngine/Common/DerivedDataCache/Buckets/LegacyTEXTURE/b7/77/49b06399b893318f3db1e4ed4ecff88230b9.udd" 4705
"../../../Engine/Content/EngineMaterials/Substrate/Glints2/dict_0007_0061.uasset" 4706
"../../../Engine/Content/EngineMaterials/Substrate/Glints2/dict_0005_0207.uasset" 4707
"../../../Engine/Content/EngineMaterials/Substrate/Glints2/dict_0007_0023.uasset" 4708
"../../../Engine/Content/EngineMaterials/Substrate/Glints2/dict_0005_0184.uasset" 4709
"../../../Engine/Content/EngineMaterials/Substrate/Glints2/dict_0007_0204.uasset" 4710
"../../../Engine/Content/EngineMaterials/Substrate/Glints2/dict_0007_0143.uasset" 4711
"../../../Engine/Content/EngineMaterials/Substrate/Glints2/dict_0003_0092.uasset" 4712
"../../../Engine/Content/EngineMaterials/Substrate/Glints2/dict_0003_0154.uasset" 4713
"../../../Engine/Content/EngineMaterials/Substrate/Glints2/dict_0001_0080.uasset" 4714
"../../../Engine/Content/EngineMaterials/Substrate/Glints2/dict_0004_0179.uasset" 4715
"../../../Engine/Content/EngineMaterials/Substrate/Glints2/dict_0005_0067.uasset" 4716
"../../../Engine/Content/EngineMaterials/Substrate/Glints2/dict_0000_0029.uasset" 4717
"../../../Engine/Content/EngineMaterials/Substrate/Glints2/dict_0004_0246.uasset" 4718
"../../../Engine/Content/EngineMaterials/Substrate/Glints2/dict_0006_0098.uasset" 4719
"../../../Engine/Content/EngineMaterials/Substrate/Glints2/dict_0004_0215.uasset" 4720
"../../../Engine/Content/EngineMaterials/Substrate/Glints2/dict_0007_0086.uasset" 4721
"../../../Engine/Content/EngineMaterials/Substrate/Glints2/dict_0003_0119.uasset" 4722
"../../../Engine/Content/EngineMaterials/Substrate/Glints2/dict_0007_0062.uasset" 4723
"../../../Engine/Content/EngineMaterials/Substrate/Glints2/dict_0004_0058.uasset" 4724
"../../../Engine/Content/EngineMaterials/Substrate/Glints2/dict_0007_0199.uasset" 4725
"../../../Engine/Content/EngineMaterials/Substrate/Glints2/dict_0000_0153.uasset" 4726
"../../../Engine/Content/EngineMaterials/Substrate/Glints2/dict_0002_0092.uasset" 4727
"../../../Engine/Content/EngineMaterials/Substrate/Glints2/dict_0004_0052.uasset" 4728
"../../../Engine/Content/EngineMaterials/Substrate/Glints2/dict_0001_0190.uasset" 4729
"../../../Engine/Content/EngineMaterials/Substrate/Glints2/dict_0002_0014.uasset" 4730
"../../../Engine/Content/EngineMaterials/Substrate/Glints2/dict_0004_0074.uasset" 4731
"../../../Engine/Content/EngineMaterials/Substrate/Glints2/dict_0006_0176.uasset" 4732
"../../../Engine/Content/EngineMaterials/Substrate/Glints2/dict_0001_0232.uasset" 4733
"../../../Engine/Content/EngineMaterials/Substrate/Glints2/dict_0002_0108.uasset" 4734
"../../../Engine/Content/EngineMaterials/Substrate/Glints2/dict_0006_0043.uasset" 4735
"../../../Engine/Content/EngineMaterials/Substrate/Glints2/dict_0000_0246.uasset" 4736
"../../../Engine/Content/EngineMaterials/Substrate/Glints2/dict_0007_0185.uasset" 4737
"../../../Engine/Content/EngineMaterials/Substrate/Glints2/dict_0003_0088.uasset" 4738
"C:/Users/nguye/AppData/Local/UnrealEngine/Common/DerivedDataCache/Buckets/LegacyTEXTURE/54/be/0cec17fa8107a0360527b69aa62de6f4a6a3.udd" 4739
"../../../Engine/Content/EngineMaterials/Substrate/Glints2/dict_0006_0219.uasset" 4740
"../../../Engine/Content/EngineMaterials/Substrate/Glints2/dict_0001_0124.uasset" 4741
"../../../Engine/Content/EngineMaterials/Substrate/Glints2/dict_0007_0187.uasset" 4742
"../../../Engine/Content/EngineMaterials/Substrate/Glints2/dict_0003_0169.uasset" 4743
"../../../Engine/Content/EngineMaterials/Substrate/Glints2/dict_0002_0098.uasset" 4744
"../../../Engine/Content/EngineMaterials/Substrate/Glints2/dict_0002_0171.uasset" 4745
"../../../Engine/Content/EngineMaterials/Substrate/Glints2/dict_0004_0205.uasset" 4746
"../../../Engine/Content/EngineMaterials/Substrate/Glints2/dict_0005_0220.uasset" 4747
"../../../Engine/Content/EngineMaterials/Substrate/Glints2/dict_0002_0066.uasset" 4748
"../../../Engine/Content/EngineMaterials/Substrate/Glints2/dict_0004_0242.uasset" 4749
"../../../Engine/Content/EngineMaterials/Substrate/Glints2/dict_0007_0117.uasset" 4750
"../../../Engine/Content/EngineMaterials/Substrate/Glints2/dict_0003_0205.uasset" 4751
"../../../Engine/Content/EngineMaterials/Substrate/Glints2/dict_0006_0089.uasset" 4752
"../../../Engine/Content/EngineMaterials/Substrate/Glints2/dict_0004_0174.uasset" 4753
"../../../Engine/Content/EngineMaterials/Substrate/Glints2/dict_0004_0157.uasset" 4754
"../../../Engine/Content/EngineMaterials/Substrate/Glints2/dict_0006_0204.uasset" 4755
"../../../Engine/Content/EngineMaterials/Substrate/Glints2/dict_0000_0107.uasset" 4756
"../../../Engine/Content/EngineMaterials/Substrate/Glints2/dict_0001_0122.uasset" 4757
"../../../Engine/Content/EngineMaterials/Substrate/Glints2/dict_0004_0190.uasset" 4758
"../../../Engine/Content/EngineMaterials/Substrate/Glints2/dict_0001_0133.uasset" 4759
"../../../Engine/Content/EngineMaterials/Substrate/Glints2/dict_0007_0168.uasset" 4760
"../../../Engine/Content/EngineMaterials/Substrate/Glints2/dict_0000_0189.uasset" 4761
"../../../Engine/Content/EngineMaterials/Substrate/Glints2/dict_0000_0175.uasset" 4762
"C:/Users/nguye/AppData/Local/UnrealEngine/Common/DerivedDataCache/Buckets/LegacyTEXTURE/b3/e1/6e280b70443ab7cf8729dbda0bc2c39bd046.udd" 4763
"../../../Engine/Content/EngineMaterials/Substrate/Glints2/dict_0004_0028.uasset" 4764
"../../../Engine/Content/EngineMaterials/Substrate/Glints2/dict_0001_0105.uasset" 4765
"../../../Engine/Content/EngineMaterials/Substrate/Glints2/dict_0006_0222.uasset" 4766
"../../../Engine/Content/EngineMaterials/Substrate/Glints2/dict_0005_0077.uasset" 4767
"../../../Engine/Content/EngineMaterials/Substrate/Glints2/dict_0002_0051.uasset" 4768
"../../../Engine/Content/EngineMaterials/Substrate/Glints2/dict_0001_0235.uasset" 4769
"../../../Engine/Content/EngineMaterials/Substrate/Glints2/dict_0006_0225.uasset" 4770
"../../../Engine/Content/EngineMaterials/Substrate/Glints2/dict_0004_0237.uasset" 4771
"../../../Engine/Content/EngineMaterials/Substrate/Glints2/dict_0004_0122.uasset" 4772
"../../../Engine/Content/EngineMaterials/Substrate/Glints2/dict_0005_0036.uasset" 4773
"../../../Engine/Content/EngineMaterials/Substrate/Glints2/dict_0005_0003.uasset" 4774
"../../../Engine/Content/EngineMaterials/Substrate/Glints2/dict_0001_0197.uasset" 4775
"../../../Engine/Content/EngineMaterials/Substrate/Glints2/dict_0005_0085.uasset" 4776
"../../../Engine/Content/EngineMaterials/Substrate/Glints2/dict_0004_0168.uasset" 4777
"../../../Engine/Content/EngineMaterials/Substrate/Glints2/dict_0002_0050.uasset" 4778
"../../../Engine/Content/EngineMaterials/Substrate/Glints2/dict_0004_0009.uasset" 4779
"../../../Engine/Content/EngineMaterials/Substrate/Glints2/dict_0001_0164.uasset" 4780
"../../../Engine/Content/EngineMaterials/Substrate/Glints2/dict_0007_0026.uasset" 4781
"../../../Engine/Content/EngineMaterials/Substrate/Glints2/dict_0002_0141.uasset" 4782
"../../../Engine/Content/EngineMaterials/Substrate/Glints2/dict_0006_0183.uasset" 4783
"../../../Engine/Content/EngineMaterials/Substrate/Glints2/dict_0003_0232.uasset" 4784
"../../../Engine/Content/EngineMaterials/Substrate/Glints2/dict_0004_0169.uasset" 4785
"../../../Engine/Content/EngineMaterials/Substrate/Glints2/dict_0001_0150.uasset" 4786
"../../../Engine/Content/EngineMaterials/Substrate/Glints2/dict_0005_0211.uasset" 4787
"../../../Engine/Content/EngineMaterials/Substrate/Glints2/dict_0002_0039.uasset" 4788
"../../../Engine/Content/EngineMaterials/Substrate/Glints2/dict_0004_0164.uasset" 4789
"../../../Engine/Content/EngineMaterials/Substrate/Glints2/dict_0004_0199.uasset" 4790
"../../../Engine/Content/EngineMaterials/Substrate/Glints2/dict_0005_0253.uasset" 4791
"../../../Engine/Content/EngineMaterials/Substrate/Glints2/dict_0006_0223.uasset" 4792
"../../../Engine/Content/EngineMaterials/Substrate/Glints2/dict_0002_0012.uasset" 4793
"../../../Engine/Content/EngineMaterials/Substrate/Glints2/dict_0005_0199.uasset" 4794
"../../../Engine/Content/EngineMaterials/Substrate/Glints2/dict_0007_0040.uasset" 4795
"../../../Engine/Content/EngineMaterials/Substrate/Glints2/dict_0004_0061.uasset" 4796
"../../../Engine/Content/EngineMaterials/Substrate/Glints2/dict_0006_0008.uasset" 4797
"../../../Engine/Content/EngineMaterials/Substrate/Glints2/dict_0005_0230.uasset" 4798
"../../../Engine/Content/EngineMaterials/Substrate/Glints2/dict_0002_0146.uasset" 4799
"../../../Engine/Content/EngineMaterials/Substrate/Glints2/dict_0007_0049.uasset" 4800
"../../../Engine/Content/EngineMaterials/Substrate/Glints2/dict_0001_0170.uasset" 4801
"../../../Engine/Content/EngineMaterials/Substrate/Glints2/dict_0003_0214.uasset" 4802
"../../../Engine/Content/EngineMaterials/Substrate/Glints2/dict_0007_0028.uasset" 4803
"../../../Engine/Content/EngineMaterials/Substrate/Glints2/dict_0006_0022.uasset" 4804
"C:/Users/nguye/AppData/Local/UnrealEngine/Common/DerivedDataCache/Buckets/LegacyTEXTURE/ba/da/2a14b567292107a7bea0b4124463e9b7eb84.udd" 4805
"C:/Users/nguye/AppData/Local/UnrealEngine/Common/DerivedDataCache/Buckets/LegacyTEXTURE/28/13/dbced541517d3c7ad6b540c1249cd7e5e027.udd" 4806
"../../../Engine/Content/EngineMaterials/Substrate/Glints2/dict_0003_0163.uasset" 4807
"../../../Engine/Content/EngineMaterials/Substrate/Glints2/dict_0007_0059.uasset" 4808
"../../../Engine/Content/EngineMaterials/Substrate/Glints2/dict_0003_0078.uasset" 4809
"../../../Engine/Content/EngineMaterials/Substrate/Glints2/dict_0002_0185.uasset" 4810
"../../../Engine/Content/EngineMaterials/Substrate/Glints2/dict_0000_0241.uasset" 4811
"../../../Engine/Content/EngineMaterials/Substrate/Glints2/dict_0004_0015.uasset" 4812
"../../../Engine/Content/EngineMaterials/Substrate/Glints2/dict_0005_0074.uasset" 4813
"../../../Engine/Content/EngineMaterials/Substrate/Glints2/dict_0002_0162.uasset" 4814
"../../../Engine/Content/EngineMaterials/Substrate/Glints2/dict_0003_0126.uasset" 4815
"../../../Engine/Content/EngineMaterials/Substrate/Glints2/dict_0007_0140.uasset" 4816
"../../../Engine/Content/EngineMaterials/Substrate/Glints2/dict_0003_0096.uasset" 4817
"../../../Engine/Content/EngineMaterials/Substrate/Glints2/dict_0006_0069.uasset" 4818
"../../../Engine/Content/EngineMaterials/Substrate/Glints2/dict_0000_0054.uasset" 4819
"../../../Engine/Content/EngineMaterials/Substrate/Glints2/dict_0004_0022.uasset" 4820
"../../../Engine/Content/EngineMaterials/Substrate/Glints2/dict_0002_0026.uasset" 4821
"../../../Engine/Content/EngineMaterials/Substrate/Glints2/dict_0003_0001.uasset" 4822
"../../../Engine/Content/EngineMaterials/Substrate/Glints2/dict_0004_0139.uasset" 4823
"../../../Engine/Content/EngineMaterials/Substrate/Glints2/dict_0003_0121.uasset" 4824
"../../../Engine/Content/EngineMaterials/Substrate/Glints2/dict_0005_0116.uasset" 4825
"../../../Engine/Content/EngineMaterials/Substrate/Glints2/dict_0000_0235.uasset" 4826
"../../../Engine/Content/EngineMaterials/Substrate/Glints2/dict_0003_0023.uasset" 4827
"../../../Engine/Content/EngineMaterials/Substrate/Glints2/dict_0007_0020.uasset" 4828
"../../../Engine/Content/EngineMaterials/Substrate/Glints2/dict_0003_0080.uasset" 4829
"../../../Engine/Content/EngineMaterials/Substrate/Glints2/dict_0001_0183.uasset" 4830
"../../../Engine/Content/EngineMaterials/Substrate/Glints2/dict_0003_0153.uasset" 4831
"../../../Engine/Content/EngineMaterials/Substrate/Glints2/dict_0005_0243.uasset" 4832
"../../../Engine/Content/EngineMaterials/Substrate/Glints2/dict_0000_0232.uasset" 4833
"../../../Engine/Content/EngineMaterials/Substrate/Glints2/dict_0006_0136.uasset" 4834
"../../../Engine/Content/EngineMaterials/Substrate/Glints2/dict_0006_0206.uasset" 4835
"../../../Engine/Content/EngineMaterials/Substrate/Glints2/dict_0004_0104.uasset" 4836
"../../../Engine/Content/EngineMaterials/Substrate/Glints2/dict_0002_0058.uasset" 4837
"../../../Engine/Content/EngineMaterials/Substrate/Glints2/dict_0007_0110.uasset" 4838
"../../../Engine/Content/EngineMaterials/Substrate/Glints2/dict_0006_0072.uasset" 4839
"../../../Engine/Content/EngineMaterials/Substrate/Glints2/dict_0007_0202.uasset" 4840
"C:/Users/nguye/AppData/Local/UnrealEngine/Common/DerivedDataCache/Buckets/LegacyTEXTURE/78/30/7e932e8be2e3af793c03ea42fb14456f1745.udd" 4841
"../../../Engine/Content/EngineMaterials/Substrate/Glints2/dict_0003_0244.uasset" 4842
"../../../Engine/Content/EngineMaterials/Substrate/Glints2/dict_0005_0180.uasset" 4843
"../../../Engine/Content/EngineMaterials/Substrate/Glints2/dict_0005_0147.uasset" 4844
"../../../Engine/Content/EngineMaterials/Substrate/Glints2/dict_0001_0222.uasset" 4845
"../../../Engine/Content/EngineMaterials/Substrate/Glints2/dict_0006_0203.uasset" 4846
"../../../Engine/Content/EngineMaterials/Substrate/Glints2/dict_0006_0151.uasset" 4847
"../../../Engine/Content/EngineMaterials/Substrate/Glints2/dict_0000_0218.uasset" 4848
"../../../Engine/Content/EngineMaterials/Substrate/Glints2/dict_0001_0045.uasset" 4849
"../../../Engine/Content/EngineMaterials/Substrate/Glints2/dict_0000_0172.uasset" 4850
"../../../Engine/Content/EngineMaterials/Substrate/Glints2/dict_0004_0093.uasset" 4851
"../../../Engine/Content/EngineMaterials/Substrate/Glints2/dict_0001_0199.uasset" 4852
"../../../Engine/Content/EngineMaterials/Substrate/Glints2/dict_0002_0154.uasset" 4853
"../../../Engine/Content/EngineMaterials/Substrate/Glints2/dict_0007_0015.uasset" 4854
"../../../Engine/Content/EngineMaterials/Substrate/Glints2/dict_0003_0144.uasset" 4855
"../../../Engine/Content/EngineMaterials/Substrate/Glints2/dict_0004_0233.uasset" 4856
"../../../Engine/Content/EngineMaterials/Substrate/Glints2/dict_0005_0254.uasset" 4857
"../../../Engine/Content/EngineMaterials/Substrate/Glints2/dict_0003_0182.uasset" 4858
"../../../Engine/Content/EngineMaterials/Substrate/Glints2/dict_0005_0094.uasset" 4859
"../../../Engine/Content/EngineMaterials/Substrate/Glints2/dict_0000_0237.uasset" 4860
"../../../Engine/Content/EngineMaterials/Substrate/Glints2/dict_0002_0130.uasset" 4861
"../../../Engine/Content/EngineMaterials/Substrate/Glints2/dict_0007_0113.uasset" 4862
"../../../Engine/Content/EngineMaterials/Substrate/Glints2/dict_0006_0037.uasset" 4863
"../../../Engine/Content/EngineMaterials/Substrate/Glints2/dict_0001_0027.uasset" 4864
"../../../Engine/Content/EngineMaterials/Substrate/Glints2/dict_0002_0145.uasset" 4865
"../../../Engine/Content/EngineMaterials/Substrate/Glints2/dict_0007_0179.uasset" 4866
"../../../Engine/Content/EngineMaterials/Substrate/Glints2/dict_0001_0138.uasset" 4867
"../../../Engine/Content/EngineMaterials/Substrate/Glints2/dict_0000_0177.uasset" 4868
"../../../Engine/Content/EngineMaterials/Substrate/Glints2/dict_0001_0149.uasset" 4869
"../../../Engine/Content/EngineMaterials/Substrate/Glints2/dict_0007_0228.uasset" 4870
"../../../Engine/Content/EngineMaterials/Substrate/Glints2/dict_0004_0099.uasset" 4871
"../../../Engine/Content/EngineMaterials/Substrate/Glints2/dict_0006_0172.uasset" 4872
"../../../Engine/Content/EngineMaterials/Substrate/Glints2/dict_0002_0148.uasset" 4873
"../../../Engine/Content/EngineMaterials/Substrate/Glints2/dict_0001_0083.uasset" 4874
"../../../Engine/Content/EngineMaterials/Substrate/Glints2/dict_0001_0192.uasset" 4875
"../../../Engine/Content/EngineMaterials/Substrate/Glints2/dict_0003_0014.uasset" 4876
"../../../Engine/Content/EngineMaterials/Substrate/Glints2/dict_0006_0023.uasset" 4877
"../../../Engine/Content/EngineMaterials/Substrate/Glints2/dict_0002_0135.uasset" 4878
"../../../Engine/Content/EngineMaterials/Substrate/Glints2/dict_0004_0133.uasset" 4879
"../../../Engine/Content/EngineMaterials/Substrate/Glints2/dict_0002_0083.uasset" 4880
"../../../Engine/Content/EngineMaterials/Substrate/Glints2/dict_0000_0015.uasset" 4881
"../../../Engine/Content/EngineMaterials/Substrate/Glints2/dict_0003_0058.uasset" 4882
"../../../Engine/Content/EngineMaterials/Substrate/Glints2/dict_0000_0243.uasset" 4883
"../../../Engine/Content/EngineMaterials/Substrate/Glints2/dict_0006_0252.uasset" 4884
"../../../Engine/Content/EngineMaterials/Substrate/Glints2/dict_0004_0081.uasset" 4885
"../../../Engine/Content/EngineMaterials/Substrate/Glints2/dict_0004_0083.uasset" 4886
"../../../Engine/Content/EngineMaterials/Substrate/Glints2/dict_0007_0236.uasset" 4887
"../../../Engine/Content/EngineMaterials/Substrate/Glints2/dict_0001_0187.uasset" 4888
"../../../Engine/Content/EngineMaterials/Substrate/Glints2/dict_0007_0254.uasset" 4889
"../../../Engine/Content/EngineMaterials/Substrate/Glints2/dict_0002_0031.uasset" 4890
"C:/Users/nguye/AppData/Local/UnrealEngine/Common/DerivedDataCache/Buckets/LegacyTEXTURE/dc/9f/23c82ade77414252eeafe9a0193a321110b7.udd" 4891
"../../../Engine/Content/EngineMaterials/Substrate/Glints2/dict_0007_0131.uasset" 4892
"../../../Engine/Content/EngineMaterials/Substrate/Glints2/dict_0006_0007.uasset" 4893
"C:/Users/nguye/AppData/Local/UnrealEngine/Common/DerivedDataCache/Buckets/LegacyTEXTURE/2b/09/748c0e33784ec6fc370608f9af3acaa5e3b8.udd" 4894
"../../../Engine/Content/EngineMaterials/Substrate/Glints2/dict_0005_0131.uasset" 4895
"../../../Engine/Content/EngineMaterials/Substrate/Glints2/dict_0006_0177.uasset" 4896
"../../../Engine/Content/EngineMaterials/Substrate/Glints2/dict_0002_0104.uasset" 4897
"../../../Engine/Content/EngineMaterials/Substrate/Glints2/dict_0004_0018.uasset" 4898
"../../../Engine/Content/EngineMaterials/Substrate/Glints2/dict_0005_0144.uasset" 4899
"../../../Engine/Content/EngineMaterials/Substrate/Glints2/dict_0001_0000.uasset" 4900
"../../../Engine/Content/EngineMaterials/Substrate/Glints2/dict_0001_0131.uasset" 4901
"../../../Engine/Content/EngineMaterials/Substrate/Glints2/dict_0006_0124.uasset" 4902
"../../../Engine/Content/EngineMaterials/Substrate/Glints2/dict_0004_0197.uasset" 4903
"../../../Engine/Content/EngineMaterials/Substrate/Glints2/dict_0006_0145.uasset" 4904
"../../../Engine/Content/EngineMaterials/Substrate/Glints2/dict_0007_0155.uasset" 4905
"../../../Engine/Content/EngineMaterials/Substrate/Glints2/dict_0002_0150.uasset" 4906
"../../../Engine/Content/EngineMaterials/Substrate/Glints2/dict_0005_0210.uasset" 4907
"../../../Engine/Content/EngineMaterials/Substrate/Glints2/dict_0006_0111.uasset" 4908
"../../../Engine/Content/EngineMaterials/Substrate/Glints2/dict_0000_0201.uasset" 4909
"../../../Engine/Content/EngineMaterials/Substrate/Glints2/dict_0004_0204.uasset" 4910
"../../../Engine/Content/EngineMaterials/Substrate/Glints2/dict_0007_0102.uasset" 4911
"../../../Engine/Content/EngineMaterials/Substrate/Glints2/dict_0004_0203.uasset" 4912
"../../../Engine/Content/EngineMaterials/Substrate/Glints2/dict_0003_0118.uasset" 4913
"../../../Engine/Content/EngineMaterials/Substrate/Glints2/dict_0002_0094.uasset" 4914
"../../../Engine/Content/EngineMaterials/Substrate/Glints2/dict_0003_0168.uasset" 4915
"../../../Engine/Content/EngineMaterials/Substrate/Glints2/dict_0002_0105.uasset" 4916
"../../../Engine/Content/EngineMaterials/Substrate/Glints2/dict_0007_0123.uasset" 4917
"../../../Engine/Content/EngineMaterials/Substrate/Glints2/dict_0005_0188.uasset" 4918
"../../../Engine/Content/EngineMaterials/Substrate/Glints2/dict_0003_0035.uasset" 4919
"../../../Engine/Content/EngineMaterials/Substrate/Glints2/dict_0003_0216.uasset" 4920
"../../../Engine/Content/EngineMaterials/Substrate/Glints2/dict_0006_0126.uasset" 4921
"../../../Engine/Content/EngineMaterials/Substrate/Glints2/dict_0006_0086.uasset" 4922
"../../../Engine/Content/EngineMaterials/Substrate/Glints2/dict_0004_0027.uasset" 4923
"../../../Engine/Content/EngineMaterials/Substrate/Glints2/dict_0000_0247.uasset" 4924
"../../../Engine/Content/EngineMaterials/Substrate/Glints2/dict_0007_0019.uasset" 4925
"../../../Engine/Content/EngineMaterials/Substrate/Glints2/dict_0006_0127.uasset" 4926
"../../../Engine/Content/EngineMaterials/Substrate/Glints2/dict_0004_0131.uasset" 4927
"../../../Engine/Content/EngineMaterials/Substrate/Glints2/dict_0003_0063.uasset" 4928
"../../../Engine/Content/EngineMaterials/Substrate/Glints2/dict_0001_0148.uasset" 4929
"../../../Engine/Content/EngineMaterials/Substrate/Glints2/dict_0005_0083.uasset" 4930
"../../../Engine/Content/EngineMaterials/Substrate/Glints2/dict_0000_0125.uasset" 4931
"../../../Engine/Content/EngineMaterials/Substrate/Glints2/dict_0005_0161.uasset" 4932
"../../../Engine/Content/EngineMaterials/Substrate/Glints2/dict_0005_0174.uasset" 4933
"C:/Users/nguye/AppData/Local/UnrealEngine/Common/DerivedDataCache/Buckets/LegacyTEXTURE/4b/ae/805dd73caf8ba7b85420b2149b852d403b3d.udd" 4934
"../../../Engine/Content/EngineMaterials/Substrate/Glints2/dict_0005_0156.uasset" 4935
"../../../Engine/Content/EngineMaterials/Substrate/Glints2/dict_0002_0214.uasset" 4936
"../../../Engine/Content/EngineMaterials/Substrate/Glints2/dict_0002_0133.uasset" 4937
"../../../Engine/Content/EngineMaterials/Substrate/Glints2/dict_0000_0074.uasset" 4938
"C:/Users/nguye/AppData/Local/UnrealEngine/Common/DerivedDataCache/Buckets/LegacyTEXTURE/78/aa/3ddaed92be9ece8cc278f22e872cf5de1d1c.udd" 4939
"../../../Engine/Content/EngineMaterials/Substrate/Glints2/dict_0002_0077.uasset" 4940
"../../../Engine/Content/EngineMaterials/Substrate/Glints2/dict_0004_0079.uasset" 4941
"../../../Engine/Content/EngineMaterials/Substrate/Glints2/dict_0006_0018.uasset" 4942
"../../../Engine/Content/EngineMaterials/Substrate/Glints2/dict_0005_0019.uasset" 4943
"../../../Engine/Content/EngineMaterials/Substrate/Glints2/dict_0006_0044.uasset" 4944
"../../../Engine/Content/EngineMaterials/Substrate/Glints2/dict_0001_0032.uasset" 4945
"../../../Engine/Content/EngineMaterials/Substrate/Glints2/dict_0002_0195.uasset" 4946
"../../../Engine/Content/EngineMaterials/Substrate/Glints2/dict_0000_0214.uasset" 4947
"../../../Engine/Content/EngineMaterials/Substrate/Glints2/dict_0005_0045.uasset" 4948
"../../../Engine/Content/EngineMaterials/Substrate/Glints2/dict_0000_0096.uasset" 4949
"../../../Engine/Content/EngineMaterials/Substrate/Glints2/dict_0001_0151.uasset" 4950
"../../../Engine/Content/EngineMaterials/Substrate/Glints2/dict_0005_0106.uasset" 4951
"../../../Engine/Content/EngineMaterials/Substrate/Glints2/dict_0006_0093.uasset" 4952
"../../../Engine/Content/EngineMaterials/Substrate/Glints2/dict_0003_0132.uasset" 4953
"../../../Engine/Content/EngineMaterials/Substrate/Glints2/dict_0003_0133.uasset" 4954
"../../../Engine/Content/EngineMaterials/Substrate/Glints2/dict_0007_0011.uasset" 4955
"../../../Engine/Content/EngineMaterials/Substrate/Glints2/dict_0004_0189.uasset" 4956
"../../../Engine/Content/EngineMaterials/Substrate/Glints2/dict_0005_0111.uasset" 4957
"../../../Engine/Content/EngineMaterials/Substrate/Glints2/dict_0006_0094.uasset" 4958
"../../../Engine/Content/EngineMaterials/Substrate/Glints2/dict_0004_0214.uasset" 4959
"../../../Engine/Content/EngineMaterials/Substrate/Glints2/dict_0000_0197.uasset" 4960
"../../../Engine/Content/EngineMaterials/Substrate/Glints2/dict_0001_0160.uasset" 4961
"../../../Engine/Content/EngineMaterials/Substrate/Glints2/dict_0002_0136.uasset" 4962
"../../../Engine/Content/EngineMaterials/Substrate/Glints2/dict_0000_0182.uasset" 4963
"../../../Engine/Content/EngineMaterials/Substrate/Glints2/dict_0001_0023.uasset" 4964
"../../../Engine/Content/EngineMaterials/Substrate/Glints2/dict_0001_0227.uasset" 4965
"../../../Engine/Content/EngineMaterials/Substrate/Glints2/dict_0002_0140.uasset" 4966
"../../../Engine/Content/EngineMaterials/Substrate/Glints2/dict_0003_0039.uasset" 4967
"../../../Engine/Content/EngineMaterials/Substrate/Glints2/dict_0005_0022.uasset" 4968
"../../../Engine/Content/EngineMaterials/Substrate/Glints2/dict_0004_0129.uasset" 4969
"../../../Engine/Content/EngineMaterials/Substrate/Glints2/dict_0005_0095.uasset" 4970
"../../../Engine/Content/EngineMaterials/Substrate/Glints2/dict_0002_0196.uasset" 4971
"../../../Engine/Content/EngineMaterials/Substrate/Glints2/dict_0004_0162.uasset" 4972
"../../../Engine/Content/EngineMaterials/Substrate/Glints2/dict_0006_0013.uasset" 4973
"C:/Users/nguye/AppData/Local/UnrealEngine/Common/DerivedDataCache/Buckets/LegacyTEXTURE/c9/41/7f5b3c5bc448eda78e8927ed25d6bf1b9d37.udd" 4974
"../../../Engine/Content/EngineMaterials/Substrate/Glints2/dict_0006_0185.uasset" 4975
"../../../Engine/Content/EngineMaterials/Substrate/Glints2/dict_0004_0051.uasset" 4976
"../../../Engine/Content/EngineMaterials/Substrate/Glints2/dict_0002_0220.uasset" 4977
"../../../Engine/Content/EngineMaterials/Substrate/Glints2/dict_0003_0207.uasset" 4978
"../../../Engine/Content/EngineMaterials/Substrate/Glints2/dict_0005_0122.uasset" 4979
"../../../Engine/Content/EngineMaterials/Substrate/Glints2/dict_0003_0099.uasset" 4980
"../../../Engine/Content/EngineMaterials/Substrate/Glints2/dict_0007_0247.uasset" 4981
"../../../Engine/Content/EngineMaterials/Substrate/Glints2/dict_0003_0057.uasset" 4982
"../../../Engine/Content/EngineMaterials/Substrate/Glints2/dict_0002_0252.uasset" 4983
"../../../Engine/Content/EngineMaterials/Substrate/Glints2/dict_0006_0038.uasset" 4984
"../../../Engine/Content/EngineMaterials/Substrate/Glints2/dict_0004_0177.uasset" 4985
"../../../Engine/Content/EngineMaterials/Substrate/Glints2/dict_0006_0234.uasset" 4986
"../../../Engine/Content/EngineMaterials/Substrate/Glints2/dict_0005_0103.uasset" 4987
"../../../Engine/Content/EngineMaterials/Substrate/Glints2/dict_0000_0166.uasset" 4988
"../../../Engine/Content/EngineMaterials/Substrate/Glints2/dict_0000_0222.uasset" 4989
"../../../Engine/Content/EngineMaterials/Substrate/Glints2/dict_0000_0199.uasset" 4990
"../../../Engine/Content/EngineMaterials/Substrate/Glints2/dict_0006_0140.uasset" 4991
"../../../Engine/Content/EngineMaterials/Substrate/Glints2/dict_0002_0067.uasset" 4992
"../../../Engine/Content/EngineMaterials/Substrate/Glints2/dict_0003_0116.uasset" 4993
"../../../Engine/Content/EngineMaterials/Substrate/Glints2/dict_0004_0091.uasset" 4994
"../../../Engine/Content/EngineMaterials/Substrate/Glints2/dict_0001_0001.uasset" 4995
"../../../Engine/Content/EngineMaterials/Substrate/Glints2/dict_0002_0117.uasset" 4996
"../../../Engine/Content/EngineMaterials/Substrate/Glints2/dict_0002_0043.uasset" 4997
"../../../Engine/Content/EngineMaterials/Substrate/Glints2/dict_0004_0232.uasset" 4998
"../../../Engine/Content/EngineMaterials/Substrate/Glints2/dict_0000_0187.uasset" 4999
"../../../Engine/Content/EngineMaterials/Substrate/Glints2/dict_0001_0171.uasset" 5000
"../../../Engine/Content/EngineMaterials/Substrate/Glints2/dict_0005_0034.uasset" 5001
"../../../Engine/Content/EngineMaterials/Substrate/Glints2/dict_0001_0157.uasset" 5002
"../../../Engine/Content/EngineMaterials/Substrate/Glints2/dict_0001_0216.uasset" 5003
"../../../Engine/Content/EngineMaterials/Substrate/Glints2/dict_0003_0004.uasset" 5004
"../../../Engine/Content/EngineMaterials/Substrate/Glints2/dict_0007_0008.uasset" 5005
"../../../Engine/Content/EngineMaterials/Substrate/Glints2/dict_0003_0090.uasset" 5006
"../../../Engine/Content/EngineMaterials/Substrate/Glints2/dict_0001_0220.uasset" 5007
"../../../Engine/Content/EngineMaterials/Substrate/Glints2/dict_0006_0150.uasset" 5008
"../../../Engine/Content/EngineMaterials/Substrate/Glints2/dict_0001_0006.uasset" 5009
"../../../Engine/Content/EngineMaterials/Substrate/Glints2/dict_0004_0160.uasset" 5010
"../../../Engine/Content/EngineMaterials/Substrate/Glints2/dict_0004_0059.uasset" 5011
"../../../Engine/Content/EngineMaterials/Substrate/Glints2/dict_0002_0131.uasset" 5012
"../../../Engine/Content/EngineMaterials/Substrate/Glints2/dict_0000_0085.uasset" 5013
"../../../Engine/Content/EngineMaterials/Substrate/Glints2/dict_0007_0065.uasset" 5014
"../../../Engine/Content/EngineMaterials/Substrate/Glints2/dict_0004_0151.uasset" 5015
"../../../Engine/Content/EngineMaterials/Substrate/Glints2/dict_0007_0238.uasset" 5016
"../../../Engine/Content/EngineMaterials/Substrate/Glints2/dict_0003_0013.uasset" 5017
"../../../Engine/Content/EngineMaterials/Substrate/Glints2/dict_0006_0170.uasset" 5018
"../../../Engine/Content/EngineMaterials/Substrate/Glints2/dict_0002_0103.uasset" 5019
"../../../Engine/Content/EngineMaterials/Substrate/Glints2/dict_0003_0087.uasset" 5020
"../../../Engine/Content/EngineMaterials/Substrate/Glints2/dict_0005_0109.uasset" 5021
"../../../Engine/Content/EngineMaterials/Substrate/Glints2/dict_0005_0113.uasset" 5022
"../../../Engine/Content/EngineMaterials/Substrate/Glints2/dict_0002_0210.uasset" 5023
"../../../Engine/Content/EngineMaterials/Substrate/Glints2/dict_0003_0192.uasset" 5024
"../../../Engine/Content/EngineMaterials/Substrate/Glints2/dict_0004_0178.uasset" 5025
"../../../Engine/Content/EngineMaterials/Substrate/Glints2/dict_0003_0191.uasset" 5026
"../../../Engine/Content/EngineMaterials/Substrate/Glints2/dict_0006_0042.uasset" 5027
"../../../Engine/Content/EngineMaterials/Substrate/Glints2/dict_0001_0209.uasset" 5028
"C:/Users/nguye/AppData/Local/UnrealEngine/Common/DerivedDataCache/Buckets/LegacyTEXTURE/a5/c4/2f0d393b0a1a34f906d848f7bb314c9d8097.udd" 5029
"../../../Engine/Content/EngineMaterials/Substrate/Glints2/dict_0000_0030.uasset" 5030
"../../../Engine/Content/EngineMaterials/Substrate/Glints2/dict_0003_0082.uasset" 5031
"../../../Engine/Content/EngineMaterials/Substrate/Glints2/dict_0004_0077.uasset" 5032
"../../../Engine/Content/EngineMaterials/Substrate/Glints2/dict_0007_0027.uasset" 5033
"../../../Engine/Content/EngineMaterials/Substrate/Glints2/dict_0006_0209.uasset" 5034
"../../../Engine/Content/EngineMaterials/Substrate/Glints2/dict_0004_0038.uasset" 5035
"../../../Engine/Content/EngineMaterials/Substrate/Glints2/dict_0000_0008.uasset" 5036
"../../../Engine/Content/EngineMaterials/Substrate/Glints2/dict_0007_0184.uasset" 5037
"../../../Engine/Content/EngineMaterials/Substrate/Glints2/dict_0000_0004.uasset" 5038
"../../../Engine/Content/EngineMaterials/Substrate/Glints2/dict_0007_0248.uasset" 5039
"../../../Engine/Content/EngineMaterials/Substrate/Glints2/dict_0001_0141.uasset" 5040
"../../../Engine/Content/EngineMaterials/Substrate/Glints2/dict_0005_0231.uasset" 5041
"../../../Engine/Content/EngineMaterials/Substrate/Glints2/dict_0000_0171.uasset" 5042
"../../../Engine/Content/EngineMaterials/Substrate/Glints2/dict_0007_0192.uasset" 5043
"../../../Engine/Content/EngineMaterials/Substrate/Glints2/dict_0000_0179.uasset" 5044
"../../../Engine/Content/EngineMaterials/Substrate/Glints2/dict_0007_0097.uasset" 5045
"../../../Engine/Content/EngineMaterials/Substrate/Glints2/dict_0005_0168.uasset" 5046
"../../../Engine/Content/EngineMaterials/Substrate/Glints2/dict_0005_0205.uasset" 5047
"../../../Engine/Content/EngineMaterials/Substrate/Glints2/dict_0006_0058.uasset" 5048
"../../../Engine/Content/EngineMaterials/Substrate/Glints2/dict_0005_0087.uasset" 5049
"C:/Users/nguye/AppData/Local/UnrealEngine/Common/DerivedDataCache/Buckets/LegacyTEXTURE/d2/ce/3aa21e0133d913dd2175d4b7240233af6739.udd" 5050
"../../../Engine/Content/EngineMaterials/Substrate/Glints2/dict_0001_0071.uasset" 5051
"../../../Engine/Content/EngineMaterials/Substrate/Glints2/dict_0001_0163.uasset" 5052
"../../../Engine/Content/EngineMaterials/Substrate/Glints2/dict_0007_0234.uasset" 5053
"../../../Engine/Content/EngineMaterials/Substrate/Glints2/dict_0006_0083.uasset" 5054
"../../../Engine/Content/EngineMaterials/Substrate/Glints2/dict_0002_0172.uasset" 5055
"../../../Engine/Content/EngineMaterials/Substrate/Glints2/dict_0000_0204.uasset" 5056
"../../../Engine/Content/EngineMaterials/Substrate/Glints2/dict_0005_0143.uasset" 5057
"../../../Engine/Content/EngineMaterials/Substrate/Glints2/dict_0005_0055.uasset" 5058
"../../../Engine/Content/EngineMaterials/Substrate/Glints2/dict_0002_0074.uasset" 5059
"../../../Engine/Content/EngineMaterials/Substrate/Glints2/dict_0000_0123.uasset" 5060
"C:/Users/nguye/AppData/Local/UnrealEngine/Common/DerivedDataCache/Buckets/LegacyTEXTURE/39/77/ac13a9b7f73db0bbb20009276bd5d19d2080.udd" 5061
"../../../Engine/Content/EngineMaterials/Substrate/Glints2/dict_0001_0125.uasset" 5062
"../../../Engine/Content/EngineMaterials/Substrate/Glints2/dict_0004_0014.uasset" 5063
"../../../Engine/Content/EngineMaterials/Substrate/Glints2/dict_0002_0101.uasset" 5064
"../../../Engine/Content/EngineMaterials/Substrate/Glints2/dict_0006_0147.uasset" 5065
"C:/Users/nguye/AppData/Local/UnrealEngine/Common/DerivedDataCache/Buckets/LegacyTEXTURE/43/d4/a676b13ff75a8d4aff9d9695e2e22e261fbd.udd" 5066
"../../../Engine/Content/EngineMaterials/Substrate/Glints2/dict_0004_0253.uasset" 5067
"../../../Engine/Content/EngineMaterials/Substrate/Glints2/dict_0006_0243.uasset" 5068
"../../../Engine/Content/EngineMaterials/Substrate/Glints2/dict_0000_0226.uasset" 5069
"../../../Engine/Content/EngineMaterials/Substrate/Glints2/dict_0003_0201.uasset" 5070
"../../../Engine/Content/EngineMaterials/Substrate/Glints2/dict_0000_0001.uasset" 5071
"../../../Engine/Content/EngineMaterials/Substrate/Glints2/dict_0000_0044.uasset" 5072
"../../../Engine/Content/EngineMaterials/Substrate/Glints2/dict_0004_0229.uasset" 5073
"../../../Engine/Content/EngineMaterials/Substrate/Glints2/dict_0003_0179.uasset" 5074
"../../../Engine/Content/EngineMaterials/Substrate/Glints2/dict_0007_0253.uasset" 5075
"../../../Engine/Content/EngineMaterials/Substrate/Glints2/dict_0007_0007.uasset" 5076
"../../../Engine/Content/EngineMaterials/Substrate/Glints2/dict_0004_0234.uasset" 5077
"../../../Engine/Content/EngineMaterials/Substrate/Glints2/dict_0005_0182.uasset" 5078
"../../../Engine/Content/EngineMaterials/Substrate/Glints2/dict_0002_0175.uasset" 5079
"../../../Engine/Content/EngineMaterials/Substrate/Glints2/dict_0000_0039.uasset" 5080
"../../../Engine/Content/EngineMaterials/Substrate/Glints2/dict_0000_0046.uasset" 5081
"../../../Engine/Content/EngineMaterials/Substrate/Glints2/dict_0000_0027.uasset" 5082
"../../../Engine/Content/EngineMaterials/Substrate/Glints2/dict_0003_0166.uasset" 5083
"../../../Engine/Content/EngineMaterials/Substrate/Glints2/dict_0001_0200.uasset" 5084
"../../../Engine/Content/EngineMaterials/Substrate/Glints2/dict_0005_0158.uasset" 5085
"../../../Engine/Content/EngineMaterials/Substrate/Glints2/dict_0004_0067.uasset" 5086
"../../../Engine/Content/EngineMaterials/Substrate/Glints2/dict_0000_0009.uasset" 5087
"../../../Engine/Content/EngineMaterials/Substrate/Glints2/dict_0001_0039.uasset" 5088
"../../../Engine/Content/EngineMaterials/Substrate/Glints2/dict_0002_0106.uasset" 5089
"../../../Engine/Content/EngineMaterials/Substrate/Glints2/dict_0005_0232.uasset" 5090
"../../../Engine/Content/EngineMaterials/Substrate/Glints2/dict_0001_0142.uasset" 5091
"../../../Engine/Content/EngineMaterials/Substrate/Glints2/dict_0005_0228.uasset" 5092
"../../../Engine/Content/EngineMaterials/Substrate/Glints2/dict_0006_0132.uasset" 5093
"../../../Engine/Content/EngineMaterials/Substrate/Glints2/dict_0005_0241.uasset" 5094
"../../../Engine/Content/EngineMaterials/Substrate/Glints2/dict_0007_0107.uasset" 5095
"../../../Engine/Content/EngineMaterials/Substrate/Glints2/dict_0005_0097.uasset" 5096
"../../../Engine/Content/EngineMaterials/Substrate/Glints2/dict_0001_0127.uasset" 5097
"../../../Engine/Content/EngineMaterials/Substrate/Glints2/dict_0000_0040.uasset" 5098
"../../../Engine/Content/EngineMaterials/Substrate/Glints2/dict_0002_0005.uasset" 5099
"../../../Engine/Content/EngineMaterials/Substrate/Glints2/dict_0007_0251.uasset" 5100
"../../../Engine/Content/EngineMaterials/Substrate/Glints2/dict_0002_0115.uasset" 5101
"../../../Engine/Content/EngineMaterials/Substrate/Glints2/dict_0002_0042.uasset" 5102
"../../../Engine/Content/EngineMaterials/Substrate/Glints2/dict_0003_0184.uasset" 5103
"../../../Engine/Content/EngineMaterials/Substrate/Glints2/dict_0004_0125.uasset" 5104
"../../../Engine/Content/EngineMaterials/Substrate/Glints2/dict_0004_0092.uasset" 5105
"../../../Engine/Content/EngineMaterials/Substrate/Glints2/dict_0007_0147.uasset" 5106
"../../../Engine/Content/EngineMaterials/Substrate/Glints2/dict_0006_0079.uasset" 5107
"../../../Engine/Content/EngineMaterials/Substrate/Glints2/dict_0001_0254.uasset" 5108
"../../../Engine/Content/EngineMaterials/Substrate/Glints2/dict_0001_0050.uasset" 5109
"../../../Engine/Content/EngineMaterials/Substrate/Glints2/dict_0006_0033.uasset" 5110
"../../../Engine/Content/EngineMaterials/Substrate/Glints2/dict_0004_0128.uasset" 5111
"../../../Engine/Content/EngineMaterials/Substrate/Glints2/dict_0005_0227.uasset" 5112
"../../../Engine/Content/EngineMaterials/Substrate/Glints2/dict_0001_0098.uasset" 5113
"../../../Engine/Content/EngineMaterials/Substrate/Glints2/dict_0003_0200.uasset" 5114
"../../../Engine/Content/EngineMaterials/Substrate/Glints2/dict_0004_0010.uasset" 5115
"../../../Engine/Content/EngineMaterials/Substrate/Glints2/dict_0001_0024.uasset" 5116
"../../../Engine/Content/EngineMaterials/Substrate/Glints2/dict_0004_0231.uasset" 5117
"../../../Engine/Content/EngineMaterials/Substrate/Glints2/dict_0000_0160.uasset" 5118
"../../../Engine/Content/EngineMaterials/Substrate/Glints2/dict_0006_0068.uasset" 5119
"../../../Engine/Content/EngineMaterials/Substrate/Glints2/dict_0004_0108.uasset" 5120
"C:/Users/nguye/AppData/Local/UnrealEngine/Common/DerivedDataCache/Buckets/LegacyTEXTURE/1b/3e/f13abd08fe5ece9f6c2572a3d15151c7d4e1.udd" 5121
"../../../Engine/Content/EngineMaterials/Substrate/Glints2/dict_0003_0193.uasset" 5122
"../../../Engine/Content/EngineMaterials/Substrate/Glints2/dict_0003_0054.uasset" 5123
"../../../Engine/Content/EngineMaterials/Substrate/Glints2/dict_0000_0065.uasset" 5124
"../../../Engine/Content/EngineMaterials/Substrate/Glints2/dict_0004_0209.uasset" 5125
"../../../Engine/Content/EngineMaterials/Substrate/Glints2/dict_0000_0242.uasset" 5126
"../../../Engine/Content/EngineMaterials/Substrate/Glints2/dict_0004_0219.uasset" 5127
"C:/Users/nguye/AppData/Local/UnrealEngine/Common/DerivedDataCache/Buckets/LegacyTEXTURE/4e/07/1bd2f9b1db3c61f5e7f4b2415cbccf3ae0dc.udd" 5128
"../../../Engine/Content/EngineMaterials/Substrate/Glints2/dict_0004_0161.uasset" 5129
"../../../Engine/Content/EngineMaterials/Substrate/Glints2/dict_0007_0237.uasset" 5130
"../../../Engine/Content/EngineMaterials/Substrate/Glints2/dict_0004_0080.uasset" 5131
"../../../Engine/Content/EngineMaterials/Substrate/Glints2/dict_0000_0124.uasset" 5132
"../../../Engine/Content/EngineMaterials/Substrate/Glints2/dict_0003_0138.uasset" 5133
"../../../Engine/Content/EngineMaterials/Substrate/Glints2/dict_0003_0047.uasset" 5134
"../../../Engine/Content/EngineMaterials/Substrate/Glints2/dict_0005_0221.uasset" 5135
"../../../Engine/Content/EngineMaterials/Substrate/Glints2/dict_0007_0154.uasset" 5136
"../../../Engine/Content/EngineMaterials/Substrate/Glints2/dict_0002_0110.uasset" 5137
"../../../Engine/Content/EngineMaterials/Substrate/Glints2/dict_0006_0020.uasset" 5138
"../../../Engine/Content/EngineMaterials/Substrate/Glints2/dict_0000_0234.uasset" 5139
"../../../Engine/Content/EngineMaterials/Substrate/Glints2/dict_0003_0062.uasset" 5140
"../../../Engine/Content/EngineMaterials/Substrate/Glints2/dict_0006_0251.uasset" 5141
"../../../Engine/Content/EngineMaterials/Substrate/Glints2/dict_0003_0239.uasset" 5142
"../../../Engine/Content/EngineMaterials/Substrate/Glints2/dict_0002_0069.uasset" 5143
"../../../Engine/Content/EngineMaterials/Substrate/Glints2/dict_0006_0158.uasset" 5144
"../../../Engine/Content/EngineMaterials/Substrate/Glints2/dict_0001_0072.uasset" 5145
"../../../Engine/Content/EngineMaterials/Substrate/Glints2/dict_0002_0107.uasset" 5146
"../../../Engine/Content/EngineMaterials/Substrate/Glints2/dict_0004_0062.uasset" 5147
"../../../Engine/Content/EngineMaterials/Substrate/Glints2/dict_0006_0179.uasset" 5148
"../../../Engine/Content/EngineMaterials/Substrate/Glints2/dict_0000_0084.uasset" 5149
"../../../Engine/Content/EngineMaterials/Substrate/Glints2/dict_0001_0189.uasset" 5150
"../../../Engine/Content/EngineMaterials/Substrate/Glints2/dict_0007_0135.uasset" 5151
"C:/Users/nguye/AppData/Local/UnrealEngine/Common/DerivedDataCache/Buckets/LegacyTEXTURE/22/e7/4c53df46aff9ee70d8ddd710c6fc2dac00da.udd" 5152
"../../../Engine/Content/EngineMaterials/Substrate/Glints2/dict_0007_0132.uasset" 5153
"../../../Engine/Content/EngineMaterials/Substrate/Glints2/dict_0000_0042.uasset" 5154
"../../../Engine/Content/EngineMaterials/Substrate/Glints2/dict_0004_0068.uasset" 5155
"../../../Engine/Content/EngineMaterials/Substrate/Glints2/dict_0007_0054.uasset" 5156
"../../../Engine/Content/EngineMaterials/Substrate/Glints2/dict_0005_0025.uasset" 5157
"../../../Engine/Content/EngineMaterials/Substrate/Glints2/dict_0001_0188.uasset" 5158
"../../../Engine/Content/EngineMaterials/Substrate/Glints2/dict_0006_0114.uasset" 5159
"../../../Engine/Content/EngineMaterials/Substrate/Glints2/dict_0000_0151.uasset" 5160
"../../../Engine/Content/EngineMaterials/Substrate/Glints2/dict_0003_0221.uasset" 5161
"../../../Engine/Content/EngineMaterials/Substrate/Glints2/dict_0002_0206.uasset" 5162
"../../../Engine/Content/EngineMaterials/Substrate/Glints2/dict_0007_0133.uasset" 5163
"../../../Engine/Content/EngineMaterials/Substrate/Glints2/dict_0007_0002.uasset" 5164
"../../../Engine/Content/EngineMaterials/Substrate/Glints2/dict_0005_0196.uasset" 5165
"../../../Engine/Content/EngineMaterials/Substrate/Glints2/dict_0000_0186.uasset" 5166
"../../../Engine/Content/EngineMaterials/Substrate/Glints2/dict_0001_0057.uasset" 5167
"../../../Engine/Content/EngineMaterials/Substrate/Glints2/dict_0003_0075.uasset" 5168
"../../../Engine/Content/EngineMaterials/Substrate/Glints2/dict_0000_0079.uasset" 5169
"../../../Engine/Content/EngineMaterials/Substrate/Glints2/dict_0000_0194.uasset" 5170
"../../../Engine/Content/EngineMaterials/Substrate/Glints2/dict_0002_0113.uasset" 5171
"../../../Engine/Content/EngineMaterials/Substrate/Glints2/dict_0004_0211.uasset" 5172
"../../../Engine/Content/EngineMaterials/Substrate/Glints2/dict_0005_0216.uasset" 5173
"../../../Engine/Content/EngineMaterials/Substrate/Glints2/dict_0004_0183.uasset" 5174
"../../../Engine/Content/EngineMaterials/Substrate/Glints2/dict_0007_0036.uasset" 5175
"../../../Engine/Content/EngineMaterials/Substrate/Glints2/dict_0002_0033.uasset" 5176
"../../../Engine/Content/EngineMaterials/Substrate/Glints2/dict_0004_0155.uasset" 5177
"../../../Engine/Content/EngineMaterials/Substrate/Glints2/dict_0002_0038.uasset" 5178
"../../../Engine/Content/EngineMaterials/Substrate/Glints2/dict_0005_0214.uasset" 5179
"../../../Engine/Content/EngineMaterials/Substrate/Glints2/dict_0004_0037.uasset" 5180
"../../../Engine/Content/EngineMaterials/Substrate/Glints2/dict_0003_0072.uasset" 5181
"../../../Engine/Content/EngineMaterials/Substrate/Glints2/dict_0004_0184.uasset" 5182
"../../../Engine/Content/EngineMaterials/Substrate/Glints2/dict_0007_0024.uasset" 5183
"../../../Engine/Content/EngineMaterials/Substrate/Glints2/dict_0004_0224.uasset" 5184
"../../../Engine/Content/EngineMaterials/Substrate/Glints2/dict_0003_0172.uasset" 5185
"../../../Engine/Content/EngineMaterials/Substrate/Glints2/dict_0007_0056.uasset" 5186
"../../../Engine/Content/EngineMaterials/Substrate/Glints2/dict_0001_0036.uasset" 5187
"../../../Engine/Content/EngineMaterials/Substrate/Glints2/dict_0007_0078.uasset" 5188
"../../../Engine/Content/EngineMaterials/Substrate/Glints2/dict_0000_0000.uasset" 5189
"../../../Engine/Content/EngineMaterials/Substrate/Glints2/dict_0003_0098.uasset" 5190
"../../../Engine/Content/EngineMaterials/Substrate/Glints2/dict_0000_0033.uasset" 5191
"../../../Engine/Content/EngineMaterials/Substrate/Glints2/dict_0003_0066.uasset" 5192
"../../../Engine/Content/EngineMaterials/Substrate/Glints2/dict_0007_0207.uasset" 5193
"../../../Engine/Content/EngineMaterials/Substrate/Glints2/dict_0006_0122.uasset" 5194
"../../../Engine/Content/EngineMaterials/Substrate/Glints2/dict_0007_0093.uasset" 5195
"../../../Engine/Content/EngineMaterials/Substrate/Glints2/dict_0004_0226.uasset" 5196
"../../../Engine/Content/EngineMaterials/Substrate/Glints2/dict_0004_0222.uasset" 5197
"../../../Engine/Content/EngineMaterials/Substrate/Glints2/dict_0000_0097.uasset" 5198
"../../../Engine/Content/EngineMaterials/Substrate/Glints2/dict_0002_0208.uasset" 5199
"../../../Engine/Content/EngineMaterials/Substrate/Glints2/dict_0000_0138.uasset" 5200
"../../../Engine/Content/EngineMaterials/Substrate/Glints2/dict_0007_0178.uasset" 5201
"../../../Engine/Content/EngineMaterials/Substrate/Glints2/dict_0007_0159.uasset" 5202
"../../../Engine/Content/EngineMaterials/Substrate/Glints2/dict_0003_0249.uasset" 5203
"../../../Engine/Content/EngineMaterials/Substrate/Glints2/dict_0006_0212.uasset" 5204
"C:/Users/nguye/AppData/Local/UnrealEngine/Common/DerivedDataCache/Buckets/LegacyTEXTURE/77/ba/f2a2412c2d8e4699a403cc0cd9ce311f1fb1.udd" 5205
"../../../Engine/Content/EngineMaterials/Substrate/Glints2/dict_0006_0133.uasset" 5206
"../../../Engine/Content/EngineMaterials/Substrate/Glints2/dict_0004_0095.uasset" 5207
"../../../Engine/Content/EngineMaterials/Substrate/Glints2/dict_0004_0087.uasset" 5208
"C:/Users/nguye/AppData/Local/UnrealEngine/Common/DerivedDataCache/Buckets/LegacyTEXTURE/fa/31/7e9b049c233a5f52198c61d0ebccc5e28614.udd" 5209
"../../../Engine/Content/EngineMaterials/Substrate/Glints2/dict_0000_0112.uasset" 5210
"../../../Engine/Content/EngineMaterials/Substrate/Glints2/dict_0003_0217.uasset" 5211
"../../../Engine/Content/EngineMaterials/Substrate/Glints2/dict_0003_0197.uasset" 5212
"../../../Engine/Content/EngineMaterials/Substrate/Glints2/dict_0006_0125.uasset" 5213
"../../../Engine/Content/EngineMaterials/Substrate/Glints2/dict_0001_0137.uasset" 5214
"../../../Engine/Content/EngineMaterials/Substrate/Glints2/dict_0000_0230.uasset" 5215
"../../../Engine/Content/EngineMaterials/Substrate/Glints2/dict_0006_0213.uasset" 5216
"../../../Engine/Content/EngineMaterials/Substrate/Glints2/dict_0000_0043.uasset" 5217
"../../../Engine/Content/EngineMaterials/Substrate/Glints2/dict_0002_0204.uasset" 5218
"../../../Engine/Content/EngineMaterials/Substrate/Glints2/dict_0007_0006.uasset" 5219
"../../../Engine/Content/EngineMaterials/Substrate/Glints2/dict_0001_0020.uasset" 5220
"../../../Engine/Content/EngineMaterials/Substrate/Glints2/dict_0004_0235.uasset" 5221
"../../../Engine/Content/EngineMaterials/Substrate/Glints2/dict_0006_0063.uasset" 5222
"../../../Engine/Content/EngineMaterials/Substrate/Glints2/dict_0002_0011.uasset" 5223
"../../../Engine/Content/EngineMaterials/Substrate/Glints2/dict_0000_0120.uasset" 5224
"../../../Engine/Content/EngineMaterials/Substrate/Glints2/dict_0007_0209.uasset" 5225
"../../../Engine/Content/EngineMaterials/Substrate/Glints2/dict_0005_0080.uasset" 5226
"../../../Engine/Content/EngineMaterials/Substrate/Glints2/dict_0004_0137.uasset" 5227
"../../../Engine/Content/EngineMaterials/Substrate/Glints2/dict_0001_0224.uasset" 5228
"../../../Engine/Content/EngineMaterials/Substrate/Glints2/dict_0002_0138.uasset" 5229
"../../../Engine/Content/EngineMaterials/Substrate/Glints2/dict_0007_0108.uasset" 5230
"../../../Engine/Content/EngineMaterials/Substrate/Glints2/dict_0000_0048.uasset" 5231
"../../../Engine/Content/EngineMaterials/Substrate/Glints2/dict_0001_0135.uasset" 5232
"../../../Engine/Content/EngineMaterials/Substrate/Glints2/dict_0001_0249.uasset" 5233
"../../../Engine/Content/EngineMaterials/Substrate/Glints2/dict_0000_0136.uasset" 5234
"../../../Engine/Content/EngineMaterials/Substrate/Glints2/dict_0003_0148.uasset" 5235
"../../../Engine/Content/EngineMaterials/Substrate/Glints2/dict_0006_0004.uasset" 5236
"../../../Engine/Content/EngineMaterials/Substrate/Glints2/dict_0006_0119.uasset" 5237
"../../../Engine/Content/EngineMaterials/Substrate/Glints2/dict_0005_0027.uasset" 5238
"../../../Engine/Content/EngineMaterials/Substrate/Glints2/dict_0004_0019.uasset" 5239
"../../../Engine/Content/EngineMaterials/Substrate/Glints2/dict_0007_0052.uasset" 5240
"../../../Engine/Content/EngineMaterials/Substrate/Glints2/dict_0005_0138.uasset" 5241
"../../../Engine/Content/EngineMaterials/Substrate/Glints2/dict_0006_0246.uasset" 5242
"../../../Engine/Content/EngineMaterials/Substrate/Glints2/dict_0000_0060.uasset" 5243
"../../../Engine/Content/EngineMaterials/Substrate/Glints2/dict_0006_0182.uasset" 5244
"../../../Engine/Content/EngineMaterials/Substrate/Glints2/dict_0005_0222.uasset" 5245
"../../../Engine/Content/EngineMaterials/Substrate/Glints2/dict_0007_0172.uasset" 5246
"../../../Engine/Content/EngineMaterials/Substrate/Glints2/dict_0000_0052.uasset" 5247
"../../../Engine/Content/EngineMaterials/Substrate/Glints2/dict_0001_0191.uasset" 5248
"../../../Engine/Content/EngineMaterials/Substrate/Glints2/dict_0005_0028.uasset" 5249
"../../../Engine/Content/EngineMaterials/Substrate/Glints2/dict_0007_0053.uasset" 5250
"../../../Engine/Content/EngineMaterials/Substrate/Glints2/dict_0002_0139.uasset" 5251
"../../../Engine/Content/EngineMaterials/Substrate/Glints2/dict_0000_0193.uasset" 5252
"../../../Engine/Content/EngineMaterials/Substrate/Glints2/dict_0005_0193.uasset" 5253
"../../../Engine/Content/EngineMaterials/Substrate/Glints2/dict_0004_0202.uasset" 5254
"../../../Engine/Content/EngineMaterials/Substrate/Glints2/dict_0006_0148.uasset" 5255
"../../../Engine/Content/EngineMaterials/Substrate/Glints2/dict_0002_0164.uasset" 5256
"../../../Engine/Content/EngineMaterials/Substrate/Glints2/dict_0000_0019.uasset" 5257
"../../../Engine/Content/EngineMaterials/Substrate/Glints2/dict_0006_0102.uasset" 5258
"../../../Engine/Content/EngineMaterials/Substrate/Glints2/dict_0004_0055.uasset" 5259
"C:/Users/nguye/AppData/Local/UnrealEngine/Common/DerivedDataCache/Buckets/LegacyTEXTURE/f8/8c/208a5a9e2059b8d912938c173149d97efa0b.udd" 5260
"../../../Engine/Content/EngineMaterials/Substrate/Glints2/dict_0000_0014.uasset" 5261
"../../../Engine/Content/EngineMaterials/Substrate/Glints2/dict_0006_0190.uasset" 5262
"../../../Engine/Content/EngineMaterials/Substrate/Glints2/dict_0002_0109.uasset" 5263
"../../../Engine/Content/EngineMaterials/Substrate/Glints2/dict_0007_0158.uasset" 5264
"C:/Users/nguye/AppData/Local/UnrealEngine/Common/DerivedDataCache/Buckets/LegacyTEXTURE/e9/7e/1df4172a55c349594a9323249cc60fb4ed41.udd" 5265
"../../../Engine/Content/EngineMaterials/Substrate/Glints2/dict_0001_0176.uasset" 5266
"../../../Engine/Content/EngineMaterials/Substrate/Glints2/dict_0000_0011.uasset" 5267
"C:/Users/nguye/AppData/Local/UnrealEngine/Common/DerivedDataCache/Buckets/LegacyTEXTURE/8d/44/bb2b2eeee6500110d10c880c5c82d94abbab.udd" 5268
"../../../Engine/Content/EngineMaterials/Substrate/Glints2/dict_0007_0029.uasset" 5269
"../../../Engine/Content/EngineMaterials/Substrate/Glints2/dict_0004_0002.uasset" 5270
"../../../Engine/Content/EngineMaterials/Substrate/Glints2/dict_0001_0156.uasset" 5271
"../../../Engine/Content/EngineMaterials/Substrate/Glints2/dict_0001_0111.uasset" 5272
"../../../Engine/Content/EngineMaterials/Substrate/Glints2/dict_0002_0086.uasset" 5273
"../../../Engine/Content/EngineMaterials/Substrate/Glints2/dict_0002_0221.uasset" 5274
"../../../Engine/Content/EngineMaterials/Substrate/Glints2/dict_0005_0118.uasset" 5275
"../../../Engine/Content/EngineMaterials/Substrate/Glints2/dict_0007_0033.uasset" 5276
"../../../Engine/Content/EngineMaterials/Substrate/Glints2/dict_0005_0135.uasset" 5277
"../../../Engine/Content/EngineMaterials/Substrate/Glints2/dict_0003_0242.uasset" 5278
"../../../Engine/Content/EngineMaterials/Substrate/Glints2/dict_0003_0152.uasset" 5279
"../../../Engine/Content/EngineMaterials/Substrate/Glints2/dict_0006_0230.uasset" 5280
"../../../Engine/Content/EngineMaterials/Substrate/Glints2/dict_0004_0096.uasset" 5281
"../../../Engine/Content/EngineMaterials/Substrate/Glints2/dict_0003_0220.uasset" 5282
"../../../Engine/Content/EngineMaterials/Substrate/Glints2/dict_0007_0016.uasset" 5283
"../../../Engine/Content/EngineMaterials/Substrate/Glints2/dict_0006_0121.uasset" 5284
"../../../Engine/Content/EngineMaterials/Substrate/Glints2/dict_0003_0024.uasset" 5285
"../../../Engine/Content/EngineMaterials/Substrate/Glints2/dict_0006_0049.uasset" 5286
"../../../Engine/Content/EngineMaterials/Substrate/Glints2/dict_0006_0027.uasset" 5287
"../../../Engine/Content/EngineMaterials/Substrate/GLints/dict_16_192_64_0p5_0p02_0047_0010.uasset" 5288
"../../../Engine/Content/EngineMaterials/Substrate/GLints/dict_16_192_64_0p5_0p02_0039_0007.uasset" 5289
"../../../Engine/Content/EngineMaterials/Substrate/GLints/dict_16_192_64_0p5_0p02_0028_0008.uasset" 5290
"../../../Engine/Content/EngineMaterials/Substrate/Glints2/dict_0003_0223.uasset" 5291
"../../../Engine/Content/EngineMaterials/Substrate/GLints/dict_16_192_64_0p5_0p02_0025_0007.uasset" 5292
"../../../Engine/Content/EngineMaterials/Substrate/GLints/dict_16_192_64_0p5_0p02_0061_0004.uasset" 5293
"../../../Engine/Content/EngineMaterials/Substrate/Glints2/dict_0005_0172.uasset" 5294
"../../../Engine/Content/EngineMaterials/Substrate/Glints2/dict_0003_0124.uasset" 5295
"../../../Engine/Content/EngineMaterials/Substrate/Glints2/dict_0001_0015.uasset" 5296
"../../../Engine/Content/EngineMaterials/Substrate/Glints2/dict_0004_0182.uasset" 5297
"../../../Engine/Content/EngineMaterials/Substrate/Glints2/dict_0005_0224.uasset" 5298
"../../../Engine/Content/EngineMaterials/Substrate/Glints2/dict_0000_0223.uasset" 5299
"../../../Engine/Content/EngineMaterials/Substrate/GLints/dict_16_192_64_0p5_0p02_0048_0011.uasset" 5300
"../../../Engine/Content/EngineMaterials/Substrate/GLints/dict_16_192_64_0p5_0p02_0010_0002.uasset" 5301
"../../../Engine/Content/EngineMaterials/Substrate/GLints/dict_16_192_64_0p5_0p02_0057_0000.uasset" 5302
"../../../Engine/Content/EngineMaterials/Substrate/GLints/dict_16_192_64_0p5_0p02_0050_0006.uasset" 5303
"../../../Engine/Content/EngineMaterials/Substrate/GLints/dict_16_192_64_0p5_0p02_0027_0003.uasset" 5304
"../../../Engine/Content/EngineMaterials/Substrate/GLints/dict_16_192_64_0p5_0p02_0023_0013.uasset" 5305
"../../../Engine/Content/EngineMaterials/Substrate/GLints/dict_16_192_64_0p5_0p02_0014_0008.uasset" 5306
"../../../Engine/Content/EngineMaterials/Substrate/GLints/dict_16_192_64_0p5_0p02_0014_0014.uasset" 5307
"../../../Engine/Content/EngineMaterials/Substrate/GLints/dict_16_192_64_0p5_0p02_0043_0015.uasset" 5308
"../../../Engine/Content/EngineMaterials/Substrate/GLints/dict_16_192_64_0p5_0p02_0017_0006.uasset" 5309
"../../../Engine/Content/EngineMaterials/Substrate/GLints/dict_16_192_64_0p5_0p02_0032_0010.uasset" 5310
"../../../Engine/Content/EngineMaterials/Substrate/GLints/dict_16_192_64_0p5_0p02_0002_0001.uasset" 5311
"../../../Engine/Content/EngineMaterials/Substrate/GLints/dict_16_192_64_0p5_0p02_0022_0011.uasset" 5312
"../../../Engine/Content/EngineMaterials/Substrate/GLints/dict_16_192_64_0p5_0p02_0058_0012.uasset" 5313
"../../../Engine/Content/EngineMaterials/Substrate/GLints/dict_16_192_64_0p5_0p02_0063_0001.uasset" 5314
"../../../Engine/Content/EngineMaterials/Substrate/GLints/dict_16_192_64_0p5_0p02_0023_0009.uasset" 5315
"../../../Engine/Content/EngineMaterials/Substrate/GLints/dict_16_192_64_0p5_0p02_0052_0015.uasset" 5316
"../../../Engine/Content/EngineMaterials/Substrate/GLints/dict_16_192_64_0p5_0p02_0050_0014.uasset" 5317
"../../../Engine/Content/EngineMaterials/Substrate/GLints/dict_16_192_64_0p5_0p02_0038_0014.uasset" 5318
"../../../Engine/Content/EngineMaterials/Substrate/GLints/dict_16_192_64_0p5_0p02_0000_0007.uasset" 5319
"C:/Users/nguye/AppData/Local/UnrealEngine/Common/DerivedDataCache/Buckets/LegacyTEXTURE/37/41/f0425ccb9d54cba8893b3bd004636dcf6ca6.udd" 5320
"../../../Engine/Content/EngineMaterials/Substrate/Glints2/dict_0002_0233.uasset" 5321
"../../../Engine/Content/EngineMaterials/Substrate/GLints/dict_16_192_64_0p5_0p02_0056_0006.uasset" 5322
"../../../Engine/Content/EngineMaterials/Substrate/Glints2/dict_0003_0084.uasset" 5323
"C:/Users/nguye/AppData/Local/UnrealEngine/Common/DerivedDataCache/Buckets/LegacyTEXTURE/99/46/cab4e44ef7f8679f551659390bc9df969b53.udd" 5324
"../../../Engine/Content/EngineMaterials/Substrate/GLints/dict_16_192_64_0p5_0p02_0062_0006.uasset" 5325
"../../../Engine/Content/EngineMaterials/Substrate/GLints/dict_16_192_64_0p5_0p02_0040_0009.uasset" 5326
"../../../Engine/Content/EngineMaterials/Substrate/GLints/dict_16_192_64_0p5_0p02_0026_0014.uasset" 5327
"../../../Engine/Content/EngineMaterials/Substrate/GLints/dict_16_192_64_0p5_0p02_0001_0000.uasset" 5328
"../../../Engine/Content/EngineMaterials/Substrate/GLints/dict_16_192_64_0p5_0p02_0045_0013.uasset" 5329
"../../../Engine/Content/EngineMaterials/Substrate/GLints/dict_16_192_64_0p5_0p02_0034_0000.uasset" 5330
"../../../Engine/Content/EngineMaterials/Substrate/GLints/dict_16_192_64_0p5_0p02_0002_0011.uasset" 5331
"../../../Engine/Content/EngineMaterials/Substrate/GLints/dict_16_192_64_0p5_0p02_0060_0003.uasset" 5332
"../../../Engine/Content/EngineMaterials/Substrate/GLints/dict_16_192_64_0p5_0p02_0004_0007.uasset" 5333
"../../../Engine/Content/EngineMaterials/Substrate/GLints/dict_16_192_64_0p5_0p02_0013_0011.uasset" 5334
"../../../Engine/Content/EngineMaterials/Substrate/GLints/dict_16_192_64_0p5_0p02_0042_0006.uasset" 5335
"../../../Engine/Content/EngineMaterials/Substrate/GLints/dict_16_192_64_0p5_0p02_0058_0009.uasset" 5336
"../../../Engine/Content/EngineMaterials/Substrate/GLints/dict_16_192_64_0p5_0p02_0008_0007.uasset" 5337
"../../../Engine/Content/EngineMaterials/Substrate/GLints/dict_16_192_64_0p5_0p02_0016_0009.uasset" 5338
"../../../Engine/Content/EngineMaterials/Substrate/GLints/dict_16_192_64_0p5_0p02_0030_0013.uasset" 5339
"../../../Engine/Content/EngineMaterials/Substrate/GLints/dict_16_192_64_0p5_0p02_0006_0001.uasset" 5340
"../../../Engine/Content/EngineMaterials/Substrate/GLints/dict_16_192_64_0p5_0p02_0015_0009.uasset" 5341
"../../../Engine/Content/EngineMaterials/Substrate/GLints/dict_16_192_64_0p5_0p02_0041_0007.uasset" 5342
"../../../Engine/Content/EngineMaterials/Substrate/GLints/dict_16_192_64_0p5_0p02_0042_0008.uasset" 5343
"../../../Engine/Content/EngineMaterials/Substrate/GLints/dict_16_192_64_0p5_0p02_0054_0005.uasset" 5344
"../../../Engine/Content/EngineMaterials/Substrate/GLints/dict_16_192_64_0p5_0p02_0052_0011.uasset" 5345
"../../../Engine/Content/EngineMaterials/Substrate/GLints/dict_16_192_64_0p5_0p02_0061_0007.uasset" 5346
"../../../Engine/Content/EngineMaterials/Substrate/GLints/dict_16_192_64_0p5_0p02_0040_0006.uasset" 5347
"../../../Engine/Content/EngineMaterials/Substrate/GLints/dict_16_192_64_0p5_0p02_0002_0012.uasset" 5348
"../../../Engine/Content/EngineMaterials/Substrate/GLints/dict_16_192_64_0p5_0p02_0057_0014.uasset" 5349
"../../../Engine/Content/EngineMaterials/Substrate/GLints/dict_16_192_64_0p5_0p02_0012_0003.uasset" 5350
"../../../Engine/Content/EngineMaterials/Substrate/GLints/dict_16_192_64_0p5_0p02_0016_0006.uasset" 5351
"../../../Engine/Content/EngineMaterials/Substrate/GLints/dict_16_192_64_0p5_0p02_0016_0005.uasset" 5352
"../../../Engine/Content/EngineMaterials/Substrate/GLints/dict_16_192_64_0p5_0p02_0036_0000.uasset" 5353
"../../../Engine/Content/EngineMaterials/Substrate/GLints/dict_16_192_64_0p5_0p02_0007_0014.uasset" 5354
"../../../Engine/Content/EngineMaterials/Substrate/GLints/dict_16_192_64_0p5_0p02_0035_0009.uasset" 5355
"../../../Engine/Content/EngineMaterials/Substrate/GLints/dict_16_192_64_0p5_0p02_0060_0000.uasset" 5356
"../../../Engine/Content/EngineMaterials/Substrate/GLints/dict_16_192_64_0p5_0p02_0020_0015.uasset" 5357
"../../../Engine/Content/EngineMaterials/Substrate/GLints/dict_16_192_64_0p5_0p02_0033_0015.uasset" 5358
"../../../Engine/Content/EngineMaterials/Substrate/GLints/dict_16_192_64_0p5_0p02_0006_0013.uasset" 5359
"../../../Engine/Content/EngineMaterials/Substrate/GLints/dict_16_192_64_0p5_0p02_0057_0008.uasset" 5360
"../../../Engine/Content/EngineMaterials/Substrate/GLints/dict_16_192_64_0p5_0p02_0056_0003.uasset" 5361
"../../../Engine/Content/EngineMaterials/Substrate/GLints/dict_16_192_64_0p5_0p02_0042_0013.uasset" 5362
"../../../Engine/Content/EngineMaterials/Substrate/GLints/dict_16_192_64_0p5_0p02_0035_0000.uasset" 5363
"../../../Engine/Content/EngineMaterials/Substrate/GLints/dict_16_192_64_0p5_0p02_0017_0002.uasset" 5364
"../../../Engine/Content/EngineMaterials/Substrate/GLints/dict_16_192_64_0p5_0p02_0024_0000.uasset" 5365
"../../../Engine/Content/EngineMaterials/Substrate/GLints/dict_16_192_64_0p5_0p02_0036_0002.uasset" 5366
"C:/Users/nguye/AppData/Local/UnrealEngine/Common/DerivedDataCache/Buckets/LegacyTEXTURE/e9/0d/b8f7564e15962c16cca44d26867b40553970.udd" 5367
"../../../Engine/Content/EngineMaterials/Substrate/GLints/dict_16_192_64_0p5_0p02_0039_0005.uasset" 5368
"../../../Engine/Content/EngineMaterials/Substrate/GLints/dict_16_192_64_0p5_0p02_0025_0011.uasset" 5369
"../../../Engine/Content/EngineMaterials/Substrate/GLints/dict_16_192_64_0p5_0p02_0024_0006.uasset" 5370
"../../../Engine/Content/EngineMaterials/Substrate/GLints/dict_16_192_64_0p5_0p02_0030_0015.uasset" 5371
"../../../Engine/Content/EngineMaterials/Substrate/GLints/dict_16_192_64_0p5_0p02_0039_0002.uasset" 5372
"../../../Engine/Content/EngineMaterials/Substrate/GLints/dict_16_192_64_0p5_0p02_0039_0012.uasset" 5373
"../../../Engine/Content/EngineMaterials/Substrate/GLints/dict_16_192_64_0p5_0p02_0008_0006.uasset" 5374
"../../../Engine/Content/EngineMaterials/Substrate/GLints/dict_16_192_64_0p5_0p02_0056_0008.uasset" 5375
"../../../Engine/Content/EngineMaterials/Substrate/GLints/dict_16_192_64_0p5_0p02_0047_0000.uasset" 5376
"../../../Engine/Content/EngineMaterials/Substrate/GLints/dict_16_192_64_0p5_0p02_0025_0000.uasset" 5377
"../../../Engine/Content/EngineMaterials/Substrate/GLints/dict_16_192_64_0p5_0p02_0044_0000.uasset" 5378
"../../../Engine/Content/EngineMaterials/Substrate/GLints/dict_16_192_64_0p5_0p02_0024_0014.uasset" 5379
"../../../Engine/Content/EngineMaterials/Substrate/GLints/dict_16_192_64_0p5_0p02_0000_0010.uasset" 5380
"../../../Engine/Content/EngineMaterials/Substrate/GLints/dict_16_192_64_0p5_0p02_0046_0002.uasset" 5381
"../../../Engine/Content/EngineMaterials/Substrate/GLints/dict_16_192_64_0p5_0p02_0002_0007.uasset" 5382
"../../../Engine/Content/EngineMaterials/Substrate/GLints/dict_16_192_64_0p5_0p02_0006_0012.uasset" 5383
"../../../Engine/Content/EngineMaterials/Substrate/GLints/dict_16_192_64_0p5_0p02_0002_0013.uasset" 5384
"../../../Engine/Content/EngineMaterials/Substrate/GLints/dict_16_192_64_0p5_0p02_0004_0012.uasset" 5385
"../../../Engine/Content/EngineMaterials/Substrate/GLints/dict_16_192_64_0p5_0p02_0044_0014.uasset" 5386
"../../../Engine/Content/EngineMaterials/Substrate/GLints/dict_16_192_64_0p5_0p02_0061_0001.uasset" 5387
"../../../Engine/Content/EngineMaterials/Substrate/GLints/dict_16_192_64_0p5_0p02_0027_0015.uasset" 5388
"../../../Engine/Content/EngineMaterials/Substrate/GLints/dict_16_192_64_0p5_0p02_0032_0013.uasset" 5389
"../../../Engine/Content/EngineMaterials/Substrate/GLints/dict_16_192_64_0p5_0p02_0047_0003.uasset" 5390
"../../../Engine/Content/EngineMaterials/Substrate/GLints/dict_16_192_64_0p5_0p02_0054_0006.uasset" 5391
"../../../Engine/Content/EngineMaterials/Substrate/GLints/dict_16_192_64_0p5_0p02_0020_0008.uasset" 5392
"../../../Engine/Content/EngineMaterials/Substrate/GLints/dict_16_192_64_0p5_0p02_0018_0014.uasset" 5393
"../../../Engine/Content/EngineMaterials/Substrate/GLints/dict_16_192_64_0p5_0p02_0038_0010.uasset" 5394
"../../../Engine/Content/EngineMaterials/Substrate/GLints/dict_16_192_64_0p5_0p02_0057_0006.uasset" 5395
"../../../Engine/Content/EngineMaterials/Substrate/GLints/dict_16_192_64_0p5_0p02_0003_0009.uasset" 5396
"../../../Engine/Content/EngineMaterials/Substrate/GLints/dict_16_192_64_0p5_0p02_0019_0005.uasset" 5397
"../../../Engine/Content/EngineMaterials/Substrate/GLints/dict_16_192_64_0p5_0p02_0029_0008.uasset" 5398
"../../../Engine/Content/EngineMaterials/Substrate/GLints/dict_16_192_64_0p5_0p02_0044_0003.uasset" 5399
"../../../Engine/Content/EngineMaterials/Substrate/GLints/dict_16_192_64_0p5_0p02_0027_0011.uasset" 5400
"../../../Engine/Content/EngineMaterials/Substrate/GLints/dict_16_192_64_0p5_0p02_0045_0009.uasset" 5401
"../../../Engine/Content/EngineMaterials/Substrate/GLints/dict_16_192_64_0p5_0p02_0018_0003.uasset" 5402
"../../../Engine/Content/EngineMaterials/Substrate/GLints/dict_16_192_64_0p5_0p02_0010_0013.uasset" 5403
"../../../Engine/Content/EngineMaterials/Substrate/GLints/dict_16_192_64_0p5_0p02_0020_0004.uasset" 5404
"../../../Engine/Content/EngineMaterials/Substrate/GLints/dict_16_192_64_0p5_0p02_0007_0015.uasset" 5405
"../../../Engine/Content/EngineMaterials/Substrate/GLints/dict_16_192_64_0p5_0p02_0053_0014.uasset" 5406
"../../../Engine/Content/EngineMaterials/Substrate/GLints/dict_16_192_64_0p5_0p02_0036_0008.uasset" 5407
"../../../Engine/Content/EngineMaterials/Substrate/GLints/dict_16_192_64_0p5_0p02_0061_0015.uasset" 5408
"../../../Engine/Content/EngineMaterials/Substrate/GLints/dict_16_192_64_0p5_0p02_0035_0008.uasset" 5409
"../../../Engine/Content/EngineMaterials/Substrate/GLints/dict_16_192_64_0p5_0p02_0045_0005.uasset" 5410
"../../../Engine/Content/EngineMaterials/Substrate/GLints/dict_16_192_64_0p5_0p02_0063_0003.uasset" 5411
"../../../Engine/Content/EngineMaterials/Substrate/GLints/dict_16_192_64_0p5_0p02_0009_0007.uasset" 5412
"../../../Engine/Content/EngineMaterials/Substrate/GLints/dict_16_192_64_0p5_0p02_0049_0009.uasset" 5413
"../../../Engine/Content/EngineMaterials/Substrate/GLints/dict_16_192_64_0p5_0p02_0022_0005.uasset" 5414
"../../../Engine/Content/EngineMaterials/Substrate/GLints/dict_16_192_64_0p5_0p02_0054_0013.uasset" 5415
"../../../Engine/Content/EngineMaterials/Substrate/GLints/dict_16_192_64_0p5_0p02_0042_0007.uasset" 5416
"../../../Engine/Content/EngineMaterials/Substrate/GLints/dict_16_192_64_0p5_0p02_0056_0001.uasset" 5417
"../../../Engine/Content/EngineMaterials/Substrate/GLints/dict_16_192_64_0p5_0p02_0012_0006.uasset" 5418
"../../../Engine/Content/EngineMaterials/Substrate/GLints/dict_16_192_64_0p5_0p02_0035_0013.uasset" 5419
"../../../Engine/Content/EngineMaterials/Substrate/GLints/dict_16_192_64_0p5_0p02_0005_0005.uasset" 5420
"../../../Engine/Content/EngineMaterials/Substrate/GLints/dict_16_192_64_0p5_0p02_0006_0000.uasset" 5421
"../../../Engine/Content/EngineMaterials/Substrate/GLints/dict_16_192_64_0p5_0p02_0032_0012.uasset" 5422
"../../../Engine/Content/EngineMaterials/Substrate/GLints/dict_16_192_64_0p5_0p02_0015_0002.uasset" 5423
"../../../Engine/Content/EngineMaterials/Substrate/GLints/dict_16_192_64_0p5_0p02_0010_0000.uasset" 5424
"../../../Engine/Content/EngineMaterials/Substrate/GLints/dict_16_192_64_0p5_0p02_0053_0012.uasset" 5425
"../../../Engine/Content/EngineMaterials/Substrate/GLints/dict_16_192_64_0p5_0p02_0024_0003.uasset" 5426
"../../../Engine/Content/EngineMaterials/Substrate/GLints/dict_16_192_64_0p5_0p02_0007_0008.uasset" 5427
"../../../Engine/Content/EngineMaterials/Substrate/GLints/dict_16_192_64_0p5_0p02_0051_0005.uasset" 5428
"../../../Engine/Content/EngineMaterials/Substrate/GLints/dict_16_192_64_0p5_0p02_0035_0001.uasset" 5429
"../../../Engine/Content/EngineMaterials/Substrate/GLints/dict_16_192_64_0p5_0p02_0024_0009.uasset" 5430
"../../../Engine/Content/EngineMaterials/Substrate/GLints/dict_16_192_64_0p5_0p02_0003_0000.uasset" 5431
"../../../Engine/Content/EngineMaterials/Substrate/GLints/dict_16_192_64_0p5_0p02_0020_0011.uasset" 5432
"../../../Engine/Content/EngineMaterials/Substrate/GLints/dict_16_192_64_0p5_0p02_0035_0004.uasset" 5433
"../../../Engine/Content/EngineMaterials/Substrate/GLints/dict_16_192_64_0p5_0p02_0040_0003.uasset" 5434
"../../../Engine/Content/EngineMaterials/Substrate/GLints/dict_16_192_64_0p5_0p02_0053_0015.uasset" 5435
"../../../Engine/Content/EngineMaterials/Substrate/GLints/dict_16_192_64_0p5_0p02_0006_0008.uasset" 5436
"../../../Engine/Content/EngineMaterials/Substrate/GLints/dict_16_192_64_0p5_0p02_0058_0014.uasset" 5437
"../../../Engine/Content/EngineMaterials/Substrate/GLints/dict_16_192_64_0p5_0p02_0042_0000.uasset" 5438
"../../../Engine/Content/EngineMaterials/Substrate/GLints/dict_16_192_64_0p5_0p02_0058_0002.uasset" 5439
"../../../Engine/Content/EngineMaterials/Substrate/GLints/dict_16_192_64_0p5_0p02_0060_0004.uasset" 5440
"../../../Engine/Content/EngineMaterials/Substrate/GLints/dict_16_192_64_0p5_0p02_0015_0006.uasset" 5441
"../../../Engine/Content/EngineMaterials/Substrate/GLints/dict_16_192_64_0p5_0p02_0022_0000.uasset" 5442
"../../../Engine/Content/EngineMaterials/Substrate/GLints/dict_16_192_64_0p5_0p02_0050_0008.uasset" 5443
"../../../Engine/Content/EngineMaterials/Substrate/GLints/dict_16_192_64_0p5_0p02_0054_0002.uasset" 5444
"../../../Engine/Content/EngineMaterials/Substrate/GLints/dict_16_192_64_0p5_0p02_0040_0012.uasset" 5445
"../../../Engine/Content/EngineMaterials/Substrate/GLints/dict_16_192_64_0p5_0p02_0018_0012.uasset" 5446
"../../../Engine/Content/EngineMaterials/Substrate/GLints/dict_16_192_64_0p5_0p02_0047_0002.uasset" 5447
"../../../Engine/Content/EngineMaterials/Substrate/GLints/dict_16_192_64_0p5_0p02_0017_0009.uasset" 5448
"../../../Engine/Content/EngineMaterials/Substrate/GLints/dict_16_192_64_0p5_0p02_0004_0013.uasset" 5449
"../../../Engine/Content/EngineMaterials/Substrate/GLints/dict_16_192_64_0p5_0p02_0045_0002.uasset" 5450
"../../../Engine/Content/EngineMaterials/Substrate/GLints/dict_16_192_64_0p5_0p02_0027_0010.uasset" 5451
"../../../Engine/Content/EngineMaterials/Substrate/GLints/dict_16_192_64_0p5_0p02_0020_0007.uasset" 5452
"C:/Users/nguye/AppData/Local/UnrealEngine/Common/DerivedDataCache/Buckets/LegacyTEXTURE/b2/0a/bfa0d7ec8b02fc72434bfabead5870067fc2.udd" 5453
"../../../Engine/Content/EngineMaterials/Substrate/GLints/dict_16_192_64_0p5_0p02_0043_0014.uasset" 5454
"../../../Engine/Content/EngineMaterials/Substrate/GLints/dict_16_192_64_0p5_0p02_0000_0004.uasset" 5455
"../../../Engine/Content/EngineMaterials/Substrate/GLints/dict_16_192_64_0p5_0p02_0000_0002.uasset" 5456
"../../../Engine/Content/EngineMaterials/Substrate/GLints/dict_16_192_64_0p5_0p02_0045_0000.uasset" 5457
"../../../Engine/Content/EngineMaterials/Substrate/GLints/dict_16_192_64_0p5_0p02_0052_0006.uasset" 5458
"../../../Engine/Content/EngineMaterials/Substrate/GLints/dict_16_192_64_0p5_0p02_0003_0007.uasset" 5459
"../../../Engine/Content/EngineMaterials/Substrate/GLints/dict_16_192_64_0p5_0p02_0015_0011.uasset" 5460
"../../../Engine/Content/EngineMaterials/Substrate/GLints/dict_16_192_64_0p5_0p02_0055_0007.uasset" 5461
"../../../Engine/Content/EngineMaterials/Substrate/GLints/dict_16_192_64_0p5_0p02_0033_0006.uasset" 5462
"../../../Engine/Content/EngineMaterials/Substrate/GLints/dict_16_192_64_0p5_0p02_0002_0003.uasset" 5463
"../../../Engine/Content/EngineMaterials/Substrate/GLints/dict_16_192_64_0p5_0p02_0054_0004.uasset" 5464
"../../../Engine/Content/EngineMaterials/Substrate/GLints/dict_16_192_64_0p5_0p02_0036_0004.uasset" 5465
"../../../Engine/Content/EngineMaterials/Substrate/GLints/dict_16_192_64_0p5_0p02_0021_0015.uasset" 5466
"../../../Engine/Content/EngineMaterials/Substrate/GLints/dict_16_192_64_0p5_0p02_0025_0013.uasset" 5467
"../../../Engine/Content/EngineMaterials/Substrate/GLints/dict_16_192_64_0p5_0p02_0039_0013.uasset" 5468
"../../../Engine/Content/EngineMaterials/Substrate/GLints/dict_16_192_64_0p5_0p02_0005_0002.uasset" 5469
"../../../Engine/Content/EngineMaterials/Substrate/GLints/dict_16_192_64_0p5_0p02_0029_0014.uasset" 5470
"../../../Engine/Content/EngineMaterials/Substrate/GLints/dict_16_192_64_0p5_0p02_0052_0004.uasset" 5471
"../../../Engine/Content/EngineMaterials/Substrate/GLints/dict_16_192_64_0p5_0p02_0003_0008.uasset" 5472
"../../../Engine/Content/EngineMaterials/Substrate/GLints/dict_16_192_64_0p5_0p02_0023_0014.uasset" 5473
"../../../Engine/Content/EngineMaterials/Substrate/GLints/dict_16_192_64_0p5_0p02_0034_0002.uasset" 5474
"../../../Engine/Content/EngineMaterials/Substrate/GLints/dict_16_192_64_0p5_0p02_0016_0012.uasset" 5475
"../../../Engine/Content/EngineMaterials/Substrate/GLints/dict_16_192_64_0p5_0p02_0010_0001.uasset" 5476
"../../../Engine/Content/EngineMaterials/Substrate/GLints/dict_16_192_64_0p5_0p02_0057_0004.uasset" 5477
"../../../Engine/Content/EngineMaterials/Substrate/GLints/dict_16_192_64_0p5_0p02_0056_0009.uasset" 5478
"../../../Engine/Content/EngineMaterials/Substrate/GLints/dict_16_192_64_0p5_0p02_0053_0002.uasset" 5479
"../../../Engine/Content/EngineMaterials/Substrate/GLints/dict_16_192_64_0p5_0p02_0049_0000.uasset" 5480
"../../../Engine/Content/EngineMaterials/Substrate/GLints/dict_16_192_64_0p5_0p02_0022_0009.uasset" 5481
"../../../Engine/Content/EngineMaterials/Substrate/GLints/dict_16_192_64_0p5_0p02_0005_0004.uasset" 5482
"../../../Engine/Content/EngineMaterials/Substrate/GLints/dict_16_192_64_0p5_0p02_0016_0011.uasset" 5483
"../../../Engine/Content/EngineMaterials/Substrate/GLints/dict_16_192_64_0p5_0p02_0001_0015.uasset" 5484
"../../../Engine/Content/EngineMaterials/Substrate/GLints/dict_16_192_64_0p5_0p02_0025_0003.uasset" 5485
"../../../Engine/Content/EngineMaterials/Substrate/GLints/dict_16_192_64_0p5_0p02_0031_0006.uasset" 5486
"../../../Engine/Content/EngineMaterials/Substrate/GLints/dict_16_192_64_0p5_0p02_0043_0002.uasset" 5487
"../../../Engine/Content/EngineMaterials/Substrate/GLints/dict_16_192_64_0p5_0p02_0012_0001.uasset" 5488
"../../../Engine/Content/EngineMaterials/Substrate/GLints/dict_16_192_64_0p5_0p02_0056_0005.uasset" 5489
"../../../Engine/Content/EngineMaterials/Substrate/GLints/dict_16_192_64_0p5_0p02_0012_0002.uasset" 5490
"../../../Engine/Content/EngineMaterials/Substrate/GLints/dict_16_192_64_0p5_0p02_0012_0011.uasset" 5491
"../../../Engine/Content/EngineMaterials/Substrate/GLints/dict_16_192_64_0p5_0p02_0061_0010.uasset" 5492
"../../../Engine/Content/EngineMaterials/Substrate/GLints/dict_16_192_64_0p5_0p02_0057_0011.uasset" 5493
"../../../Engine/Content/EngineMaterials/Substrate/GLints/dict_16_192_64_0p5_0p02_0061_0012.uasset" 5494
"../../../Engine/Content/EngineMaterials/Substrate/GLints/dict_16_192_64_0p5_0p02_0052_0005.uasset" 5495
"../../../Engine/Content/EngineMaterials/Substrate/GLints/dict_16_192_64_0p5_0p02_0016_0008.uasset" 5496
"../../../Engine/Content/EngineMaterials/Substrate/GLints/dict_16_192_64_0p5_0p02_0026_0012.uasset" 5497
"../../../Engine/Content/EngineMaterials/Substrate/GLints/dict_16_192_64_0p5_0p02_0025_0010.uasset" 5498
"C:/Users/nguye/AppData/Local/UnrealEngine/Common/DerivedDataCache/Buckets/LegacyTEXTURE/12/ab/b98ae8b54f1f4f9ffd47df7eee9af45a12e3.udd" 5499
"../../../Engine/Content/EngineMaterials/Substrate/GLints/dict_16_192_64_0p5_0p02_0034_0009.uasset" 5500
"../../../Engine/Content/EngineMaterials/Substrate/GLints/dict_16_192_64_0p5_0p02_0023_0010.uasset" 5501
"../../../Engine/Content/EngineMaterials/Substrate/GLints/dict_16_192_64_0p5_0p02_0043_0006.uasset" 5502
"../../../Engine/Content/EngineMaterials/Substrate/GLints/dict_16_192_64_0p5_0p02_0033_0008.uasset" 5503
"../../../Engine/Content/EngineMaterials/Substrate/GLints/dict_16_192_64_0p5_0p02_0029_0004.uasset" 5504
"../../../Engine/Content/EngineMaterials/Substrate/GLints/dict_16_192_64_0p5_0p02_0022_0002.uasset" 5505
"../../../Engine/Content/EngineMaterials/Substrate/GLints/dict_16_192_64_0p5_0p02_0051_0011.uasset" 5506
"../../../Engine/Content/EngineMaterials/Substrate/GLints/dict_16_192_64_0p5_0p02_0052_0001.uasset" 5507
"../../../Engine/Content/EngineMaterials/Substrate/GLints/dict_16_192_64_0p5_0p02_0044_0013.uasset" 5508
"../../../Engine/Content/EngineMaterials/Substrate/GLints/dict_16_192_64_0p5_0p02_0017_0001.uasset" 5509
"../../../Engine/Content/EngineMaterials/Substrate/GLints/dict_16_192_64_0p5_0p02_0042_0002.uasset" 5510
"../../../Engine/Content/EngineMaterials/Substrate/GLints/dict_16_192_64_0p5_0p02_0031_0004.uasset" 5511
"../../../Engine/Content/EngineMaterials/Substrate/GLints/dict_16_192_64_0p5_0p02_0045_0004.uasset" 5512
"../../../Engine/Content/EngineMaterials/Substrate/GLints/dict_16_192_64_0p5_0p02_0057_0001.uasset" 5513
"../../../Engine/Content/EngineMaterials/Substrate/GLints/dict_16_192_64_0p5_0p02_0035_0014.uasset" 5514
"../../../Engine/Content/EngineMaterials/Substrate/GLints/dict_16_192_64_0p5_0p02_0008_0013.uasset" 5515
"../../../Engine/Content/EngineMaterials/Substrate/GLints/dict_16_192_64_0p5_0p02_0026_0003.uasset" 5516
"../../../Engine/Content/EngineMaterials/Substrate/GLints/dict_16_192_64_0p5_0p02_0032_0001.uasset" 5517
"../../../Engine/Content/EngineMaterials/Substrate/GLints/dict_16_192_64_0p5_0p02_0059_0003.uasset" 5518
"../../../Engine/Content/EngineMaterials/Substrate/GLints/dict_16_192_64_0p5_0p02_0000_0015.uasset" 5519
"../../../Engine/Content/EngineMaterials/Substrate/GLints/dict_16_192_64_0p5_0p02_0031_0015.uasset" 5520
"../../../Engine/Content/EngineMaterials/Substrate/GLints/dict_16_192_64_0p5_0p02_0004_0002.uasset" 5521
"../../../Engine/Content/EngineMaterials/Substrate/GLints/dict_16_192_64_0p5_0p02_0029_0007.uasset" 5522
"../../../Engine/Content/EngineMaterials/Substrate/GLints/dict_16_192_64_0p5_0p02_0014_0005.uasset" 5523
"../../../Engine/Content/EngineMaterials/Substrate/GLints/dict_16_192_64_0p5_0p02_0006_0006.uasset" 5524
"../../../Engine/Content/EngineMaterials/Substrate/GLints/dict_16_192_64_0p5_0p02_0043_0012.uasset" 5525
"../../../Engine/Content/EngineMaterials/Substrate/GLints/dict_16_192_64_0p5_0p02_0013_0002.uasset" 5526
"../../../Engine/Content/EngineMaterials/Substrate/GLints/dict_16_192_64_0p5_0p02_0013_0004.uasset" 5527
"../../../Engine/Content/EngineMaterials/Substrate/GLints/dict_16_192_64_0p5_0p02_0047_0015.uasset" 5528
"../../../Engine/Content/EngineMaterials/Substrate/GLints/dict_16_192_64_0p5_0p02_0063_0011.uasset" 5529
"../../../Engine/Content/EngineMaterials/Substrate/GLints/dict_16_192_64_0p5_0p02_0034_0007.uasset" 5530
"../../../Engine/Content/EngineMaterials/Substrate/GLints/dict_16_192_64_0p5_0p02_0008_0011.uasset" 5531
"../../../Engine/Content/EngineMaterials/Substrate/GLints/dict_16_192_64_0p5_0p02_0049_0004.uasset" 5532
"../../../Engine/Content/EngineMaterials/Substrate/GLints/dict_16_192_64_0p5_0p02_0048_0006.uasset" 5533
"../../../Engine/Content/EngineMaterials/Substrate/GLints/dict_16_192_64_0p5_0p02_0043_0008.uasset" 5534
"../../../Engine/Content/EngineMaterials/Substrate/GLints/dict_16_192_64_0p5_0p02_0059_0015.uasset" 5535
"../../../Engine/Content/EngineMaterials/Substrate/GLints/dict_16_192_64_0p5_0p02_0016_0015.uasset" 5536
"../../../Engine/Content/EngineMaterials/Substrate/GLints/dict_16_192_64_0p5_0p02_0035_0005.uasset" 5537
"../../../Engine/Content/EngineMaterials/Substrate/GLints/dict_16_192_64_0p5_0p02_0034_0003.uasset" 5538
"../../../Engine/Content/EngineMaterials/Substrate/GLints/dict_16_192_64_0p5_0p02_0038_0004.uasset" 5539
"../../../Engine/Content/EngineMaterials/Substrate/GLints/dict_16_192_64_0p5_0p02_0033_0013.uasset" 5540
"../../../Engine/Content/EngineMaterials/Substrate/GLints/dict_16_192_64_0p5_0p02_0000_0011.uasset" 5541
"../../../Engine/Content/EngineMaterials/Substrate/GLints/dict_16_192_64_0p5_0p02_0028_0010.uasset" 5542
"../../../Engine/Content/EngineMaterials/Substrate/GLints/dict_16_192_64_0p5_0p02_0041_0012.uasset" 5543
"../../../Engine/Content/EngineMaterials/Substrate/GLints/dict_16_192_64_0p5_0p02_0003_0013.uasset" 5544
"../../../Engine/Content/EngineMaterials/Substrate/GLints/dict_16_192_64_0p5_0p02_0007_0011.uasset" 5545
"../../../Engine/Content/EngineMaterials/Substrate/GLints/dict_16_192_64_0p5_0p02_0049_0005.uasset" 5546
"../../../Engine/Content/EngineMaterials/Substrate/GLints/dict_16_192_64_0p5_0p02_0038_0008.uasset" 5547
"../../../Engine/Content/EngineMaterials/Substrate/GLints/dict_16_192_64_0p5_0p02_0048_0003.uasset" 5548
"../../../Engine/Content/EngineMaterials/Substrate/GLints/dict_16_192_64_0p5_0p02_0024_0011.uasset" 5549
"../../../Engine/Content/EngineMaterials/Substrate/GLints/dict_16_192_64_0p5_0p02_0009_0004.uasset" 5550
"../../../Engine/Content/EngineMaterials/Substrate/GLints/dict_16_192_64_0p5_0p02_0007_0003.uasset" 5551
"../../../Engine/Content/EngineMaterials/Substrate/GLints/dict_16_192_64_0p5_0p02_0023_0008.uasset" 5552
"../../../Engine/Content/EngineMaterials/Substrate/GLints/dict_16_192_64_0p5_0p02_0031_0011.uasset" 5553
"../../../Engine/Content/EngineMaterials/Substrate/GLints/dict_16_192_64_0p5_0p02_0051_0014.uasset" 5554
"../../../Engine/Content/EngineMaterials/Substrate/GLints/dict_16_192_64_0p5_0p02_0059_0000.uasset" 5555
"../../../Engine/Content/EngineMaterials/Substrate/GLints/dict_16_192_64_0p5_0p02_0022_0010.uasset" 5556
"../../../Engine/Content/EngineMaterials/Substrate/GLints/dict_16_192_64_0p5_0p02_0008_0014.uasset" 5557
"../../../Engine/Content/EngineMaterials/Substrate/GLints/dict_16_192_64_0p5_0p02_0036_0012.uasset" 5558
"../../../Engine/Content/EngineMaterials/Substrate/GLints/dict_16_192_64_0p5_0p02_0014_0007.uasset" 5559
"../../../Engine/Content/EngineMaterials/Substrate/GLints/dict_16_192_64_0p5_0p02_0011_0006.uasset" 5560
"../../../Engine/Content/EngineMaterials/Substrate/GLints/dict_16_192_64_0p5_0p02_0053_0001.uasset" 5561
"../../../Engine/Content/EngineMaterials/Substrate/GLints/dict_16_192_64_0p5_0p02_0061_0006.uasset" 5562
"../../../Engine/Content/EngineMaterials/Substrate/GLints/dict_16_192_64_0p5_0p02_0011_0013.uasset" 5563
"../../../Engine/Content/EngineMaterials/Substrate/GLints/dict_16_192_64_0p5_0p02_0020_0001.uasset" 5564
"../../../Engine/Content/EngineMaterials/Substrate/GLints/dict_16_192_64_0p5_0p02_0049_0006.uasset" 5565
"../../../Engine/Content/EngineMaterials/Substrate/GLints/dict_16_192_64_0p5_0p02_0059_0001.uasset" 5566
"../../../Engine/Content/EngineMaterials/Substrate/GLints/dict_16_192_64_0p5_0p02_0019_0013.uasset" 5567
"../../../Engine/Content/EngineMaterials/Substrate/GLints/dict_16_192_64_0p5_0p02_0014_0000.uasset" 5568
"../../../Engine/Content/EngineMaterials/Substrate/GLints/dict_16_192_64_0p5_0p02_0029_0006.uasset" 5569
"../../../Engine/Content/EngineMaterials/Substrate/GLints/dict_16_192_64_0p5_0p02_0041_0013.uasset" 5570
"../../../Engine/Content/EngineMaterials/Substrate/GLints/dict_16_192_64_0p5_0p02_0058_0005.uasset" 5571
"../../../Engine/Content/EngineMaterials/Substrate/GLints/dict_16_192_64_0p5_0p02_0001_0011.uasset" 5572
"../../../Engine/Content/EngineMaterials/Substrate/GLints/dict_16_192_64_0p5_0p02_0037_0002.uasset" 5573
"../../../Engine/Content/EngineMaterials/Substrate/GLints/dict_16_192_64_0p5_0p02_0044_0005.uasset" 5574
"../../../Engine/Content/EngineMaterials/Substrate/GLints/dict_16_192_64_0p5_0p02_0042_0004.uasset" 5575
"../../../Engine/Content/EngineMaterials/Substrate/GLints/dict_16_192_64_0p5_0p02_0045_0008.uasset" 5576
"../../../Engine/Content/EngineMaterials/Substrate/GLints/dict_16_192_64_0p5_0p02_0002_0008.uasset" 5577
"../../../Engine/Content/EngineMaterials/Substrate/GLints/dict_16_192_64_0p5_0p02_0034_0001.uasset" 5578
"../../../Engine/Content/EngineMaterials/Substrate/GLints/dict_16_192_64_0p5_0p02_0051_0003.uasset" 5579
"../../../Engine/Content/EngineMaterials/Substrate/GLints/dict_16_192_64_0p5_0p02_0046_0014.uasset" 5580
"../../../Engine/Content/EngineMaterials/Substrate/GLints/dict_16_192_64_0p5_0p02_0006_0015.uasset" 5581
"../../../Engine/Content/EngineMaterials/Substrate/GLints/dict_16_192_64_0p5_0p02_0044_0008.uasset" 5582
"../../../Engine/Content/EngineMaterials/Substrate/GLints/dict_16_192_64_0p5_0p02_0046_0006.uasset" 5583
"../../../Engine/Content/EngineMaterials/Substrate/GLints/dict_16_192_64_0p5_0p02_0014_0006.uasset" 5584
"../../../Engine/Content/EngineMaterials/Substrate/GLints/dict_16_192_64_0p5_0p02_0049_0003.uasset" 5585
"C:/Users/nguye/AppData/Local/UnrealEngine/Common/DerivedDataCache/Buckets/LegacyTEXTURE/d5/df/37f86395a6420cb6c3bf65e456a997f5e7b8.udd" 5586
"../../../Engine/Content/EngineMaterials/Substrate/GLints/dict_16_192_64_0p5_0p02_0043_0009.uasset" 5587
"../../../Engine/Content/EngineMaterials/Substrate/GLints/dict_16_192_64_0p5_0p02_0046_0011.uasset" 5588
"../../../Engine/Content/EngineMaterials/Substrate/GLints/dict_16_192_64_0p5_0p02_0041_0015.uasset" 5589
"../../../Engine/Content/EngineMaterials/Substrate/GLints/dict_16_192_64_0p5_0p02_0014_0015.uasset" 5590
"../../../Engine/Content/EngineMaterials/Substrate/GLints/dict_16_192_64_0p5_0p02_0016_0004.uasset" 5591
"../../../Engine/Content/EngineMaterials/Substrate/GLints/dict_16_192_64_0p5_0p02_0004_0004.uasset" 5592
"../../../Engine/Content/EngineMaterials/Substrate/GLints/dict_16_192_64_0p5_0p02_0042_0012.uasset" 5593
"../../../Engine/Content/EngineMaterials/Substrate/GLints/dict_16_192_64_0p5_0p02_0035_0015.uasset" 5594
"../../../Engine/Content/EngineMaterials/Substrate/GLints/dict_16_192_64_0p5_0p02_0010_0008.uasset" 5595
"../../../Engine/Content/EngineMaterials/Substrate/GLints/dict_16_192_64_0p5_0p02_0001_0002.uasset" 5596
"../../../Engine/Content/EngineMaterials/Substrate/GLints/dict_16_192_64_0p5_0p02_0012_0015.uasset" 5597
"../../../Engine/Content/EngineMaterials/Substrate/GLints/dict_16_192_64_0p5_0p02_0055_0003.uasset" 5598
"../../../Engine/Content/EngineMaterials/Substrate/GLints/dict_16_192_64_0p5_0p02_0063_0007.uasset" 5599
"../../../Engine/Content/EngineMaterials/Substrate/GLints/dict_16_192_64_0p5_0p02_0022_0004.uasset" 5600
"../../../Engine/Content/EngineMaterials/Substrate/GLints/dict_16_192_64_0p5_0p02_0061_0014.uasset" 5601
"../../../Engine/Content/EngineMaterials/Substrate/GLints/dict_16_192_64_0p5_0p02_0056_0013.uasset" 5602
"../../../Engine/Content/EngineMaterials/Substrate/GLints/dict_16_192_64_0p5_0p02_0056_0007.uasset" 5603
"../../../Engine/Content/EngineMaterials/Substrate/GLints/dict_16_192_64_0p5_0p02_0028_0000.uasset" 5604
"../../../Engine/Content/EngineMaterials/Substrate/GLints/dict_16_192_64_0p5_0p02_0033_0005.uasset" 5605
"../../../Engine/Content/EngineMaterials/Substrate/GLints/dict_16_192_64_0p5_0p02_0054_0007.uasset" 5606
"../../../Engine/Content/EngineMaterials/Substrate/GLints/dict_16_192_64_0p5_0p02_0050_0001.uasset" 5607
"../../../Engine/Content/EngineMaterials/Substrate/GLints/dict_16_192_64_0p5_0p02_0057_0005.uasset" 5608
"../../../Engine/Content/EngineMaterials/Substrate/GLints/dict_16_192_64_0p5_0p02_0004_0000.uasset" 5609
"../../../Engine/Content/EngineMaterials/Substrate/GLints/dict_16_192_64_0p5_0p02_0050_0003.uasset" 5610
"../../../Engine/Content/EngineMaterials/Substrate/GLints/dict_16_192_64_0p5_0p02_0019_0007.uasset" 5611
"C:/Users/nguye/AppData/Local/UnrealEngine/Common/DerivedDataCache/Buckets/LegacyTEXTURE/07/bc/863e56652e4f2572de8604013b727c40c03d.udd" 5612
"../../../Engine/Content/EngineMaterials/Substrate/GLints/dict_16_192_64_0p5_0p02_0028_0001.uasset" 5613
"../../../Engine/Content/EngineMaterials/Substrate/GLints/dict_16_192_64_0p5_0p02_0009_0003.uasset" 5614
"../../../Engine/Content/EngineMaterials/Substrate/GLints/dict_16_192_64_0p5_0p02_0010_0006.uasset" 5615
"../../../Engine/Content/EngineMaterials/Substrate/GLints/dict_16_192_64_0p5_0p02_0063_0014.uasset" 5616
"../../../Engine/Content/EngineMaterials/Substrate/GLints/dict_16_192_64_0p5_0p02_0016_0000.uasset" 5617
"../../../Engine/Content/EngineMaterials/Substrate/GLints/dict_16_192_64_0p5_0p02_0031_0010.uasset" 5618
"../../../Engine/Content/EngineMaterials/Substrate/GLints/dict_16_192_64_0p5_0p02_0055_0004.uasset" 5619
"../../../Engine/Content/EngineMaterials/Substrate/GLints/dict_16_192_64_0p5_0p02_0041_0001.uasset" 5620
"../../../Engine/Content/EngineMaterials/Substrate/GLints/dict_16_192_64_0p5_0p02_0062_0011.uasset" 5621
"../../../Engine/Content/EngineMaterials/Substrate/GLints/dict_16_192_64_0p5_0p02_0010_0011.uasset" 5622
"../../../Engine/Content/EngineMaterials/Substrate/GLints/dict_16_192_64_0p5_0p02_0033_0009.uasset" 5623
"../../../Engine/Content/EngineMaterials/Substrate/GLints/dict_16_192_64_0p5_0p02_0056_0012.uasset" 5624
"../../../Engine/Content/EngineMaterials/Substrate/GLints/dict_16_192_64_0p5_0p02_0059_0014.uasset" 5625
"../../../Engine/Content/EngineMaterials/Substrate/GLints/dict_16_192_64_0p5_0p02_0055_0005.uasset" 5626
"../../../Engine/Content/EngineMaterials/Substrate/GLints/dict_16_192_64_0p5_0p02_0023_0002.uasset" 5627
"../../../Engine/Content/EngineMaterials/Substrate/GLints/dict_16_192_64_0p5_0p02_0005_0009.uasset" 5628
"../../../Engine/Content/EngineMaterials/Substrate/GLints/dict_16_192_64_0p5_0p02_0012_0004.uasset" 5629
"../../../Engine/Content/EngineMaterials/Substrate/GLints/dict_16_192_64_0p5_0p02_0008_0004.uasset" 5630
"../../../Engine/Content/EngineMaterials/Substrate/GLints/dict_16_192_64_0p5_0p02_0020_0009.uasset" 5631
"../../../Engine/Content/EngineMaterials/Substrate/GLints/dict_16_192_64_0p5_0p02_0025_0014.uasset" 5632
"../../../Engine/Content/EngineMaterials/Substrate/GLints/dict_16_192_64_0p5_0p02_0027_0008.uasset" 5633
"../../../Engine/Content/EngineMaterials/Substrate/GLints/dict_16_192_64_0p5_0p02_0010_0004.uasset" 5634
"../../../Engine/Content/EngineMaterials/Substrate/GLints/dict_16_192_64_0p5_0p02_0025_0015.uasset" 5635
"../../../Engine/Content/EngineMaterials/Substrate/GLints/dict_16_192_64_0p5_0p02_0033_0003.uasset" 5636
"../../../Engine/Content/EngineMaterials/Substrate/GLints/dict_16_192_64_0p5_0p02_0026_0002.uasset" 5637
"C:/Users/nguye/AppData/Local/UnrealEngine/Common/DerivedDataCache/Buckets/LegacyTEXTURE/b0/17/951220ceaf6163d196865e29e667dd7731b0.udd" 5638
"../../../Engine/Content/EngineMaterials/Substrate/GLints/dict_16_192_64_0p5_0p02_0010_0003.uasset" 5639
"../../../Engine/Content/EngineMaterials/Substrate/GLints/dict_16_192_64_0p5_0p02_0048_0002.uasset" 5640
"../../../Engine/Content/EngineMaterials/Substrate/GLints/dict_16_192_64_0p5_0p02_0013_0003.uasset" 5641
"../../../Engine/Content/EngineMaterials/Substrate/GLints/dict_16_192_64_0p5_0p02_0014_0012.uasset" 5642
"../../../Engine/Content/EngineMaterials/Substrate/GLints/dict_16_192_64_0p5_0p02_0020_0013.uasset" 5643
"../../../Engine/Content/EngineMaterials/Substrate/GLints/dict_16_192_64_0p5_0p02_0059_0004.uasset" 5644
"../../../Engine/Content/EngineMaterials/Substrate/GLints/dict_16_192_64_0p5_0p02_0018_0010.uasset" 5645
"../../../Engine/Content/EngineMaterials/Substrate/GLints/dict_16_192_64_0p5_0p02_0048_0004.uasset" 5646
"../../../Engine/Content/EngineMaterials/Substrate/GLints/dict_16_192_64_0p5_0p02_0032_0002.uasset" 5647
"../../../Engine/Content/EngineMaterials/Substrate/GLints/dict_16_192_64_0p5_0p02_0055_0006.uasset" 5648
"../../../Engine/Content/EngineMaterials/Substrate/GLints/dict_16_192_64_0p5_0p02_0044_0011.uasset" 5649
"../../../Engine/Content/EngineMaterials/Substrate/GLints/dict_16_192_64_0p5_0p02_0032_0014.uasset" 5650
"../../../Engine/Content/EngineMaterials/Substrate/GLints/dict_16_192_64_0p5_0p02_0003_0003.uasset" 5651
"../../../Engine/Content/EngineMaterials/Substrate/GLints/dict_16_192_64_0p5_0p02_0030_0000.uasset" 5652
"../../../Engine/Content/EngineMaterials/Substrate/GLints/dict_16_192_64_0p5_0p02_0028_0014.uasset" 5653
"../../../Engine/Content/EngineMaterials/Substrate/GLints/dict_16_192_64_0p5_0p02_0030_0003.uasset" 5654
"../../../Engine/Content/EngineMaterials/Substrate/GLints/dict_16_192_64_0p5_0p02_0028_0005.uasset" 5655
"../../../Engine/Content/EngineMaterials/Substrate/GLints/dict_16_192_64_0p5_0p02_0020_0003.uasset" 5656
"../../../Engine/Content/EngineMaterials/Substrate/GLints/dict_16_192_64_0p5_0p02_0012_0005.uasset" 5657
"../../../Engine/Content/EngineMaterials/Substrate/GLints/dict_16_192_64_0p5_0p02_0008_0015.uasset" 5658
"../../../Engine/Content/EngineMaterials/Substrate/GLints/dict_16_192_64_0p5_0p02_0013_0008.uasset" 5659
"../../../Engine/Content/EngineMaterials/Substrate/GLints/dict_16_192_64_0p5_0p02_0013_0012.uasset" 5660
"../../../Engine/Content/EngineMaterials/Substrate/GLints/dict_16_192_64_0p5_0p02_0011_0007.uasset" 5661
"../../../Engine/Content/EngineMaterials/Substrate/GLints/dict_16_192_64_0p5_0p02_0011_0002.uasset" 5662
"C:/Users/nguye/AppData/Local/UnrealEngine/Common/DerivedDataCache/Buckets/LegacyTEXTURE/e7/01/73193d5f5b386e3157db930a1b41c40ea119.udd" 5663
"../../../Engine/Content/EngineMaterials/Substrate/GLints/dict_16_192_64_0p5_0p02_0004_0001.uasset" 5664
"../../../Engine/Content/EngineMaterials/Substrate/GLints/dict_16_192_64_0p5_0p02_0024_0002.uasset" 5665
"../../../Engine/Content/EngineMaterials/Substrate/GLints/dict_16_192_64_0p5_0p02_0003_0001.uasset" 5666
"../../../Engine/Content/EngineMaterials/Substrate/GLints/dict_16_192_64_0p5_0p02_0001_0008.uasset" 5667
"../../../Engine/Content/EngineMaterials/Substrate/GLints/dict_16_192_64_0p5_0p02_0046_0004.uasset" 5668
"../../../Engine/Content/EngineMaterials/Substrate/GLints/dict_16_192_64_0p5_0p02_0051_0013.uasset" 5669
"../../../Engine/Content/EngineMaterials/Substrate/GLints/dict_16_192_64_0p5_0p02_0054_0001.uasset" 5670
"../../../Engine/Content/EngineMaterials/Substrate/GLints/dict_16_192_64_0p5_0p02_0024_0012.uasset" 5671
"../../../Engine/Content/EngineMaterials/Substrate/GLints/dict_16_192_64_0p5_0p02_0038_0015.uasset" 5672
"../../../Engine/Content/EngineMaterials/Substrate/GLints/dict_16_192_64_0p5_0p02_0018_0001.uasset" 5673
"../../../Engine/Content/EngineMaterials/Substrate/GLints/dict_16_192_64_0p5_0p02_0034_0010.uasset" 5674
"../../../Engine/Content/EngineMaterials/Substrate/GLints/dict_16_192_64_0p5_0p02_0005_0000.uasset" 5675
"../../../Engine/Content/EngineMaterials/Substrate/GLints/dict_16_192_64_0p5_0p02_0008_0012.uasset" 5676
"../../../Engine/Content/EngineMaterials/Substrate/GLints/dict_16_192_64_0p5_0p02_0029_0011.uasset" 5677
"../../../Engine/Content/EngineMaterials/Substrate/GLints/dict_16_192_64_0p5_0p02_0054_0003.uasset" 5678
"../../../Engine/Content/EngineMaterials/Substrate/GLints/dict_16_192_64_0p5_0p02_0012_0007.uasset" 5679
"../../../Engine/Content/EngineMaterials/Substrate/GLints/dict_16_192_64_0p5_0p02_0054_0010.uasset" 5680
"../../../Engine/Content/EngineMaterials/Substrate/GLints/dict_16_192_64_0p5_0p02_0029_0000.uasset" 5681
"../../../Engine/Content/EngineMaterials/Substrate/GLints/dict_16_192_64_0p5_0p02_0051_0006.uasset" 5682
"../../../Engine/Content/EngineMaterials/Substrate/GLints/dict_16_192_64_0p5_0p02_0021_0003.uasset" 5683
"../../../Engine/Content/EngineMaterials/Substrate/GLints/dict_16_192_64_0p5_0p02_0040_0000.uasset" 5684
"../../../Engine/Content/EngineMaterials/Substrate/GLints/dict_16_192_64_0p5_0p02_0063_0010.uasset" 5685
"../../../Engine/Content/EngineMaterials/Substrate/GLints/dict_16_192_64_0p5_0p02_0030_0008.uasset" 5686
"../../../Engine/Content/EngineMaterials/Substrate/GLints/dict_16_192_64_0p5_0p02_0020_0010.uasset" 5687
"../../../Engine/Content/EngineMaterials/Substrate/GLints/dict_16_192_64_0p5_0p02_0038_0006.uasset" 5688
"C:/Users/nguye/AppData/Local/UnrealEngine/Common/DerivedDataCache/Buckets/LegacyTEXTURE/f1/5c/e0673bbd3e754fdcde189e50dadbd6b965ab.udd" 5689
"../../../Engine/Content/EngineMaterials/Substrate/GLints/dict_16_192_64_0p5_0p02_0003_0010.uasset" 5690
"../../../Engine/Content/EngineMaterials/Substrate/GLints/dict_16_192_64_0p5_0p02_0047_0001.uasset" 5691
"../../../Engine/Content/EngineMaterials/Substrate/GLints/dict_16_192_64_0p5_0p02_0011_0014.uasset" 5692
"C:/Users/nguye/AppData/Local/UnrealEngine/Common/DerivedDataCache/Buckets/LegacyTEXTURE/25/27/e2812c21568395b2fceed05ccfc92e2c3fbb.udd" 5693
"../../../Engine/Content/EngineMaterials/Substrate/GLints/dict_16_192_64_0p5_0p02_0060_0008.uasset" 5694
"../../../Engine/Content/EngineMaterials/Substrate/GLints/dict_16_192_64_0p5_0p02_0024_0013.uasset" 5695
"../../../Engine/Content/EngineMaterials/Substrate/GLints/dict_16_192_64_0p5_0p02_0048_0007.uasset" 5696
"../../../Engine/Content/EngineMaterials/Substrate/GLints/dict_16_192_64_0p5_0p02_0017_0011.uasset" 5697
"../../../Engine/Content/EngineMaterials/Substrate/GLints/dict_16_192_64_0p5_0p02_0037_0013.uasset" 5698
"../../../Engine/Content/EngineMaterials/Substrate/GLints/dict_16_192_64_0p5_0p02_0038_0000.uasset" 5699
"../../../Engine/Content/EngineMaterials/Substrate/GLints/dict_16_192_64_0p5_0p02_0061_0003.uasset" 5700
"../../../Engine/Content/EngineMaterials/Substrate/GLints/dict_16_192_64_0p5_0p02_0062_0000.uasset" 5701
"../../../Engine/Content/EngineMaterials/Substrate/GLints/dict_16_192_64_0p5_0p02_0003_0011.uasset" 5702
"../../../Engine/Content/EngineMaterials/Substrate/GLints/dict_16_192_64_0p5_0p02_0050_0010.uasset" 5703
"../../../Engine/Content/EngineMaterials/Substrate/GLints/dict_16_192_64_0p5_0p02_0058_0011.uasset" 5704
"../../../Engine/Content/EngineMaterials/Substrate/GLints/dict_16_192_64_0p5_0p02_0014_0002.uasset" 5705
"../../../Engine/Content/EngineMaterials/Substrate/GLints/dict_16_192_64_0p5_0p02_0052_0010.uasset" 5706
"../../../Engine/Content/EngineMaterials/Substrate/GLints/dict_16_192_64_0p5_0p02_0027_0004.uasset" 5707
"../../../Engine/Content/EngineMaterials/Substrate/GLints/dict_16_192_64_0p5_0p02_0051_0010.uasset" 5708
"../../../Engine/Content/EngineMaterials/Substrate/GLints/dict_16_192_64_0p5_0p02_0037_0003.uasset" 5709
"../../../Engine/Content/EngineMaterials/Substrate/GLints/dict_16_192_64_0p5_0p02_0017_0007.uasset" 5710
"../../../Engine/Content/EngineMaterials/Substrate/GLints/dict_16_192_64_0p5_0p02_0037_0010.uasset" 5711
"../../../Engine/Content/EngineMaterials/Substrate/GLints/dict_16_192_64_0p5_0p02_0026_0013.uasset" 5712
"../../../Engine/Content/EngineMaterials/Substrate/GLints/dict_16_192_64_0p5_0p02_0032_0015.uasset" 5713
"../../../Engine/Content/EngineMaterials/Substrate/GLints/dict_16_192_64_0p5_0p02_0058_0001.uasset" 5714
"../../../Engine/Content/EngineMaterials/Substrate/GLints/dict_16_192_64_0p5_0p02_0018_0015.uasset" 5715
"../../../Engine/Content/EngineMaterials/Substrate/GLints/dict_16_192_64_0p5_0p02_0021_0000.uasset" 5716
"../../../Engine/Content/EngineMaterials/Substrate/GLints/dict_16_192_64_0p5_0p02_0028_0002.uasset" 5717
"../../../Engine/Content/EngineMaterials/Substrate/GLints/dict_16_192_64_0p5_0p02_0020_0005.uasset" 5718
"../../../Engine/Content/EngineMaterials/Substrate/GLints/dict_16_192_64_0p5_0p02_0001_0004.uasset" 5719
"../../../Engine/Content/EngineMaterials/Substrate/GLints/dict_16_192_64_0p5_0p02_0048_0010.uasset" 5720
"../../../Engine/Content/EngineMaterials/Substrate/GLints/dict_16_192_64_0p5_0p02_0043_0005.uasset" 5721
"../../../Engine/Content/EngineMaterials/Substrate/GLints/dict_16_192_64_0p5_0p02_0019_0001.uasset" 5722
"../../../Engine/Content/EngineMaterials/Substrate/GLints/dict_16_192_64_0p5_0p02_0002_0002.uasset" 5723
"../../../Engine/Content/EngineMaterials/Substrate/GLints/dict_16_192_64_0p5_0p02_0052_0014.uasset" 5724
"../../../Engine/Content/EngineMaterials/Substrate/GLints/dict_16_192_64_0p5_0p02_0052_0003.uasset" 5725
"../../../Engine/Content/EngineMaterials/Substrate/GLints/dict_16_192_64_0p5_0p02_0058_0013.uasset" 5726
"../../../Engine/Content/EngineMaterials/Substrate/GLints/dict_16_192_64_0p5_0p02_0027_0001.uasset" 5727
"../../../Engine/Content/EngineMaterials/Substrate/GLints/dict_16_192_64_0p5_0p02_0042_0001.uasset" 5728
"../../../Engine/Content/EngineMaterials/Substrate/GLints/dict_16_192_64_0p5_0p02_0055_0000.uasset" 5729
"../../../Engine/Content/EngineMaterials/Substrate/GLints/dict_16_192_64_0p5_0p02_0025_0001.uasset" 5730
"../../../Engine/Content/EngineMaterials/Substrate/GLints/dict_16_192_64_0p5_0p02_0063_0006.uasset" 5731
"../../../Engine/Content/EngineMaterials/Substrate/GLints/dict_16_192_64_0p5_0p02_0017_0012.uasset" 5732
"../../../Engine/Content/EngineMaterials/Substrate/GLints/dict_16_192_64_0p5_0p02_0019_0011.uasset" 5733
"../../../Engine/Content/EngineMaterials/Substrate/GLints/dict_16_192_64_0p5_0p02_0035_0006.uasset" 5734
"../../../Engine/Content/EngineMaterials/Substrate/GLints/dict_16_192_64_0p5_0p02_0036_0011.uasset" 5735
"../../../Engine/Content/EngineMaterials/Substrate/GLints/dict_16_192_64_0p5_0p02_0003_0005.uasset" 5736
"C:/Users/nguye/AppData/Local/UnrealEngine/Common/DerivedDataCache/Buckets/LegacyTEXTURE/73/a0/a31db7998f5fa8f05fc23519bd69ebc7c6e0.udd" 5737
"../../../Engine/Content/EngineMaterials/Substrate/GLints/dict_16_192_64_0p5_0p02_0060_0007.uasset" 5738
"../../../Engine/Content/EngineMaterials/Substrate/GLints/dict_16_192_64_0p5_0p02_0016_0003.uasset" 5739
"../../../Engine/Content/EngineMaterials/Substrate/GLints/dict_16_192_64_0p5_0p02_0016_0002.uasset" 5740
"../../../Engine/Content/EngineMaterials/Substrate/GLints/dict_16_192_64_0p5_0p02_0023_0003.uasset" 5741
"../../../Engine/Content/EngineMaterials/Substrate/GLints/dict_16_192_64_0p5_0p02_0046_0013.uasset" 5742
"../../../Engine/Content/EngineMaterials/Substrate/GLints/dict_16_192_64_0p5_0p02_0031_0002.uasset" 5743
"../../../Engine/Content/EngineMaterials/Substrate/GLints/dict_16_192_64_0p5_0p02_0022_0007.uasset" 5744
"../../../Engine/Content/EngineMaterials/Substrate/GLints/dict_16_192_64_0p5_0p02_0055_0002.uasset" 5745
"../../../Engine/Content/EngineMaterials/Substrate/GLints/dict_16_192_64_0p5_0p02_0033_0012.uasset" 5746
"../../../Engine/Content/EngineMaterials/Substrate/GLints/dict_16_192_64_0p5_0p02_0028_0007.uasset" 5747
"../../../Engine/Content/EngineMaterials/Substrate/GLints/dict_16_192_64_0p5_0p02_0026_0004.uasset" 5748
"../../../Engine/Content/EngineMaterials/Substrate/GLints/dict_16_192_64_0p5_0p02_0005_0015.uasset" 5749
"../../../Engine/Content/EngineMaterials/Substrate/GLints/dict_16_192_64_0p5_0p02_0043_0007.uasset" 5750
"../../../Engine/Content/EngineMaterials/Substrate/GLints/dict_16_192_64_0p5_0p02_0030_0007.uasset" 5751
"../../../Engine/Content/EngineMaterials/Substrate/GLints/dict_16_192_64_0p5_0p02_0060_0013.uasset" 5752
"../../../Engine/Content/EngineMaterials/Substrate/GLints/dict_16_192_64_0p5_0p02_0057_0012.uasset" 5753
"../../../Engine/Content/EngineMaterials/Substrate/GLints/dict_16_192_64_0p5_0p02_0028_0011.uasset" 5754
"../../../Engine/Content/EngineMaterials/Substrate/GLints/dict_16_192_64_0p5_0p02_0052_0002.uasset" 5755
"../../../Engine/Content/EngineMaterials/Substrate/GLints/dict_16_192_64_0p5_0p02_0059_0012.uasset" 5756
"../../../Engine/Content/EngineMaterials/Substrate/GLints/dict_16_192_64_0p5_0p02_0021_0008.uasset" 5757
"../../../Engine/Content/EngineMaterials/Substrate/GLints/dict_16_192_64_0p5_0p02_0049_0002.uasset" 5758
"../../../Engine/Content/EngineMaterials/Substrate/GLints/dict_16_192_64_0p5_0p02_0024_0001.uasset" 5759
"../../../Engine/Content/EngineMaterials/Substrate/GLints/dict_16_192_64_0p5_0p02_0058_0007.uasset" 5760
"../../../Engine/Content/EngineMaterials/Substrate/GLints/dict_16_192_64_0p5_0p02_0002_0000.uasset" 5761
"../../../Engine/Content/EngineMaterials/Substrate/GLints/dict_16_192_64_0p5_0p02_0042_0005.uasset" 5762
"../../../Engine/Content/EngineMaterials/Substrate/GLints/dict_16_192_64_0p5_0p02_0044_0007.uasset" 5763
"../../../Engine/Content/EngineMaterials/Substrate/GLints/dict_16_192_64_0p5_0p02_0029_0005.uasset" 5764
"../../../Engine/Content/EngineMaterials/Substrate/GLints/dict_16_192_64_0p5_0p02_0010_0015.uasset" 5765
"../../../Engine/Content/EngineMaterials/Substrate/GLints/dict_16_192_64_0p5_0p02_0014_0011.uasset" 5766
"../../../Engine/Content/EngineMaterials/Substrate/GLints/dict_16_192_64_0p5_0p02_0008_0001.uasset" 5767
"../../../Engine/Content/EngineMaterials/Substrate/GLints/dict_16_192_64_0p5_0p02_0038_0001.uasset" 5768
"C:/Users/nguye/AppData/Local/UnrealEngine/Common/DerivedDataCache/Buckets/LegacyTEXTURE/ed/1f/34f4314f98be1ca5fd895f6b1ead332a67ab.udd" 5769
"../../../Engine/Content/EngineMaterials/Substrate/GLints/dict_16_192_64_0p5_0p02_0018_0007.uasset" 5770
"../../../Engine/Content/EngineMaterials/Substrate/GLints/dict_16_192_64_0p5_0p02_0027_0006.uasset" 5771
"../../../Engine/Content/EngineMaterials/Substrate/GLints/dict_16_192_64_0p5_0p02_0014_0001.uasset" 5772
"../../../Engine/Content/EngineMaterials/Substrate/GLints/dict_16_192_64_0p5_0p02_0028_0006.uasset" 5773
"../../../Engine/Content/EngineMaterials/Substrate/GLints/dict_16_192_64_0p5_0p02_0048_0001.uasset" 5774
"../../../Engine/Content/EngineMaterials/Substrate/GLints/dict_16_192_64_0p5_0p02_0050_0009.uasset" 5775
"../../../Engine/Content/EngineMaterials/Substrate/GLints/dict_16_192_64_0p5_0p02_0002_0010.uasset" 5776
"../../../Engine/Content/EngineMaterials/Substrate/GLints/dict_16_192_64_0p5_0p02_0058_0008.uasset" 5777
"../../../Engine/Content/EngineMaterials/Substrate/GLints/dict_16_192_64_0p5_0p02_0051_0008.uasset" 5778
"../../../Engine/Content/EngineMaterials/Substrate/GLints/dict_16_192_64_0p5_0p02_0032_0007.uasset" 5779
"../../../Engine/Content/EngineMaterials/Substrate/GLints/dict_16_192_64_0p5_0p02_0001_0014.uasset" 5780
"../../../Engine/Content/EngineMaterials/Substrate/GLints/dict_16_192_64_0p5_0p02_0030_0001.uasset" 5781
"../../../Engine/Content/EngineMaterials/Substrate/GLints/dict_16_192_64_0p5_0p02_0046_0012.uasset" 5782
"../../../Engine/Content/EngineMaterials/Substrate/GLints/dict_16_192_64_0p5_0p02_0008_0009.uasset" 5783
"../../../Engine/Content/EngineMaterials/Substrate/GLints/dict_16_192_64_0p5_0p02_0023_0005.uasset" 5784
"../../../Engine/Content/EngineMaterials/Substrate/GLints/dict_16_192_64_0p5_0p02_0015_0015.uasset" 5785
"../../../Engine/Content/EngineMaterials/Substrate/GLints/dict_16_192_64_0p5_0p02_0044_0010.uasset" 5786
"../../../Engine/Content/EngineMaterials/Substrate/GLints/dict_16_192_64_0p5_0p02_0062_0008.uasset" 5787
"../../../Engine/Content/EngineMaterials/Substrate/GLints/dict_16_192_64_0p5_0p02_0060_0010.uasset" 5788
"../../../Engine/Content/EngineMaterials/Substrate/GLints/dict_16_192_64_0p5_0p02_0036_0005.uasset" 5789
"../../../Engine/Content/EngineMaterials/Substrate/GLints/dict_16_192_64_0p5_0p02_0022_0001.uasset" 5790
"../../../Engine/Content/EngineMaterials/Substrate/GLints/dict_16_192_64_0p5_0p02_0000_0000.uasset" 5791
"../../../Engine/Content/EngineMaterials/Substrate/GLints/dict_16_192_64_0p5_0p02_0034_0008.uasset" 5792
"../../../Engine/Content/EngineMaterials/Substrate/GLints/dict_16_192_64_0p5_0p02_0002_0005.uasset" 5793
"../../../Engine/Content/EngineMaterials/Substrate/GLints/dict_16_192_64_0p5_0p02_0043_0001.uasset" 5794
"../../../Engine/Content/EngineMaterials/Substrate/GLints/dict_16_192_64_0p5_0p02_0035_0002.uasset" 5795
"../../../Engine/Content/EngineMaterials/Substrate/GLints/dict_16_192_64_0p5_0p02_0026_0006.uasset" 5796
"../../../Engine/Content/EngineMaterials/Substrate/GLints/dict_16_192_64_0p5_0p02_0028_0009.uasset" 5797
"../../../Engine/Content/EngineMaterials/Substrate/GLints/dict_16_192_64_0p5_0p02_0041_0008.uasset" 5798
"../../../Engine/Content/EngineMaterials/Substrate/GLints/dict_16_192_64_0p5_0p02_0015_0000.uasset" 5799
"../../../Engine/Content/EngineMaterials/Substrate/GLints/dict_16_192_64_0p5_0p02_0046_0008.uasset" 5800
"../../../Engine/Content/EngineMaterials/Substrate/GLints/dict_16_192_64_0p5_0p02_0049_0007.uasset" 5801
"../../../Engine/Content/EngineMaterials/Substrate/GLints/dict_16_192_64_0p5_0p02_0052_0012.uasset" 5802
"../../../Engine/Content/EngineMaterials/Substrate/GLints/dict_16_192_64_0p5_0p02_0023_0012.uasset" 5803
"../../../Engine/Content/EngineMaterials/Substrate/GLints/dict_16_192_64_0p5_0p02_0021_0010.uasset" 5804
"../../../Engine/Content/EngineMaterials/Substrate/GLints/dict_16_192_64_0p5_0p02_0005_0007.uasset" 5805
"../../../Engine/Content/EngineMaterials/Substrate/GLints/dict_16_192_64_0p5_0p02_0040_0011.uasset" 5806
"../../../Engine/Content/EngineMaterials/Substrate/GLints/dict_16_192_64_0p5_0p02_0019_0003.uasset" 5807
"C:/Users/nguye/AppData/Local/UnrealEngine/Common/DerivedDataCache/Buckets/LegacyTEXTURE/84/0d/b6e75dd1993e24559b67a873cf84d0a0e18f.udd" 5808
"../../../Engine/Content/EngineMaterials/Substrate/GLints/dict_16_192_64_0p5_0p02_0032_0009.uasset" 5809
"../../../Engine/Content/EngineMaterials/Substrate/GLints/dict_16_192_64_0p5_0p02_0008_0003.uasset" 5810
"../../../Engine/Content/EngineMaterials/Substrate/GLints/dict_16_192_64_0p5_0p02_0017_0003.uasset" 5811
"../../../Engine/Content/EngineMaterials/Substrate/GLints/dict_16_192_64_0p5_0p02_0037_0007.uasset" 5812
"../../../Engine/Content/EngineMaterials/Substrate/GLints/dict_16_192_64_0p5_0p02_0018_0009.uasset" 5813
"../../../Engine/Content/EngineMaterials/Substrate/GLints/dict_16_192_64_0p5_0p02_0022_0013.uasset" 5814
"../../../Engine/Content/EngineMaterials/Substrate/GLints/dict_16_192_64_0p5_0p02_0034_0004.uasset" 5815
"C:/Users/nguye/AppData/Local/UnrealEngine/Common/DerivedDataCache/Buckets/LegacyTEXTURE/ee/e2/311aba2a23670de8e16328591e9afa27adee.udd" 5816
"../../../Engine/Content/EngineMaterials/Substrate/GLints/dict_16_192_64_0p5_0p02_0051_0009.uasset" 5817
"../../../Engine/Content/EngineMaterials/Substrate/GLints/dict_16_192_64_0p5_0p02_0047_0013.uasset" 5818
"../../../Engine/Content/EngineMaterials/Substrate/GLints/dict_16_192_64_0p5_0p02_0061_0009.uasset" 5819
"C:/Users/nguye/AppData/Local/UnrealEngine/Common/DerivedDataCache/Buckets/LegacyTEXTURE/43/00/74bc716c446adf80088207f27a2b4a3f1850.udd" 5820
"../../../Engine/Content/EngineMaterials/Substrate/GLints/dict_16_192_64_0p5_0p02_0046_0007.uasset" 5821
"../../../Engine/Content/EngineMaterials/Substrate/GLints/dict_16_192_64_0p5_0p02_0037_0001.uasset" 5822
"../../../Engine/Content/EngineMaterials/Substrate/GLints/dict_16_192_64_0p5_0p02_0038_0013.uasset" 5823
"../../../Engine/Content/EngineMaterials/Substrate/GLints/dict_16_192_64_0p5_0p02_0031_0001.uasset" 5824
"../../../Engine/Content/EngineMaterials/Substrate/GLints/dict_16_192_64_0p5_0p02_0063_0002.uasset" 5825
"../../../Engine/Content/EngineMaterials/Substrate/GLints/dict_16_192_64_0p5_0p02_0051_0000.uasset" 5826
"C:/Users/nguye/AppData/Local/UnrealEngine/Common/DerivedDataCache/Buckets/LegacyTEXTURE/2e/96/f6dba7f2825e7ae192dea3998fe04d77e7d9.udd" 5827
"../../../Engine/Content/EngineMaterials/Substrate/GLints/dict_16_192_64_0p5_0p02_0004_0003.uasset" 5828
"../../../Engine/Content/EngineMaterials/Substrate/GLints/dict_16_192_64_0p5_0p02_0062_0013.uasset" 5829
"../../../Engine/Content/EngineMaterials/Substrate/GLints/dict_16_192_64_0p5_0p02_0021_0001.uasset" 5830
"../../../Engine/Content/EngineMaterials/Substrate/GLints/dict_16_192_64_0p5_0p02_0056_0000.uasset" 5831
"../../../Engine/Content/EngineMaterials/Substrate/GLints/dict_16_192_64_0p5_0p02_0053_0003.uasset" 5832
"../../../Engine/Content/EngineMaterials/Substrate/GLints/dict_16_192_64_0p5_0p02_0041_0014.uasset" 5833
"../../../Engine/Content/EngineMaterials/Substrate/GLints/dict_16_192_64_0p5_0p02_0047_0014.uasset" 5834
"../../../Engine/Content/EngineMaterials/Substrate/GLints/dict_16_192_64_0p5_0p02_0000_0013.uasset" 5835
"../../../Engine/Content/EngineMaterials/Substrate/GLints/dict_16_192_64_0p5_0p02_0022_0012.uasset" 5836
"../../../Engine/Content/EngineMaterials/Substrate/GLints/dict_16_192_64_0p5_0p02_0051_0012.uasset" 5837
"../../../Engine/Content/EngineMaterials/Substrate/GLints/dict_16_192_64_0p5_0p02_0062_0007.uasset" 5838
"../../../Engine/Content/EngineMaterials/Substrate/GLints/dict_16_192_64_0p5_0p02_0045_0006.uasset" 5839
"../../../Engine/Content/EngineMaterials/Substrate/GLints/dict_16_192_64_0p5_0p02_0005_0008.uasset" 5840
"../../../Engine/Content/EngineMaterials/Substrate/GLints/dict_16_192_64_0p5_0p02_0056_0010.uasset" 5841
"../../../Engine/Content/EngineMaterials/Substrate/GLints/dict_16_192_64_0p5_0p02_0019_0010.uasset" 5842
"../../../Engine/Content/EngineMaterials/Substrate/GLints/dict_16_192_64_0p5_0p02_0055_0001.uasset" 5843
"../../../Engine/Content/EngineMaterials/Substrate/GLints/dict_16_192_64_0p5_0p02_0022_0008.uasset" 5844
"../../../Engine/Content/EngineMaterials/Substrate/GLints/dict_16_192_64_0p5_0p02_0057_0002.uasset" 5845
"../../../Engine/Content/EngineMaterials/Substrate/GLints/dict_16_192_64_0p5_0p02_0004_0010.uasset" 5846
"../../../Engine/Content/EngineMaterials/Substrate/GLints/dict_16_192_64_0p5_0p02_0020_0006.uasset" 5847
"../../../Engine/Content/EngineMaterials/Substrate/GLints/dict_16_192_64_0p5_0p02_0039_0015.uasset" 5848
"../../../Engine/Content/EngineMaterials/Substrate/GLints/dict_16_192_64_0p5_0p02_0016_0013.uasset" 5849
"../../../Engine/Content/EngineMaterials/Substrate/GLints/dict_16_192_64_0p5_0p02_0030_0012.uasset" 5850
"../../../Engine/Content/EngineMaterials/Substrate/GLints/dict_16_192_64_0p5_0p02_0009_0002.uasset" 5851
"../../../Engine/Content/EngineMaterials/Substrate/GLints/dict_16_192_64_0p5_0p02_0003_0002.uasset" 5852
"../../../Engine/Content/EngineMaterials/Substrate/GLints/dict_16_192_64_0p5_0p02_0039_0004.uasset" 5853
"../../../Engine/Content/EngineMaterials/Substrate/GLints/dict_16_192_64_0p5_0p02_0045_0007.uasset" 5854
"../../../Engine/Content/EngineMaterials/Substrate/GLints/dict_16_192_64_0p5_0p02_0044_0002.uasset" 5855
"../../../Engine/Content/EngineMaterials/Substrate/GLints/dict_16_192_64_0p5_0p02_0050_0005.uasset" 5856
"../../../Engine/Content/EngineMaterials/Substrate/GLints/dict_16_192_64_0p5_0p02_0032_0000.uasset" 5857
"../../../Engine/Content/EngineMaterials/Substrate/GLints/dict_16_192_64_0p5_0p02_0018_0013.uasset" 5858
"../../../Engine/Content/EngineMaterials/Substrate/GLints/dict_16_192_64_0p5_0p02_0040_0015.uasset" 5859
"../../../Engine/Content/EngineMaterials/Substrate/GLints/dict_16_192_64_0p5_0p02_0033_0010.uasset" 5860
"../../../Engine/Content/EngineMaterials/Substrate/GLints/dict_16_192_64_0p5_0p02_0055_0008.uasset" 5861
"../../../Engine/Content/EngineMaterials/Substrate/GLints/dict_16_192_64_0p5_0p02_0000_0014.uasset" 5862
"../../../Engine/Content/EngineMaterials/Substrate/GLints/dict_16_192_64_0p5_0p02_0004_0015.uasset" 5863
"../../../Engine/Content/EngineMaterials/Substrate/GLints/dict_16_192_64_0p5_0p02_0041_0011.uasset" 5864
"../../../Engine/Content/EngineMaterials/Substrate/GLints/dict_16_192_64_0p5_0p02_0062_0004.uasset" 5865
"../../../Engine/Content/EngineMaterials/Substrate/GLints/dict_16_192_64_0p5_0p02_0048_0014.uasset" 5866
"../../../Engine/Content/EngineMaterials/Substrate/GLints/dict_16_192_64_0p5_0p02_0053_0009.uasset" 5867
"../../../Engine/Content/EngineMaterials/Substrate/GLints/dict_16_192_64_0p5_0p02_0050_0011.uasset" 5868
"../../../Engine/Content/EngineMaterials/Substrate/GLints/dict_16_192_64_0p5_0p02_0030_0004.uasset" 5869
"../../../Engine/Content/EngineMaterials/Substrate/GLints/dict_16_192_64_0p5_0p02_0030_0002.uasset" 5870
"../../../Engine/Content/EngineMaterials/Substrate/GLints/dict_16_192_64_0p5_0p02_0055_0009.uasset" 5871
"../../../Engine/Content/EngineMaterials/Substrate/GLints/dict_16_192_64_0p5_0p02_0038_0003.uasset" 5872
"../../../Engine/Content/EngineMaterials/Substrate/GLints/dict_16_192_64_0p5_0p02_0035_0011.uasset" 5873
"../../../Engine/Content/EngineMaterials/Substrate/GLints/dict_16_192_64_0p5_0p02_0014_0003.uasset" 5874
"../../../Engine/Content/EngineMaterials/Substrate/GLints/dict_16_192_64_0p5_0p02_0053_0008.uasset" 5875
"../../../Engine/Content/EngineMaterials/Substrate/GLints/dict_16_192_64_0p5_0p02_0013_0000.uasset" 5876
"../../../Engine/Content/EngineMaterials/Substrate/GLints/dict_16_192_64_0p5_0p02_0026_0015.uasset" 5877
"../../../Engine/Content/EngineMaterials/Substrate/GLints/dict_16_192_64_0p5_0p02_0060_0014.uasset" 5878
"../../../Engine/Content/EngineMaterials/Substrate/GLints/dict_16_192_64_0p5_0p02_0032_0008.uasset" 5879
"../../../Engine/Content/EngineMaterials/Substrate/GLints/dict_16_192_64_0p5_0p02_0015_0010.uasset" 5880
"../../../Engine/Content/EngineMaterials/Substrate/GLints/dict_16_192_64_0p5_0p02_0009_0010.uasset" 5881
"../../../Engine/Content/EngineMaterials/Substrate/GLints/dict_16_192_64_0p5_0p02_0007_0010.uasset" 5882
"../../../Engine/Content/EngineMaterials/Substrate/GLints/dict_16_192_64_0p5_0p02_0054_0014.uasset" 5883
"../../../Engine/Content/EngineMaterials/Substrate/GLints/dict_16_192_64_0p5_0p02_0044_0015.uasset" 5884
"../../../Engine/Content/EngineMaterials/Substrate/GLints/dict_16_192_64_0p5_0p02_0031_0007.uasset" 5885
"../../../Engine/Content/EngineMaterials/Substrate/GLints/dict_16_192_64_0p5_0p02_0044_0009.uasset" 5886
"../../../Engine/Content/EngineMaterials/Substrate/GLints/dict_16_192_64_0p5_0p02_0021_0013.uasset" 5887
"../../../Engine/Content/EngineMaterials/Substrate/GLints/dict_16_192_64_0p5_0p02_0034_0013.uasset" 5888
"../../../Engine/Content/EngineMaterials/Substrate/GLints/dict_16_192_64_0p5_0p02_0003_0012.uasset" 5889
"../../../Engine/Content/EngineMaterials/Substrate/GLints/dict_16_192_64_0p5_0p02_0006_0010.uasset" 5890
"../../../Engine/Content/EngineMaterials/Substrate/GLints/dict_16_192_64_0p5_0p02_0036_0009.uasset" 5891
"../../../Engine/Content/EngineMaterials/Substrate/GLints/dict_16_192_64_0p5_0p02_0021_0009.uasset" 5892
"../../../Engine/Content/EngineMaterials/Substrate/GLints/dict_16_192_64_0p5_0p02_0044_0006.uasset" 5893
"../../../Engine/Content/EngineMaterials/Substrate/GLints/dict_16_192_64_0p5_0p02_0016_0001.uasset" 5894
"../../../Engine/Content/EngineMaterials/Substrate/GLints/dict_16_192_64_0p5_0p02_0026_0001.uasset" 5895
"../../../Engine/Content/EngineMaterials/Substrate/GLints/dict_16_192_64_0p5_0p02_0037_0014.uasset" 5896
"../../../Engine/Content/EngineMaterials/Substrate/GLints/dict_16_192_64_0p5_0p02_0059_0006.uasset" 5897
"../../../Engine/Content/EngineMaterials/Substrate/GLints/dict_16_192_64_0p5_0p02_0042_0015.uasset" 5898
"../../../Engine/Content/EngineMaterials/Substrate/GLints/dict_16_192_64_0p5_0p02_0009_0000.uasset" 5899
"../../../Engine/Content/EngineMaterials/Substrate/GLints/dict_16_192_64_0p5_0p02_0021_0007.uasset" 5900
"../../../Engine/Content/EngineMaterials/Substrate/GLints/dict_16_192_64_0p5_0p02_0042_0010.uasset" 5901
"../../../Engine/Content/EngineMaterials/Substrate/GLints/dict_16_192_64_0p5_0p02_0027_0012.uasset" 5902
"../../../Engine/Content/EngineMaterials/Substrate/GLints/dict_16_192_64_0p5_0p02_0014_0013.uasset" 5903
"../../../Engine/Content/EngineMaterials/Substrate/GLints/dict_16_192_64_0p5_0p02_0031_0012.uasset" 5904
"../../../Engine/Content/EngineMaterials/Substrate/GLints/dict_16_192_64_0p5_0p02_0002_0009.uasset" 5905
"../../../Engine/Content/EngineMaterials/Substrate/GLints/dict_16_192_64_0p5_0p02_0037_0008.uasset" 5906
"../../../Engine/Content/EngineMaterials/Substrate/GLints/dict_16_192_64_0p5_0p02_0048_0009.uasset" 5907
"../../../Engine/Content/EngineMaterials/Substrate/GLints/dict_16_192_64_0p5_0p02_0013_0006.uasset" 5908
"../../../Engine/Content/EngineMaterials/Substrate/GLints/dict_16_192_64_0p5_0p02_0018_0005.uasset" 5909
"../../../Engine/Content/EngineMaterials/Substrate/GLints/dict_16_192_64_0p5_0p02_0053_0011.uasset" 5910
"../../../Engine/Content/EngineMaterials/Substrate/GLints/dict_16_192_64_0p5_0p02_0040_0010.uasset" 5911
"../../../Engine/Content/EngineMaterials/Substrate/GLints/dict_16_192_64_0p5_0p02_0002_0014.uasset" 5912
"../../../Engine/Content/EngineMaterials/Substrate/GLints/dict_16_192_64_0p5_0p02_0045_0001.uasset" 5913
"C:/Users/nguye/AppData/Local/UnrealEngine/Common/DerivedDataCache/Buckets/LegacyTEXTURE/fe/7f/45da3c82659fe0f8b472dfc96235e06b49d8.udd" 5914
"../../../Engine/Content/EngineMaterials/Substrate/GLints/dict_16_192_64_0p5_0p02_0027_0009.uasset" 5915
"../../../Engine/Content/EngineMaterials/Substrate/GLints/dict_16_192_64_0p5_0p02_0011_0009.uasset" 5916
"../../../Engine/Content/EngineMaterials/Substrate/GLints/dict_16_192_64_0p5_0p02_0050_0012.uasset" 5917
"../../../Engine/Content/EngineMaterials/Substrate/GLints/dict_16_192_64_0p5_0p02_0054_0009.uasset" 5918
"../../../Engine/Content/EngineMaterials/Substrate/GLints/dict_16_192_64_0p5_0p02_0009_0006.uasset" 5919
"../../../Engine/Content/EngineMaterials/Substrate/GLints/dict_16_192_64_0p5_0p02_0048_0012.uasset" 5920
"../../../Engine/Content/EngineMaterials/Substrate/GLints/dict_16_192_64_0p5_0p02_0042_0011.uasset" 5921
"../../../Engine/Content/EngineMaterials/Substrate/GLints/dict_16_192_64_0p5_0p02_0020_0000.uasset" 5922
"../../../Engine/Content/EngineMaterials/Substrate/GLints/dict_16_192_64_0p5_0p02_0009_0001.uasset" 5923
"../../../Engine/Content/EngineMaterials/Substrate/GLints/dict_16_192_64_0p5_0p02_0010_0007.uasset" 5924
"../../../Engine/Content/EngineMaterials/Substrate/GLints/dict_16_192_64_0p5_0p02_0019_0006.uasset" 5925
"../../../Engine/Content/EngineMaterials/Substrate/GLints/dict_16_192_64_0p5_0p02_0037_0004.uasset" 5926
"../../../Engine/Content/EngineMaterials/Substrate/GLints/dict_16_192_64_0p5_0p02_0029_0015.uasset" 5927
"../../../Engine/Content/EngineMaterials/Substrate/GLints/dict_16_192_64_0p5_0p02_0000_0008.uasset" 5928
"../../../Engine/Content/EngineMaterials/Substrate/GLints/dict_16_192_64_0p5_0p02_0022_0015.uasset" 5929
"../../../Engine/Content/EngineMaterials/Substrate/GLints/dict_16_192_64_0p5_0p02_0051_0002.uasset" 5930
"../../../Engine/Content/EngineMaterials/Substrate/GLints/dict_16_192_64_0p5_0p02_0007_0000.uasset" 5931
"../../../Engine/Content/EngineMaterials/Substrate/GLints/dict_16_192_64_0p5_0p02_0011_0015.uasset" 5932
"../../../Engine/Content/EngineMaterials/Substrate/GLints/dict_16_192_64_0p5_0p02_0035_0007.uasset" 5933
"../../../Engine/Content/EngineMaterials/Substrate/GLints/dict_16_192_64_0p5_0p02_0036_0014.uasset" 5934
"../../../Engine/Content/EngineMaterials/Substrate/GLints/dict_16_192_64_0p5_0p02_0033_0004.uasset" 5935
"../../../Engine/Content/EngineMaterials/Substrate/GLints/dict_16_192_64_0p5_0p02_0033_0002.uasset" 5936
"../../../Engine/Content/EngineMaterials/Substrate/GLints/dict_16_192_64_0p5_0p02_0029_0002.uasset" 5937
"../../../Engine/Content/EngineMaterials/Substrate/GLints/dict_16_192_64_0p5_0p02_0001_0007.uasset" 5938
"../../../Engine/Content/EngineMaterials/Substrate/GLints/dict_16_192_64_0p5_0p02_0055_0013.uasset" 5939
"../../../Engine/Content/EngineMaterials/Substrate/GLints/dict_16_192_64_0p5_0p02_0011_0003.uasset" 5940
"../../../Engine/Content/EngineMaterials/Substrate/GLints/dict_16_192_64_0p5_0p02_0052_0008.uasset" 5941
"../../../Engine/Content/EngineMaterials/Substrate/GLints/dict_16_192_64_0p5_0p02_0037_0009.uasset" 5942
"../../../Engine/Content/EngineMaterials/Substrate/GLints/dict_16_192_64_0p5_0p02_0000_0005.uasset" 5943
"../../../Engine/Content/EngineMaterials/Substrate/GLints/dict_16_192_64_0p5_0p02_0009_0011.uasset" 5944
"../../../Engine/Content/EngineMaterials/Substrate/GLints/dict_16_192_64_0p5_0p02_0028_0004.uasset" 5945
"../../../Engine/Content/EngineMaterials/Substrate/GLints/dict_16_192_64_0p5_0p02_0001_0010.uasset" 5946
"../../../Engine/Content/EngineMaterials/Substrate/GLints/dict_16_192_64_0p5_0p02_0057_0015.uasset" 5947
"../../../Engine/Content/EngineMaterials/Substrate/GLints/dict_16_192_64_0p5_0p02_0032_0003.uasset" 5948
"../../../Engine/Content/EngineMaterials/Substrate/GLints/dict_16_192_64_0p5_0p02_0009_0008.uasset" 5949
"../../../Engine/Content/EngineMaterials/Substrate/GLints/dict_16_192_64_0p5_0p02_0047_0007.uasset" 5950
"../../../Engine/Content/EngineMaterials/Substrate/GLints/dict_16_192_64_0p5_0p02_0055_0012.uasset" 5951
"../../../Engine/Content/EngineMaterials/Substrate/GLints/dict_16_192_64_0p5_0p02_0019_0009.uasset" 5952
"../../../Engine/Content/EngineMaterials/Substrate/GLints/dict_16_192_64_0p5_0p02_0027_0013.uasset" 5953
"../../../Engine/Content/EngineMaterials/Substrate/GLints/dict_16_192_64_0p5_0p02_0052_0009.uasset" 5954
"../../../Engine/Content/EngineMaterials/Substrate/GLints/dict_16_192_64_0p5_0p02_0059_0005.uasset" 5955
"../../../Engine/Content/EngineMaterials/Substrate/GLints/dict_16_192_64_0p5_0p02_0034_0012.uasset" 5956
"../../../Engine/Content/EngineMaterials/Substrate/GLints/dict_16_192_64_0p5_0p02_0010_0005.uasset" 5957
"../../../Engine/Content/EngineMaterials/Substrate/GLints/dict_16_192_64_0p5_0p02_0039_0009.uasset" 5958
"../../../Engine/Content/EngineMaterials/Substrate/GLints/dict_16_192_64_0p5_0p02_0037_0011.uasset" 5959
"../../../Engine/Content/EngineMaterials/Substrate/GLints/dict_16_192_64_0p5_0p02_0008_0000.uasset" 5960
"../../../Engine/Content/EngineMaterials/Substrate/GLints/dict_16_192_64_0p5_0p02_0005_0013.uasset" 5961
"../../../Engine/Content/EngineMaterials/Substrate/GLints/dict_16_192_64_0p5_0p02_0038_0012.uasset" 5962
"../../../Engine/Content/EngineMaterials/Substrate/GLints/dict_16_192_64_0p5_0p02_0058_0015.uasset" 5963
"../../../Engine/Content/EngineMaterials/Substrate/GLints/dict_16_192_64_0p5_0p02_0037_0006.uasset" 5964
"../../../Engine/Content/EngineMaterials/Substrate/GLints/dict_16_192_64_0p5_0p02_0013_0010.uasset" 5965
"../../../Engine/Content/EngineMaterials/Substrate/GLints/dict_16_192_64_0p5_0p02_0003_0004.uasset" 5966
"../../../Engine/Content/EngineMaterials/Substrate/GLints/dict_16_192_64_0p5_0p02_0062_0003.uasset" 5967
"../../../Engine/Content/EngineMaterials/Substrate/GLints/dict_16_192_64_0p5_0p02_0040_0002.uasset" 5968
"../../../Engine/Content/EngineMaterials/Substrate/GLints/dict_16_192_64_0p5_0p02_0059_0002.uasset" 5969
"../../../Engine/Content/EngineMaterials/Substrate/GLints/dict_16_192_64_0p5_0p02_0038_0011.uasset" 5970
"../../../Engine/Content/EngineMaterials/Substrate/GLints/dict_16_192_64_0p5_0p02_0012_0012.uasset" 5971
"../../../Engine/Content/EngineMaterials/Substrate/GLints/dict_16_192_64_0p5_0p02_0007_0001.uasset" 5972
"../../../Engine/Content/EngineMaterials/Substrate/GLints/dict_16_192_64_0p5_0p02_0058_0006.uasset" 5973
"../../../Engine/Content/EngineMaterials/Substrate/GLints/dict_16_192_64_0p5_0p02_0040_0014.uasset" 5974
"../../../Engine/Content/EngineMaterials/Substrate/GLints/dict_16_192_64_0p5_0p02_0059_0013.uasset" 5975
"../../../Engine/Content/EngineMaterials/Substrate/GLints/dict_16_192_64_0p5_0p02_0037_0012.uasset" 5976
"../../../Engine/Content/EngineMaterials/Substrate/GLints/dict_16_192_64_0p5_0p02_0005_0014.uasset" 5977
"../../../Engine/Content/EngineMaterials/Substrate/GLints/dict_16_192_64_0p5_0p02_0060_0002.uasset" 5978
"../../../Engine/Content/EngineMaterials/Substrate/GLints/dict_16_192_64_0p5_0p02_0040_0008.uasset" 5979
"../../../Engine/Content/EngineMaterials/Substrate/GLints/dict_16_192_64_0p5_0p02_0050_0015.uasset" 5980
"../../../Engine/Content/EngineMaterials/Substrate/GLints/dict_16_192_64_0p5_0p02_0026_0008.uasset" 5981
"../../../Engine/Content/EngineMaterials/Substrate/GLints/dict_16_192_64_0p5_0p02_0008_0005.uasset" 5982
"../../../Engine/Content/EngineMaterials/Substrate/GLints/dict_16_192_64_0p5_0p02_0030_0011.uasset" 5983
"../../../Engine/Content/EngineMaterials/Substrate/GLints/dict_16_192_64_0p5_0p02_0048_0013.uasset" 5984
"../../../Engine/Content/EngineMaterials/Substrate/GLints/dict_16_192_64_0p5_0p02_0029_0012.uasset" 5985
"../../../Engine/Content/EngineMaterials/Substrate/GLints/dict_16_192_64_0p5_0p02_0041_0005.uasset" 5986
"../../../Engine/Content/EngineMaterials/Substrate/GLints/dict_16_192_64_0p5_0p02_0041_0002.uasset" 5987
"../../../Engine/Content/EngineMaterials/Substrate/GLints/dict_16_192_64_0p5_0p02_0047_0005.uasset" 5988
"../../../Engine/Content/EngineMaterials/Substrate/GLints/dict_16_192_64_0p5_0p02_0004_0006.uasset" 5989
"../../../Engine/Content/EngineMaterials/Substrate/GLints/dict_16_192_64_0p5_0p02_0049_0012.uasset" 5990
"../../../Engine/Content/EngineMaterials/Substrate/GLints/dict_16_192_64_0p5_0p02_0036_0007.uasset" 5991
"../../../Engine/Content/EngineMaterials/Substrate/GLints/dict_16_192_64_0p5_0p02_0001_0001.uasset" 5992
"../../../Engine/Content/EngineMaterials/Substrate/GLints/dict_16_192_64_0p5_0p02_0050_0002.uasset" 5993
"../../../Engine/Content/EngineMaterials/Substrate/GLints/dict_16_192_64_0p5_0p02_0011_0005.uasset" 5994
"../../../Engine/Content/EngineMaterials/Substrate/GLints/dict_16_192_64_0p5_0p02_0028_0013.uasset" 5995
"../../../Engine/Content/EngineMaterials/Substrate/GLints/dict_16_192_64_0p5_0p02_0018_0002.uasset" 5996
"../../../Engine/Content/EngineMaterials/Substrate/GLints/dict_16_192_64_0p5_0p02_0027_0014.uasset" 5997
"../../../Engine/Content/EngineMaterials/Substrate/GLints/dict_16_192_64_0p5_0p02_0041_0006.uasset" 5998
"../../../Engine/Content/EngineMaterials/Substrate/GLints/dict_16_192_64_0p5_0p02_0025_0006.uasset" 5999
"../../../Engine/Content/EngineMaterials/Substrate/GLints/dict_16_192_64_0p5_0p02_0021_0014.uasset" 6000
"../../../Engine/Content/EngineMaterials/Substrate/GLints/dict_16_192_64_0p5_0p02_0011_0000.uasset" 6001
"../../../Engine/Content/EngineMaterials/Substrate/GLints/dict_16_192_64_0p5_0p02_0004_0009.uasset" 6002
"../../../Engine/Content/EngineMaterials/Substrate/GLints/dict_16_192_64_0p5_0p02_0059_0010.uasset" 6003
"../../../Engine/Content/EngineMaterials/Substrate/GLints/dict_16_192_64_0p5_0p02_0020_0014.uasset" 6004
"../../../Engine/Content/EngineMaterials/Substrate/GLints/dict_16_192_64_0p5_0p02_0052_0007.uasset" 6005
"../../../Engine/Content/EngineMaterials/Substrate/GLints/dict_16_192_64_0p5_0p02_0031_0009.uasset" 6006
"../../../Engine/Content/EngineMaterials/Substrate/GLints/dict_16_192_64_0p5_0p02_0022_0003.uasset" 6007
"../../../Engine/Content/EngineMaterials/Substrate/GLints/dict_16_192_64_0p5_0p02_0059_0009.uasset" 6008
"../../../Engine/Content/EngineMaterials/Substrate/GLints/dict_16_192_64_0p5_0p02_0017_0013.uasset" 6009
"../../../Engine/Content/EngineMaterials/Substrate/GLints/dict_16_192_64_0p5_0p02_0013_0005.uasset" 6010
"../../../Engine/Content/EngineMaterials/Substrate/GLints/dict_16_192_64_0p5_0p02_0008_0002.uasset" 6011
"../../../Engine/Content/EngineMaterials/Substrate/GLints/dict_16_192_64_0p5_0p02_0032_0004.uasset" 6012
"../../../Engine/Content/EngineMaterials/Substrate/GLints/dict_16_192_64_0p5_0p02_0044_0001.uasset" 6013
"../../../Engine/Content/EngineMaterials/Substrate/GLints/dict_16_192_64_0p5_0p02_0033_0001.uasset" 6014
"../../../Engine/Content/EngineMaterials/Substrate/GLints/dict_16_192_64_0p5_0p02_0063_0013.uasset" 6015
"../../../Engine/Content/EngineMaterials/Substrate/GLints/dict_16_192_64_0p5_0p02_0023_0011.uasset" 6016
"../../../Engine/Content/EngineMaterials/Substrate/GLints/dict_16_192_64_0p5_0p02_0018_0011.uasset" 6017
"../../../Engine/Content/EngineMaterials/Substrate/GLints/dict_16_192_64_0p5_0p02_0063_0004.uasset" 6018
"../../../Engine/Content/EngineMaterials/Substrate/GLints/dict_16_192_64_0p5_0p02_0061_0005.uasset" 6019
"../../../Engine/Content/EngineMaterials/Substrate/GLints/dict_16_192_64_0p5_0p02_0007_0009.uasset" 6020
"../../../Engine/Content/EngineMaterials/Substrate/GLints/dict_16_192_64_0p5_0p02_0009_0012.uasset" 6021
"../../../Engine/Content/EngineMaterials/Substrate/GLints/dict_16_192_64_0p5_0p02_0038_0005.uasset" 6022
"../../../Engine/Content/EngineMaterials/Substrate/GLints/dict_16_192_64_0p5_0p02_0023_0015.uasset" 6023
"../../../Engine/Content/EngineMaterials/Substrate/GLints/dict_16_192_64_0p5_0p02_0024_0005.uasset" 6024
"../../../Engine/Content/EngineMaterials/Substrate/GLints/dict_16_192_64_0p5_0p02_0011_0001.uasset" 6025
"../../../Engine/Content/EngineMaterials/Substrate/GLints/dict_16_192_64_0p5_0p02_0000_0001.uasset" 6026
"../../../Engine/Content/EngineMaterials/Substrate/GLints/dict_16_192_64_0p5_0p02_0017_0014.uasset" 6027
"../../../Engine/Content/EngineMaterials/Substrate/GLints/dict_16_192_64_0p5_0p02_0036_0013.uasset" 6028
"../../../Engine/Content/EngineMaterials/Substrate/GLints/dict_16_192_64_0p5_0p02_0033_0007.uasset" 6029
"../../../Engine/Content/EngineMaterials/Substrate/GLints/dict_16_192_64_0p5_0p02_0006_0004.uasset" 6030
"../../../Engine/Content/EngineMaterials/Substrate/GLints/dict_16_192_64_0p5_0p02_0003_0006.uasset" 6031
"../../../Engine/Content/EngineMaterials/Substrate/GLints/dict_16_192_64_0p5_0p02_0062_0009.uasset" 6032
"../../../Engine/Content/EngineMaterials/Substrate/GLints/dict_16_192_64_0p5_0p02_0037_0000.uasset" 6033
"../../../Engine/Content/EngineMaterials/Substrate/GLints/dict_16_192_64_0p5_0p02_0019_0012.uasset" 6034
"../../../Engine/Content/EngineMaterials/Substrate/GLints/dict_16_192_64_0p5_0p02_0043_0003.uasset" 6035
"../../../Engine/Content/EngineMaterials/Substrate/GLints/dict_16_192_64_0p5_0p02_0058_0010.uasset" 6036
"../../../Engine/Content/EngineMaterials/Substrate/GLints/dict_16_192_64_0p5_0p02_0041_0004.uasset" 6037
"../../../Engine/Content/EngineMaterials/Substrate/GLints/dict_16_192_64_0p5_0p02_0025_0005.uasset" 6038
"../../../Engine/Content/EngineMaterials/Substrate/GLints/dict_16_192_64_0p5_0p02_0012_0013.uasset" 6039
"../../../Engine/Content/EngineMaterials/Substrate/GLints/dict_16_192_64_0p5_0p02_0027_0002.uasset" 6040
"../../../Engine/Content/EngineMaterials/Substrate/GLints/dict_16_192_64_0p5_0p02_0062_0002.uasset" 6041
"../../../Engine/Content/EngineMaterials/Substrate/GLints/dict_16_192_64_0p5_0p02_0047_0009.uasset" 6042
"C:/Users/nguye/AppData/Local/UnrealEngine/Common/DerivedDataCache/Buckets/LegacyTEXTURE/6a/15/6ca56f2241294c69179013d990c900d5f0f1.udd" 6043
"../../../Engine/Content/EngineMaterials/Substrate/GLints/dict_16_192_64_0p5_0p02_0040_0013.uasset" 6044
"C:/Users/nguye/AppData/Local/UnrealEngine/Common/DerivedDataCache/Buckets/LegacyTEXTURE/4c/fc/692175d8856ca87c304d2ede7e4ef6fef096.udd" 6045
"C:/Users/nguye/AppData/Local/UnrealEngine/Common/DerivedDataCache/Buckets/LegacyTEXTURE/0e/11/9c2b9520d013a8f680da381138b08ca538ee.udd" 6046
"../../../Engine/Content/EngineMaterials/Substrate/GLints/dict_16_192_64_0p5_0p02_0035_0012.uasset" 6047
"../../../Engine/Content/EngineMaterials/Substrate/GLints/dict_16_192_64_0p5_0p02_0024_0015.uasset" 6048
"../../../Engine/Content/EngineMaterials/Substrate/GLints/dict_16_192_64_0p5_0p02_0029_0013.uasset" 6049
"../../../Engine/Content/EngineMaterials/Substrate/GLints/dict_16_192_64_0p5_0p02_0025_0008.uasset" 6050
"../../../Engine/Content/EngineMaterials/Substrate/GLints/dict_16_192_64_0p5_0p02_0060_0012.uasset" 6051
"../../../Engine/Content/EngineMaterials/Substrate/GLints/dict_16_192_64_0p5_0p02_0016_0014.uasset" 6052
"../../../Engine/Content/EngineMaterials/Substrate/GLints/dict_16_192_64_0p5_0p02_0026_0007.uasset" 6053
"../../../Engine/Content/EngineMaterials/Substrate/GLints/dict_16_192_64_0p5_0p02_0024_0010.uasset" 6054
"../../../Engine/Content/EngineMaterials/Substrate/GLints/dict_16_192_64_0p5_0p02_0059_0007.uasset" 6055
"../../../Engine/Content/EngineMaterials/Substrate/GLints/dict_16_192_64_0p5_0p02_0050_0000.uasset" 6056
"../../../Engine/Content/EngineMaterials/Substrate/GLints/dict_16_192_64_0p5_0p02_0021_0002.uasset" 6057
"../../../Engine/Content/EngineMaterials/Substrate/GLints/dict_16_192_64_0p5_0p02_0062_0001.uasset" 6058
"../../../Engine/Content/EngineMaterials/Substrate/GLints/dict_16_192_64_0p5_0p02_0019_0004.uasset" 6059
"../../../Engine/Content/EngineMaterials/Substrate/GLints/dict_16_192_64_0p5_0p02_0054_0012.uasset" 6060
"../../../Engine/Content/EngineMaterials/Substrate/GLints/dict_16_192_64_0p5_0p02_0052_0000.uasset" 6061
"../../../Engine/Content/EngineMaterials/Substrate/GLints/dict_16_192_64_0p5_0p02_0031_0008.uasset" 6062
"../../../Engine/Content/EngineMaterials/Substrate/GLints/dict_16_192_64_0p5_0p02_0062_0012.uasset" 6063
"../../../Engine/Content/EngineMaterials/Substrate/GLints/dict_16_192_64_0p5_0p02_0062_0010.uasset" 6064
"../../../Engine/Content/EngineMaterials/Substrate/GLints/dict_16_192_64_0p5_0p02_0046_0015.uasset" 6065
"../../../Engine/Content/EngineMaterials/Substrate/GLints/dict_16_192_64_0p5_0p02_0062_0005.uasset" 6066
"C:/Users/nguye/AppData/Local/UnrealEngine/Common/DerivedDataCache/Buckets/LegacyTEXTURE/ea/00/2d9a1f4660568f3b3a6a7fe2b98ef90ccf6a.udd" 6067
"../../../Engine/Content/EngineMaterials/Substrate/GLints/dict_16_192_64_0p5_0p02_0009_0015.uasset" 6068
"../../../Engine/Content/EngineMaterials/Substrate/GLints/dict_16_192_64_0p5_0p02_0063_0015.uasset" 6069
"../../../Engine/Content/EngineMaterials/Substrate/GLints/dict_16_192_64_0p5_0p02_0048_0015.uasset" 6070
"../../../Engine/Content/EngineMaterials/Substrate/GLints/dict_16_192_64_0p5_0p02_0053_0010.uasset" 6071
"../../../Engine/Content/EngineMaterials/Substrate/GLints/dict_16_192_64_0p5_0p02_0010_0009.uasset" 6072
"../../../Engine/Content/EngineMaterials/Substrate/GLints/dict_16_192_64_0p5_0p02_0035_0003.uasset" 6073
"../../../Engine/Content/EngineMaterials/Substrate/GLints/dict_16_192_64_0p5_0p02_0043_0010.uasset" 6074
"../../../Engine/Content/EngineMaterials/Substrate/GLints/dict_16_192_64_0p5_0p02_0007_0005.uasset" 6075
"../../../Engine/Content/EngineMaterials/Substrate/GLints/dict_16_192_64_0p5_0p02_0031_0005.uasset" 6076
"../../../Engine/Content/EngineMaterials/Substrate/GLints/dict_16_192_64_0p5_0p02_0012_0000.uasset" 6077
"../../../Engine/Content/EngineMaterials/Substrate/GLints/dict_16_192_64_0p5_0p02_0004_0008.uasset" 6078
"../../../Engine/Content/EngineMaterials/Substrate/GLints/dict_16_192_64_0p5_0p02_0017_0010.uasset" 6079
"../../../Engine/Content/EngineMaterials/Substrate/GLints/dict_16_192_64_0p5_0p02_0060_0009.uasset" 6080
"../../../Engine/Content/EngineMaterials/Substrate/GLints/dict_16_192_64_0p5_0p02_0033_0000.uasset" 6081
"../../../Engine/Content/EngineMaterials/Substrate/GLints/dict_16_192_64_0p5_0p02_0036_0003.uasset" 6082
"../../../Engine/Content/EngineMaterials/Substrate/GLints/dict_16_192_64_0p5_0p02_0008_0008.uasset" 6083
"../../../Engine/Content/EngineMaterials/Substrate/GLints/dict_16_192_64_0p5_0p02_0015_0005.uasset" 6084
"../../../Engine/Content/EngineMaterials/Substrate/GLints/dict_16_192_64_0p5_0p02_0056_0011.uasset" 6085
"../../../Engine/Content/EngineMaterials/Substrate/GLints/dict_16_192_64_0p5_0p02_0025_0012.uasset" 6086
"../../../Engine/Content/EngineMaterials/Substrate/GLints/dict_16_192_64_0p5_0p02_0031_0000.uasset" 6087
"../../../Engine/Content/EngineMaterials/Substrate/GLints/dict_16_192_64_0p5_0p02_0063_0009.uasset" 6088
"../../../Engine/Content/EngineMaterials/Substrate/GLints/dict_16_192_64_0p5_0p02_0010_0014.uasset" 6089
"../../../Engine/Content/EngineMaterials/Substrate/GLints/dict_16_192_64_0p5_0p02_0061_0000.uasset" 6090
"../../../Engine/Content/EngineMaterials/Substrate/GLints/dict_16_192_64_0p5_0p02_0063_0012.uasset" 6091
"../../../Engine/Content/EngineMaterials/Substrate/GLints/dict_16_192_64_0p5_0p02_0063_0005.uasset" 6092
"../../../Engine/Content/EngineMaterials/Substrate/GLints/dict_16_192_64_0p5_0p02_0054_0000.uasset" 6093
"../../../Engine/Content/EngineMaterials/Substrate/GLints/dict_16_192_64_0p5_0p02_0055_0014.uasset" 6094
"../../../Engine/Content/EngineMaterials/Substrate/GLints/dict_16_192_64_0p5_0p02_0022_0014.uasset" 6095
"../../../Engine/Content/EngineMaterials/Substrate/GLints/dict_16_192_64_0p5_0p02_0042_0014.uasset" 6096
"../../../Engine/Content/EngineMaterials/Substrate/GLints/dict_16_192_64_0p5_0p02_0036_0001.uasset" 6097
"../../../Engine/Content/EngineMaterials/Substrate/GLints/dict_16_192_64_0p5_0p02_0024_0007.uasset" 6098
"../../../Engine/Content/EngineMaterials/Substrate/GLints/dict_16_192_64_0p5_0p02_0006_0005.uasset" 6099
"../../../Engine/Content/EngineMaterials/Substrate/GLints/dict_16_192_64_0p5_0p02_0004_0011.uasset" 6100
"../../../Engine/Content/EngineMaterials/Substrate/GLints/dict_16_192_64_0p5_0p02_0001_0006.uasset" 6101
"../../../Engine/Content/EngineMaterials/Substrate/GLints/dict_16_192_64_0p5_0p02_0044_0012.uasset" 6102
"../../../Engine/Content/EngineMaterials/Substrate/GLints/dict_16_192_64_0p5_0p02_0036_0015.uasset" 6103
"C:/Users/nguye/AppData/Local/UnrealEngine/Common/DerivedDataCache/Buckets/LegacyTEXTURE/68/63/22abe5904cff98b9007580ef38308ede8db1.udd" 6104
"../../../Engine/Content/EngineMaterials/Substrate/GLints/dict_16_192_64_0p5_0p02_0039_0001.uasset" 6105
"../../../Engine/Content/EngineMaterials/Substrate/GLints/dict_16_192_64_0p5_0p02_0050_0004.uasset" 6106
"C:/Users/nguye/AppData/Local/UnrealEngine/Common/DerivedDataCache/Buckets/LegacyTEXTURE/71/d6/7aed80ddfd85e07272d3b1819f4b6b1771ad.udd" 6107
"../../../Engine/Content/EngineMaterials/Substrate/GLints/dict_16_192_64_0p5_0p02_0034_0005.uasset" 6108
"../../../Engine/Content/EngineMaterials/Substrate/GLints/dict_16_192_64_0p5_0p02_0058_0000.uasset" 6109
"../../../Engine/Content/EngineMaterials/Substrate/GLints/dict_16_192_64_0p5_0p02_0007_0007.uasset" 6110
"../../../Engine/Content/EngineMaterials/Substrate/GLints/dict_16_192_64_0p5_0p02_0006_0014.uasset" 6111
"../../../Engine/Content/EngineMaterials/Substrate/GLints/dict_16_192_64_0p5_0p02_0005_0011.uasset" 6112
"../../../Engine/Content/EngineMaterials/Substrate/GLints/dict_16_192_64_0p5_0p02_0019_0002.uasset" 6113
"../../../Engine/Content/EngineMaterials/Substrate/GLints/dict_16_192_64_0p5_0p02_0047_0011.uasset" 6114
"../../../Engine/Content/EngineMaterials/Substrate/GLints/dict_16_192_64_0p5_0p02_0043_0004.uasset" 6115
"../../../Engine/Content/EngineMaterials/Substrate/GLints/dict_16_192_64_0p5_0p02_0030_0014.uasset" 6116
"../../../Engine/Content/EngineMaterials/Substrate/GLints/dict_16_192_64_0p5_0p02_0045_0003.uasset" 6117
"../../../Engine/Content/EngineMaterials/Substrate/GLints/dict_16_192_64_0p5_0p02_0012_0010.uasset" 6118
"../../../Engine/Content/EngineMaterials/Substrate/GLints/dict_16_192_64_0p5_0p02_0044_0004.uasset" 6119
"../../../Engine/Content/EngineMaterials/Substrate/GLints/dict_16_192_64_0p5_0p02_0027_0000.uasset" 6120
"../../../Engine/Content/EngineMaterials/Substrate/GLints/dict_16_192_64_0p5_0p02_0026_0005.uasset" 6121
"../../../Engine/Content/EngineMaterials/Substrate/GLints/dict_16_192_64_0p5_0p02_0040_0005.uasset" 6122
"../../../Engine/Content/EngineMaterials/Substrate/GLints/dict_16_192_64_0p5_0p02_0053_0005.uasset" 6123
"../../../Engine/Content/EngineMaterials/Substrate/GLints/dict_16_192_64_0p5_0p02_0006_0009.uasset" 6124
"../../../Engine/Content/EngineMaterials/Substrate/GLints/dict_16_192_64_0p5_0p02_0005_0006.uasset" 6125
"../../../Engine/Content/EngineMaterials/Substrate/GLints/dict_16_192_64_0p5_0p02_0038_0009.uasset" 6126
"../../../Engine/Content/EngineMaterials/Substrate/GLints/dict_16_192_64_0p5_0p02_0042_0009.uasset" 6127
"../../../Engine/Content/EngineMaterials/Substrate/GLints/dict_16_192_64_0p5_0p02_0003_0014.uasset" 6128
"../../../Engine/Content/EngineMaterials/Substrate/GLints/dict_16_192_64_0p5_0p02_0063_0000.uasset" 6129
"../../../Engine/Content/EngineMaterials/Substrate/GLints/dict_16_192_64_0p5_0p02_0041_0009.uasset" 6130
"../../../Engine/Content/EngineMaterials/Substrate/GLints/dict_16_192_64_0p5_0p02_0029_0009.uasset" 6131
"../../../Engine/Content/EngineMaterials/Substrate/GLints/dict_16_192_64_0p5_0p02_0038_0002.uasset" 6132
"../../../Engine/Content/EngineMaterials/Substrate/GLints/dict_16_192_64_0p5_0p02_0015_0004.uasset" 6133
"../../../Engine/Content/EngineMaterials/Substrate/GLints/dict_16_192_64_0p5_0p02_0054_0015.uasset" 6134
"../../../Engine/Content/EngineMaterials/Substrate/GLints/dict_16_192_64_0p5_0p02_0057_0007.uasset" 6135
"../../../Engine/Content/EngineMaterials/Substrate/GLints/dict_16_192_64_0p5_0p02_0005_0003.uasset" 6136
"../../../Engine/Content/EngineMaterials/Substrate/GLints/dict_16_192_64_0p5_0p02_0010_0010.uasset" 6137
"../../../Engine/Content/EngineMaterials/Substrate/GLints/dict_16_192_64_0p5_0p02_0009_0005.uasset" 6138
"../../../Engine/Content/EngineMaterials/Substrate/GLints/dict_16_192_64_0p5_0p02_0021_0005.uasset" 6139
"../../../Engine/Content/EngineMaterials/Substrate/GLints/dict_16_192_64_0p5_0p02_0039_0008.uasset" 6140
"../../../Engine/Content/EngineMaterials/Substrate/GLints/dict_16_192_64_0p5_0p02_0059_0011.uasset" 6141
"../../../Engine/Content/EngineMaterials/Substrate/GLints/dict_16_192_64_0p5_0p02_0010_0012.uasset" 6142
"../../../Engine/Content/EngineMaterials/Substrate/GLints/dict_16_192_64_0p5_0p02_0006_0007.uasset" 6143
"../../../Engine/Content/EngineMaterials/Substrate/GLints/dict_16_192_64_0p5_0p02_0009_0014.uasset" 6144
"../../../Engine/Content/EngineMaterials/Substrate/GLints/dict_16_192_64_0p5_0p02_0054_0008.uasset" 6145
"../../../Engine/Content/EngineMaterials/Substrate/GLints/dict_16_192_64_0p5_0p02_0046_0010.uasset" 6146
"../../../Engine/Content/EngineMaterials/Substrate/GLints/dict_16_192_64_0p5_0p02_0049_0015.uasset" 6147
"../../../Engine/Content/EngineMaterials/Substrate/GLints/dict_16_192_64_0p5_0p02_0041_0003.uasset" 6148
"../../../Engine/Content/EngineMaterials/Substrate/GLints/dict_16_192_64_0p5_0p02_0049_0008.uasset" 6149
"../../../Engine/Content/EngineMaterials/Substrate/GLints/dict_16_192_64_0p5_0p02_0047_0004.uasset" 6150
"../../../Engine/Content/EngineMaterials/Substrate/GLints/dict_16_192_64_0p5_0p02_0060_0005.uasset" 6151
"../../../Engine/Content/EngineMaterials/Substrate/GLints/dict_16_192_64_0p5_0p02_0030_0010.uasset" 6152
"../../../Engine/Content/EngineMaterials/Substrate/GLints/dict_16_192_64_0p5_0p02_0011_0010.uasset" 6153
"../../../Engine/Content/EngineMaterials/Substrate/GLints/dict_16_192_64_0p5_0p02_0016_0007.uasset" 6154
"../../../Engine/Content/EngineMaterials/Substrate/GLints/dict_16_192_64_0p5_0p02_0043_0013.uasset" 6155
"../../../Engine/Content/EngineMaterials/Substrate/GLints/dict_16_192_64_0p5_0p02_0004_0014.uasset" 6156
"../../../Engine/Content/EngineMaterials/Substrate/GLints/dict_16_192_64_0p5_0p02_0004_0005.uasset" 6157
"../../../Engine/Content/EngineMaterials/Substrate/GLints/dict_16_192_64_0p5_0p02_0021_0006.uasset" 6158
"../../../Engine/Content/EngineMaterials/Substrate/GLints/dict_16_192_64_0p5_0p02_0051_0007.uasset" 6159
"../../../Engine/Content/EngineMaterials/Substrate/GLints/dict_16_192_64_0p5_0p02_0055_0015.uasset" 6160
"../../../Engine/Content/EngineMaterials/Substrate/GLints/dict_16_192_64_0p5_0p02_0040_0007.uasset" 6161
"../../../Engine/Content/EngineMaterials/Substrate/GLints/dict_16_192_64_0p5_0p02_0039_0003.uasset" 6162
"C:/Users/nguye/AppData/Local/UnrealEngine/Common/DerivedDataCache/Buckets/LegacyTEXTURE/a0/f1/5e9516b717b37ddd56a7f29526c316db57d7.udd" 6163
"../../../Engine/Content/EngineMaterials/Substrate/GLints/dict_16_192_64_0p5_0p02_0031_0014.uasset" 6164
"../../../Engine/Content/EngineMaterials/Substrate/GLints/dict_16_192_64_0p5_0p02_0026_0000.uasset" 6165
"../../../Engine/Content/EngineMaterials/Substrate/GLints/dict_16_192_64_0p5_0p02_0014_0004.uasset" 6166
"../../../Engine/Content/EngineMaterials/Substrate/GLints/dict_16_192_64_0p5_0p02_0046_0001.uasset" 6167
"../../../Engine/Content/EngineMaterials/Substrate/GLints/dict_16_192_64_0p5_0p02_0032_0011.uasset" 6168
"C:/Users/nguye/AppData/Local/UnrealEngine/Common/DerivedDataCache/Buckets/LegacyTEXTURE/db/8e/aa9fbe77935f2d201a6594661154cdca49fb.udd" 6169
"../../../Engine/Content/EngineMaterials/Substrate/GLints/dict_16_192_64_0p5_0p02_0034_0006.uasset" 6170
"../../../Engine/Content/EngineMaterials/Substrate/GLints/dict_16_192_64_0p5_0p02_0053_0006.uasset" 6171
"../../../Engine/Content/EngineMaterials/Substrate/GLints/dict_16_192_64_0p5_0p02_0017_0008.uasset" 6172
"../../../Engine/Content/EngineMaterials/Substrate/GLints/dict_16_192_64_0p5_0p02_0001_0009.uasset" 6173
"../../../Engine/Content/EngineMaterials/Substrate/GLints/dict_16_192_64_0p5_0p02_0063_0008.uasset" 6174
"../../../Engine/Content/EngineMaterials/Substrate/GLints/dict_16_192_64_0p5_0p02_0058_0003.uasset" 6175
"../../../Engine/Content/EngineMaterials/Substrate/GLints/dict_16_192_64_0p5_0p02_0007_0013.uasset" 6176
"../../../Engine/Content/EngineMaterials/Substrate/GLints/dict_16_192_64_0p5_0p02_0030_0005.uasset" 6177
"../../../Engine/Content/EngineMaterials/Substrate/GLints/dict_16_192_64_0p5_0p02_0011_0011.uasset" 6178
"../../../Engine/Content/EngineMaterials/Substrate/GLints/dict_16_192_64_0p5_0p02_0056_0014.uasset" 6179
"../../../Engine/Content/EngineMaterials/Substrate/GLints/dict_16_192_64_0p5_0p02_0028_0015.uasset" 6180
"../../../Engine/Content/EngineMaterials/Substrate/GLints/dict_16_192_64_0p5_0p02_0013_0013.uasset" 6181
"../../../Engine/Content/EngineMaterials/Substrate/GLints/dict_16_192_64_0p5_0p02_0011_0004.uasset" 6182
"../../../Engine/Content/EngineMaterials/Substrate/GLints/dict_16_192_64_0p5_0p02_0002_0015.uasset" 6183
"../../../Engine/Content/EngineMaterials/Substrate/GLints/dict_16_192_64_0p5_0p02_0036_0006.uasset" 6184
"../../../Engine/Content/EngineMaterials/Substrate/GLints/dict_16_192_64_0p5_0p02_0062_0014.uasset" 6185
"../../../Engine/Content/EngineMaterials/Substrate/GLints/dict_16_192_64_0p5_0p02_0035_0010.uasset" 6186
"../../../Engine/Content/EngineMaterials/Substrate/GLints/dict_16_192_64_0p5_0p02_0021_0011.uasset" 6187
"../../../Engine/Content/EngineMaterials/Substrate/GLints/dict_16_192_64_0p5_0p02_0048_0005.uasset" 6188
"../../../Engine/Content/EngineMaterials/Substrate/GLints/dict_16_192_64_0p5_0p02_0047_0012.uasset" 6189
"../../../Engine/Content/EngineMaterials/Substrate/GLints/dict_16_192_64_0p5_0p02_0001_0012.uasset" 6190
"../../../Engine/Content/EngineMaterials/Substrate/GLints/dict_16_192_64_0p5_0p02_0011_0012.uasset" 6191
"../../../Engine/Content/EngineMaterials/Substrate/GLints/dict_16_192_64_0p5_0p02_0013_0001.uasset" 6192
"../../../Engine/Content/EngineMaterials/Substrate/GLints/dict_16_192_64_0p5_0p02_0049_0011.uasset" 6193
"../../../Engine/Content/EngineMaterials/Substrate/GLints/dict_16_192_64_0p5_0p02_0015_0001.uasset" 6194
"../../../Engine/Content/EngineMaterials/Substrate/GLints/dict_16_192_64_0p5_0p02_0000_0006.uasset" 6195
"../../../Engine/Content/EngineMaterials/Substrate/GLints/dict_16_192_64_0p5_0p02_0023_0001.uasset" 6196
"../../../Engine/Content/EngineMaterials/Substrate/GLints/dict_16_192_64_0p5_0p02_0056_0002.uasset" 6197
"../../../Engine/Content/EngineMaterials/Substrate/GLints/dict_16_192_64_0p5_0p02_0060_0011.uasset" 6198
"../../../Engine/Content/EngineMaterials/Substrate/GLints/dict_16_192_64_0p5_0p02_0061_0013.uasset" 6199
"../../../Engine/Content/EngineMaterials/Substrate/GLints/dict_16_192_64_0p5_0p02_0025_0002.uasset" 6200
"../../../Engine/Content/EngineMaterials/Substrate/GLints/dict_16_192_64_0p5_0p02_0017_0005.uasset" 6201
"../../../Engine/Content/EngineMaterials/Substrate/GLints/dict_16_192_64_0p5_0p02_0022_0006.uasset" 6202
"../../../Engine/Content/EngineMaterials/Substrate/GLints/dict_16_192_64_0p5_0p02_0037_0015.uasset" 6203
"../../../Engine/Content/EngineMaterials/Substrate/GLints/dict_16_192_64_0p5_0p02_0001_0005.uasset" 6204
"../../../Engine/Content/EngineMaterials/Substrate/GLints/dict_16_192_64_0p5_0p02_0049_0014.uasset" 6205
"../../../Engine/Content/EngineMaterials/Substrate/GLints/dict_16_192_64_0p5_0p02_0009_0013.uasset" 6206
"../../../Engine/Content/EngineMaterials/Substrate/GLints/dict_16_192_64_0p5_0p02_0005_0010.uasset" 6207
"../../../Engine/Content/EngineMaterials/Substrate/GLints/dict_16_192_64_0p5_0p02_0042_0003.uasset" 6208
"../../../Engine/Content/EngineMaterials/Substrate/GLints/dict_16_192_64_0p5_0p02_0027_0005.uasset" 6209
"../../../Engine/Content/EngineMaterials/Substrate/GLints/dict_16_192_64_0p5_0p02_0007_0012.uasset" 6210
"../../../Engine/Content/EngineMaterials/Substrate/GLints/dict_16_192_64_0p5_0p02_0046_0009.uasset" 6211
"../../../Engine/Content/EngineMaterials/Substrate/GLints/dict_16_192_64_0p5_0p02_0047_0006.uasset" 6212
"../../../Engine/Content/EngineMaterials/Substrate/GLints/dict_16_192_64_0p5_0p02_0005_0012.uasset" 6213
"../../../Engine/Content/EngineMaterials/Substrate/GLints/dict_16_192_64_0p5_0p02_0039_0011.uasset" 6214
"../../../Engine/Content/EngineMaterials/Substrate/GLints/dict_16_192_64_0p5_0p02_0043_0000.uasset" 6215
"../../../Engine/Content/EngineMaterials/Substrate/GLints/dict_16_192_64_0p5_0p02_0015_0014.uasset" 6216
"../../../Engine/Content/EngineMaterials/Substrate/GLints/dict_16_192_64_0p5_0p02_0029_0010.uasset" 6217
"../../../Engine/Content/EngineMaterials/Substrate/GLints/dict_16_192_64_0p5_0p02_0014_0009.uasset" 6218
"../../../Engine/Content/EngineMaterials/Substrate/GLints/dict_16_192_64_0p5_0p02_0013_0015.uasset" 6219
"../../../Engine/Content/EngineMaterials/Substrate/GLints/dict_16_192_64_0p5_0p02_0015_0003.uasset" 6220
"../../../Engine/Content/EngineMaterials/Substrate/GLints/dict_16_192_64_0p5_0p02_0036_0010.uasset" 6221
"../../../Engine/Content/EngineMaterials/Substrate/GLints/dict_16_192_64_0p5_0p02_0012_0008.uasset" 6222
"../../../Engine/Content/EngineMaterials/Substrate/GLints/dict_16_192_64_0p5_0p02_0015_0013.uasset" 6223
"../../../Engine/Content/EngineMaterials/Substrate/GLints/dict_16_192_64_0p5_0p02_0050_0013.uasset" 6224
"../../../Engine/Content/EngineMaterials/Substrate/GLints/dict_16_192_64_0p5_0p02_0057_0010.uasset" 6225
"../../../Engine/Content/EngineMaterials/Substrate/GLints/dict_16_192_64_0p5_0p02_0054_0011.uasset" 6226
"../../../Engine/Content/EngineMaterials/Substrate/GLints/dict_16_192_64_0p5_0p02_0006_0011.uasset" 6227
"../../../Engine/Content/EngineMaterials/Substrate/GLints/dict_16_192_64_0p5_0p02_0013_0009.uasset" 6228
"../../../Engine/Content/EngineMaterials/Substrate/GLints/dict_16_192_64_0p5_0p02_0034_0011.uasset" 6229
"../../../Engine/Content/EngineMaterials/Substrate/GLints/dict_16_192_64_0p5_0p02_0045_0012.uasset" 6230
"../../../Engine/Content/EngineMaterials/Substrate/GLints/dict_16_192_64_0p5_0p02_0031_0003.uasset" 6231
"C:/Users/nguye/AppData/Local/UnrealEngine/Common/DerivedDataCache/Buckets/LegacyTEXTURE/36/9c/c1853e857e0b3f0381b322947f1ef1d526de.udd" 6232
"../../../Engine/Content/EngineMaterials/Substrate/GLints/dict_16_192_64_0p5_0p02_0045_0014.uasset" 6233
"../../../Engine/Content/EngineMaterials/Substrate/GLints/dict_16_192_64_0p5_0p02_0029_0003.uasset" 6234
"../../../Engine/Content/EngineMaterials/Substrate/GLints/dict_16_192_64_0p5_0p02_0062_0015.uasset" 6235
"../../../Engine/Content/EngineMaterials/Substrate/GLints/dict_16_192_64_0p5_0p02_0046_0000.uasset" 6236
"../../../Engine/Content/EngineMaterials/Substrate/GLints/dict_16_192_64_0p5_0p02_0061_0011.uasset" 6237
"../../../Engine/Content/EngineMaterials/Substrate/GLints/dict_16_192_64_0p5_0p02_0003_0015.uasset" 6238
"../../../Engine/Content/EngineMaterials/Substrate/GLints/dict_16_192_64_0p5_0p02_0000_0012.uasset" 6239
"../../../Engine/Content/EngineMaterials/Substrate/GLints/dict_16_192_64_0p5_0p02_0033_0014.uasset" 6240
"../../../Engine/Content/EngineMaterials/Substrate/GLints/dict_16_192_64_0p5_0p02_0047_0008.uasset" 6241
"../../../Engine/Content/EngineMaterials/Substrate/GLints/dict_16_192_64_0p5_0p02_0001_0003.uasset" 6242
"../../../Engine/Content/EngineMaterials/Substrate/GLints/dict_16_192_64_0p5_0p02_0050_0007.uasset" 6243
"../../../Engine/Content/EngineMaterials/Substrate/GLints/dict_16_192_64_0p5_0p02_0049_0013.uasset" 6244
"../../../Engine/Content/EngineMaterials/Substrate/GLints/dict_16_192_64_0p5_0p02_0060_0001.uasset" 6245
"../../../Engine/Content/EngineMaterials/Substrate/GLints/dict_16_192_64_0p5_0p02_0051_0001.uasset" 6246
"../../../Engine/Content/EngineMaterials/Substrate/GLints/dict_16_192_64_0p5_0p02_0045_0011.uasset" 6247
"../../../Engine/Content/EngineMaterials/Substrate/GLints/dict_16_192_64_0p5_0p02_0019_0014.uasset" 6248
"../../../Engine/Content/EngineMaterials/Substrate/GLints/dict_16_192_64_0p5_0p02_0007_0006.uasset" 6249
"../../../Engine/Content/EngineMaterials/Substrate/GLints/dict_16_192_64_0p5_0p02_0057_0003.uasset" 6250
"../../../Engine/Content/EngineMaterials/Substrate/GLints/dict_16_192_64_0p5_0p02_0046_0005.uasset" 6251
"../../../Engine/Content/EngineMaterials/Substrate/GLints/dict_16_192_64_0p5_0p02_0020_0012.uasset" 6252
"../../../Engine/Content/EngineMaterials/Substrate/GLints/dict_16_192_64_0p5_0p02_0059_0008.uasset" 6253
"../../../Engine/Content/EngineMaterials/Substrate/GLints/dict_16_192_64_0p5_0p02_0013_0007.uasset" 6254
"../../../Engine/Content/EngineMaterials/Substrate/GLints/dict_16_192_64_0p5_0p02_0043_0011.uasset" 6255
"../../../Engine/Content/EngineMaterials/Substrate/GLints/dict_16_192_64_0p5_0p02_0015_0008.uasset" 6256
"../../../Engine/Content/EngineMaterials/Substrate/GLints/dict_16_192_64_0p5_0p02_0020_0002.uasset" 6257
"../../../Engine/Content/EngineMaterials/Substrate/GLints/dict_16_192_64_0p5_0p02_0024_0004.uasset" 6258
"../../../Engine/Content/EngineMaterials/Substrate/GLints/dict_16_192_64_0p5_0p02_0039_0010.uasset" 6259
"../../../Engine/Content/EngineMaterials/Substrate/GLints/dict_16_192_64_0p5_0p02_0002_0006.uasset" 6260
"../../../Engine/Content/EngineMaterials/Substrate/GLints/dict_16_192_64_0p5_0p02_0052_0013.uasset" 6261
"../../../Engine/Content/EngineMaterials/Substrate/GLints/dict_16_192_64_0p5_0p02_0026_0010.uasset" 6262
"../../../Engine/Content/EngineMaterials/Substrate/GLints/dict_16_192_64_0p5_0p02_0048_0008.uasset" 6263
"../../../Engine/Content/EngineMaterials/Substrate/GLints/dict_16_192_64_0p5_0p02_0040_0001.uasset" 6264
"../../../Engine/Content/EngineMaterials/Substrate/GLints/dict_16_192_64_0p5_0p02_0012_0014.uasset" 6265
"../../../Engine/Content/EngineMaterials/Substrate/GLints/dict_16_192_64_0p5_0p02_0057_0013.uasset" 6266
"../../../Engine/Content/EngineMaterials/Substrate/GLints/dict_16_192_64_0p5_0p02_0046_0003.uasset" 6267
"../../../Engine/Content/EngineMaterials/Substrate/GLints/dict_16_192_64_0p5_0p02_0053_0007.uasset" 6268
"../../../Engine/Content/EngineMaterials/Substrate/GLints/dict_16_192_64_0p5_0p02_0006_0003.uasset" 6269
"../../../Engine/Content/EngineMaterials/Substrate/GLints/dict_16_192_64_0p5_0p02_0032_0005.uasset" 6270
"../../../Engine/Content/EngineMaterials/Substrate/GLints/dict_16_192_64_0p5_0p02_0017_0004.uasset" 6271
"../../../Engine/Content/EngineMaterials/Substrate/GLints/dict_16_192_64_0p5_0p02_0018_0004.uasset" 6272
"../../../Engine/Content/EngineMaterials/Substrate/GLints/dict_16_192_64_0p5_0p02_0034_0014.uasset" 6273
"../../../Engine/Content/EngineMaterials/Substrate/GLints/dict_16_192_64_0p5_0p02_0051_0015.uasset" 6274
"../../../Engine/Content/EngineMaterials/Substrate/GLints/dict_16_192_64_0p5_0p02_0053_0004.uasset" 6275
"../../../Engine/Content/EngineMaterials/Substrate/GLints/dict_16_192_64_0p5_0p02_0025_0009.uasset" 6276
"C:/Users/nguye/AppData/Local/UnrealEngine/Common/DerivedDataCache/Buckets/LegacyTEXTURE/e4/31/5d1cb31da27776585edead6911218d074da5.udd" 6277
"../../../Engine/Content/EngineMaterials/Substrate/GLints/dict_16_192_64_0p5_0p02_0019_0015.uasset" 6278
"../../../Engine/Content/EngineMaterials/Substrate/GLints/dict_16_192_64_0p5_0p02_0026_0011.uasset" 6279
"../../../Engine/Content/EngineMaterials/Substrate/GLints/dict_16_192_64_0p5_0p02_0033_0011.uasset" 6280
"../../../Engine/Content/EngineMaterials/Substrate/GLints/dict_16_192_64_0p5_0p02_0007_0004.uasset" 6281
"../../../Engine/Content/EngineMaterials/Substrate/GLints/dict_16_192_64_0p5_0p02_0057_0009.uasset" 6282
"../../../Engine/Content/EngineMaterials/Substrate/GLints/dict_16_192_64_0p5_0p02_0024_0008.uasset" 6283
"../../../Engine/Content/EngineMaterials/Substrate/GLints/dict_16_192_64_0p5_0p02_0049_0001.uasset" 6284
"../../../Engine/Content/EngineMaterials/Substrate/GLints/dict_16_192_64_0p5_0p02_0055_0011.uasset" 6285
"../../../Engine/Content/EngineMaterials/Substrate/GLints/dict_16_192_64_0p5_0p02_0034_0015.uasset" 6286
"../../../Engine/Content/EngineMaterials/Substrate/GLints/dict_16_192_64_0p5_0p02_0007_0002.uasset" 6287
"../../../Engine/Content/EngineMaterials/Substrate/GLints/dict_16_192_64_0p5_0p02_0037_0005.uasset" 6288
"../../../Engine/Content/EngineMaterials/Substrate/GLints/dict_16_192_64_0p5_0p02_0060_0015.uasset" 6289
"../../../Engine/Content/EngineMaterials/Substrate/GLints/dict_16_192_64_0p5_0p02_0051_0004.uasset" 6290
"../../../Engine/Content/EngineMaterials/Substrate/GLints/dict_16_192_64_0p5_0p02_0028_0012.uasset" 6291
"../../../Engine/Content/EngineMaterials/Substrate/GLints/dict_16_192_64_0p5_0p02_0023_0000.uasset" 6292
"../../../Engine/Content/EngineMaterials/Substrate/GLints/dict_16_192_64_0p5_0p02_0016_0010.uasset" 6293
"../../../Engine/Content/EngineMaterials/Substrate/GLints/dict_16_192_64_0p5_0p02_0045_0015.uasset" 6294
"../../../Engine/Content/EngineMaterials/Substrate/GLints/dict_16_192_64_0p5_0p02_0013_0014.uasset" 6295
"../../../Engine/Content/EngineMaterials/Substrate/GLints/dict_16_192_64_0p5_0p02_0023_0006.uasset" 6296
"../../../Engine/Content/EngineMaterials/Substrate/GLints/dict_16_192_64_0p5_0p02_0017_0015.uasset" 6297
"../../../Engine/Content/EngineMaterials/Substrate/GLints/dict_16_192_64_0p5_0p02_0021_0012.uasset" 6298
"../../../Engine/Content/EngineMaterials/Substrate/GLints/dict_16_192_64_0p5_0p02_0048_0000.uasset" 6299
"../../../Engine/Content/EngineMaterials/Substrate/GLints/dict_16_192_64_0p5_0p02_0038_0007.uasset" 6300
"../../../Engine/Content/EngineMaterials/Substrate/GLints/dict_16_192_64_0p5_0p02_0006_0002.uasset" 6301
"../../../Engine/Content/EngineMaterials/Substrate/GLints/dict_16_192_64_0p5_0p02_0061_0008.uasset" 6302
"../../../Engine/Content/EngineMaterials/Substrate/GLints/dict_16_192_64_0p5_0p02_0027_0007.uasset" 6303
"../../../Engine/Content/EngineMaterials/Substrate/GLints/dict_16_192_64_0p5_0p02_0061_0002.uasset" 6304
"../../../Engine/Content/EngineMaterials/Substrate/GLints/dict_16_192_64_0p5_0p02_0005_0001.uasset" 6305
"../../../Engine/Content/EngineMaterials/Substrate/GLints/dict_16_192_64_0p5_0p02_0000_0009.uasset" 6306
"../../../Engine/Content/EngineMaterials/Substrate/GLints/dict_16_192_64_0p5_0p02_0030_0006.uasset" 6307
"../../../Engine/Content/EngineMaterials/Substrate/GLints/dict_16_192_64_0p5_0p02_0018_0006.uasset" 6308
"../../../Engine/Content/EngineMaterials/Substrate/GLints/dict_16_192_64_0p5_0p02_0021_0004.uasset" 6309
"../../../Engine/Content/EngineMaterials/Substrate/GLints/dict_16_192_64_0p5_0p02_0018_0000.uasset" 6310
"../../../Engine/Content/EngineMaterials/Substrate/GLints/dict_16_192_64_0p5_0p02_0026_0009.uasset" 6311
"../../../Engine/Content/EngineMaterials/Substrate/GLints/dict_16_192_64_0p5_0p02_0008_0010.uasset" 6312
"../../../Engine/Content/EngineMaterials/Substrate/GLints/dict_16_192_64_0p5_0p02_0031_0013.uasset" 6313
"../../../Engine/Content/EngineMaterials/Substrate/GLints/dict_16_192_64_0p5_0p02_0023_0007.uasset" 6314
"../../../Engine/Content/EngineMaterials/Substrate/GLints/dict_16_192_64_0p5_0p02_0017_0000.uasset" 6315
"../../../Engine/Content/EngineMaterials/Substrate/GLints/dict_16_192_64_0p5_0p02_0019_0008.uasset" 6316
"../../../Engine/Content/EngineMaterials/Substrate/GLints/dict_16_192_64_0p5_0p02_0009_0009.uasset" 6317
"../../../Engine/Content/EngineMaterials/Substrate/GLints/dict_16_192_64_0p5_0p02_0058_0004.uasset" 6318
"../../../Engine/Content/EngineMaterials/Substrate/GLints/dict_16_192_64_0p5_0p02_0041_0010.uasset" 6319
"../../../Engine/Content/EngineMaterials/Substrate/GLints/dict_16_192_64_0p5_0p02_0053_0013.uasset" 6320
"../../../Engine/Content/EngineMaterials/Substrate/GLints/dict_16_192_64_0p5_0p02_0040_0004.uasset" 6321
"../../../Engine/Content/EngineMaterials/Substrate/GLints/dict_16_192_64_0p5_0p02_0015_0012.uasset" 6322
"../../../Engine/Content/EngineMaterials/Substrate/GLints/dict_16_192_64_0p5_0p02_0032_0006.uasset" 6323
"../../../Engine/Content/EngineMaterials/Substrate/GLints/dict_16_192_64_0p5_0p02_0012_0009.uasset" 6324
"../../../Engine/Content/EngineMaterials/Substrate/GLints/dict_16_192_64_0p5_0p02_0053_0000.uasset" 6325
"../../../Engine/Content/EngineMaterials/Substrate/GLints/dict_16_192_64_0p5_0p02_0023_0004.uasset" 6326
"../../../Engine/Content/EngineMaterials/Substrate/GLints/dict_16_192_64_0p5_0p02_0025_0004.uasset" 6327
"../../../Engine/Content/EngineMaterials/Substrate/GLints/dict_16_192_64_0p5_0p02_0056_0015.uasset" 6328
"../../../Engine/Content/EngineMaterials/Substrate/GLints/dict_16_192_64_0p5_0p02_0039_0006.uasset" 6329
"../../../Engine/Content/EngineMaterials/Substrate/GLints/dict_16_192_64_0p5_0p02_0029_0001.uasset" 6330
"../../../Engine/Content/EngineMaterials/Substrate/GLints/dict_16_192_64_0p5_0p02_0028_0003.uasset" 6331
"../../../Engine/Content/EngineMaterials/Substrate/GLints/dict_16_192_64_0p5_0p02_0030_0009.uasset" 6332
"../../../Engine/Content/EngineMaterials/Substrate/GLints/dict_16_192_64_0p5_0p02_0015_0007.uasset" 6333
"../../../Engine/Content/EngineMaterials/Substrate/GLints/dict_16_192_64_0p5_0p02_0055_0010.uasset" 6334
"../../../Engine/Content/EngineMaterials/Substrate/GLints/dict_16_192_64_0p5_0p02_0018_0008.uasset" 6335
"../../../Engine/Content/EngineMaterials/Substrate/GLints/dict_16_192_64_0p5_0p02_0019_0000.uasset" 6336
"../../../Engine/Content/EngineMaterials/Substrate/GLints/dict_16_192_64_0p5_0p02_0000_0003.uasset" 6337
"../../../Engine/Content/EngineMaterials/Substrate/GLints/dict_16_192_64_0p5_0p02_0060_0006.uasset" 6338
"../../../Engine/Content/EngineMaterials/Substrate/GLints/dict_16_192_64_0p5_0p02_0014_0010.uasset" 6339
"../../../Engine/Content/EngineMaterials/Substrate/GLints/dict_16_192_64_0p5_0p02_0056_0004.uasset" 6340
"../../../Engine/Content/EngineMaterials/Substrate/GLints/dict_16_192_64_0p5_0p02_0049_0010.uasset" 6341
"../../../Engine/Content/EngineMaterials/Substrate/GLints/dict_16_192_64_0p5_0p02_0001_0013.uasset" 6342
"../../../Engine/Content/EngineMaterials/Substrate/GLints/dict_16_192_64_0p5_0p02_0011_0008.uasset" 6343
"../../../Engine/Content/EngineMaterials/Substrate/GLints/dict_16_192_64_0p5_0p02_0002_0004.uasset" 6344
"../../../Engine/Content/EditorBlueprintResources/StandardMacros.uasset" 6345
"../../../Engine/Content/EngineMaterials/Substrate/GLints/dict_16_192_64_0p5_0p02_0041_0000.uasset" 6346
"../../../Engine/Content/EngineMaterials/Substrate/GLints/dict_16_192_64_0p5_0p02_0045_0010.uasset" 6347
"../../../Engine/Content/EditorMaterials/PreviewShadowIndicator.uasset" 6348
"../../../Engine/Content/MapTemplates/Materials/BasicAsset01.uasset" 6349
"../../../Engine/Content/Functions/MaterialLayerFunctions/MatLayerBlend_Simple.uasset" 6350
"../../../Engine/Plugins/Animation/ControlRig/Content/Controls/DefaultGizmoLibrary.uasset" 6351
"../../../Engine/Content/Functions/Engine_MaterialFunctions03/Math/RemapValueRange.uasset" 6352
"../../../Engine/Content/Animation/DefaultAnimBoneCompressionSettings.uasset" 6353
"../../../Engine/Content/Functions/Engine_MaterialFunctions01/Volumetrics/BeersLaw.uasset" 6354
"../../../Engine/Content/Functions/Engine_MaterialFunctions01/Gradient/LinearGradient.uasset" 6355
"../../../Engine/Content/Functions/Engine_MaterialFunctions02/Utility/BlendAngleCorrectedNormals.uasset" 6356
"C:/Users/nguye/UnrealProject/DOTD/Content/ThirdPerson/Input/IMC_Default.uasset" 6357
"../../../Engine/Plugins/Interchange/Runtime/Content/Utilities/New_LUT.uasset" 6358
"C:/Users/nguye/UnrealProject/DOTD/Content/Characters/Mannequins/Rigs/CR_Mannequin_Body.uasset" 6359
"../../../Engine/Content/Functions/Engine_MaterialFunctions01/Texturing/ScaleUVsByCenter.uasset" 6360
"../../../Engine/Content/MapTemplates/Materials/BasicAsset03.uasset" 6361
"C:/Users/nguye/UnrealProject/DOTD/Content/Material/WhiteLightMat.uasset" 6362
"../../../Engine/Content/BasicShapes/BasicShapeMaterial.uasset" 6363
"C:/Users/nguye/UnrealProject/DOTD/Content/TextMaterial/NeonTextMatRedOG.uasset" 6364
"C:/Users/nguye/UnrealProject/DOTD/Content/ThirdPerson/Maps/_GENERATED/s3979414/Boolean_F2F8BB74.uasset" 6365
"C:/Users/nguye/UnrealProject/DOTD/Content/Material/BlueLightMat.uasset" 6366
"../../../Engine/Content/EngineMaterials/Substrate/GLints/dict_16_192_64_0p5_0p02_0039_0000.uasset" 6367
"C:/Users/nguye/UnrealProject/DOTD/Content/ThirdPerson/Maps/_GENERATED/s3979414/Boolean_DFD358C9.uasset" 6368
"../../../Engine/Content/Maps/Templates/HLODs/HLODLayer_Instanced.uasset" 6369
"../../../Engine/Content/Maps/Entry_BuiltData.uasset" 6370
"../../../Engine/Content/EngineMaterials/Substrate/GLints/dict_16_192_64_0p5_0p02_0039_0014.uasset" 6371
"C:/Users/nguye/UnrealProject/DOTD/Content/ThirdPerson/Maps/_GENERATED/s3979414/Boolean_5DC792DE.uasset" 6372
"C:/Users/nguye/UnrealProject/DOTD/Content/ThirdPerson/Maps/_GENERATED/s3979414/Boolean_3006C949.uasset" 6373
"C:/Users/nguye/AppData/Local/UnrealEngine/Common/DerivedDataCache/Buckets/BulkDataList/29/dd/1778fae581c53994f03a3f909c5b4d8ffbcd.udd" 6374
"C:/Users/nguye/UnrealProject/DOTD/Content/ThirdPerson/Maps/_GENERATED/s3979414/Boolean_D4BB8351.uasset" 6375
"C:/Users/nguye/UnrealProject/DOTD/Content/ThirdPerson/Maps/_GENERATED/s3979414/Boolean_4B58CD8A.uasset" 6376
"C:/Users/nguye/UnrealProject/DOTD/Content/ThirdPerson/Maps/_GENERATED/s3979414/Boolean_2D9F34BC.uasset" 6377
"C:/Users/nguye/UnrealProject/DOTD/Content/ThirdPerson/Maps/_GENERATED/s3979414/Boolean_85FF56C4.uasset" 6378
"C:/Users/nguye/UnrealProject/DOTD/Content/ThirdPerson/Maps/_GENERATED/s3979414/Boolean_61067C1B.uasset" 6379
"C:/Users/nguye/UnrealProject/DOTD/Content/ThirdPerson/Maps/_GENERATED/s3979414/Boolean_16C16215.uasset" 6380
"C:/Users/nguye/UnrealProject/DOTD/Content/ThirdPerson/Maps/_GENERATED/s3979414/Boolean_584AC932.uasset" 6381
"C:/Users/nguye/UnrealProject/DOTD/Content/ThirdPerson/Maps/_GENERATED/s3979414/Boolean_D41D4565.uasset" 6382
"C:/Users/nguye/UnrealProject/DOTD/Content/ThirdPerson/Maps/_GENERATED/s3979414/Boolean_2B68CBBF.uasset" 6383
"C:/Users/nguye/UnrealProject/DOTD/Content/ThirdPerson/Maps/_GENERATED/s3979414/Boolean_D9BE8150.uasset" 6384
"../../../Engine/Content/Maps/Templates/HLODs/HLODLayer_Merged.uasset" 6385
"C:/Users/nguye/UnrealProject/DOTD/Content/LevelPrototyping/Materials/MI_Solid_Blue.uasset" 6386
"C:/Users/nguye/UnrealProject/DOTD/Content/Enemy/country-road-creature-rig/source/Creature.uasset" 6387
"C:/Users/nguye/UnrealProject/DOTD/Content/Characters/Mannequin_UE4/Materials/Layers/ML_ShinyPlastic_Beige_Logo.uasset" 6388
"C:/Users/nguye/UnrealProject/DOTD/Content/ThirdPerson/Maps/_GENERATED/s3979414/Boolean_D4DC81E7.uasset" 6389
"../../../Engine/Content/EngineMaterials/PPM_DefaultCalibrationGrayscale.uasset" 6390
"../../../Engine/Content/EngineMaterials/PPM_DefaultCalibrationColor.uasset" 6391
"../../../Engine/Content/MobileResources/HUD/DefaultVirtualJoysticks.uasset" 6392
"C:/Users/nguye/UnrealProject/DOTD/Content/Characters/Mannequin_UE4/Materials/Layers/ML_SoftMetal.uasset" 6393
"C:/Users/nguye/UnrealProject/DOTD/Content/Characters/Mannequins/Materials/Functions/CA_Mannequin.uasset" 6394
"C:/Users/nguye/UnrealProject/DOTD/Content/Characters/Mannequin_UE4/Materials/Layers/ML_Latex_Black.uasset" 6395
"C:/Users/nguye/UnrealProject/DOTD/Content/Characters/Mannequins/Animations/Manny/MM_Walk_InPlace.uasset" 6396
"../../../Engine/Content/EngineMaterials/Substrate/Volume/SubstrateSimpleVolumeEnvLUT3D.uasset" 6397
"../../../Engine/Content/EngineMaterials/Substrate/Volume/SubstrateSimpleVolumeLUT3D.uasset" 6398
"../../../../Users/nguye/UnrealProject/DOTD/Content/ThirdPerson/Input/Actions/IA_Jump.uasset" 6399
"../../../../Users/nguye/UnrealProject/DOTD/Content/ThirdPerson/Input/Actions/IA_Look.uasset" 6400
"../../../../Users/nguye/UnrealProject/DOTD/Content/ThirdPerson/Input/Actions/IA_Move.uasset" 6401
"../../../../Users/nguye/UnrealProject/DOTD/Content/LevelPrototyping/Materials/M_Solid.uasset" 6402
"../../../Engine/Content/EngineMaterials/Substrate/GLints2/AGlintTex2dArray2.uasset" 6403
"../../../Engine/Content/EditorMaterials/PreviewShadowIndicatorMaterial.uasset" 6404
"../../../Engine/Content/EngineMaterials/Substrate/GLints/AGlintTex2dArray.uasset" 6405
"C:/Users/nguye/UnrealProject/DOTD/Content/Characters/Mannequin_UE4/Animations/Jog_Fwd.uasset" 6406
"C:/Users/nguye/UnrealProject/DOTD/Content/Characters/Mannequins/Rigs/Poses/Quinn/Quinn_upperarm_r_anim.uasset" 6407
"C:/Users/nguye/UnrealProject/DOTD/Content/Characters/Mannequins/Rigs/Poses/Quinn/Quinn_upperarm_l_anim.uasset" 6408
"C:/Users/nguye/UnrealProject/DOTD/Content/Characters/Mannequins/Rigs/Poses/Quinn/Quinn_thigh_r_anim.uasset" 6409
"C:/Users/nguye/UnrealProject/DOTD/Content/Characters/Mannequins/Rigs/Poses/Quinn/Quinn_thigh_l_anim.uasset" 6410
"../../../../Users/nguye/UnrealProject/DOTD/Content/Enemy/country-road-creature-rig/source/Creature_PhysicsAsset.uasset" 6411
"../../../../Users/nguye/UnrealProject/DOTD/Content/Enemy/country-road-creature-rig/source/Creature_Skeleton.uasset" 6412
"C:/Users/nguye/UnrealProject/DOTD/Content/Characters/Mannequins/Rigs/Poses/Quinn/Quinn_lowerarm_l_anim.uasset" 6413
"C:/Users/nguye/UnrealProject/DOTD/Content/Characters/Mannequins/Rigs/Poses/Quinn/Quinn_lowerarm_r_anim.uasset" 6414
"../../../../Users/nguye/UnrealProject/DOTD/Content/Enemy/country-road-creature-rig/source/Creature.uasset" 6415
"../../../../Users/nguye/UnrealProject/DOTD/Content/Characters/Mannequin_UE4/Textures/T_UELogo_Mask.uasset" 6416
"C:/Users/nguye/UnrealProject/DOTD/Content/Characters/Mannequins/Rigs/Poses/Quinn/Quinn_hand_r_anim.uasset" 6417
"C:/Users/nguye/UnrealProject/DOTD/Content/Characters/Mannequins/Rigs/Poses/Quinn/Quinn_hand_l_anim.uasset" 6418
"C:/Users/nguye/UnrealProject/DOTD/Content/Characters/Mannequins/Rigs/Poses/Quinn/Quinn_foot_r_anim.uasset" 6419
"C:/Users/nguye/UnrealProject/DOTD/Content/Characters/Mannequins/Rigs/Poses/Quinn/Quinn_foot_l_anim.uasset" 6420
"C:/Users/nguye/UnrealProject/DOTD/Content/Characters/Mannequins/Rigs/Poses/Quinn/Quinn_calf_l_anim.uasset" 6421
"C:/Users/nguye/AppData/Local/UnrealEngine/Common/DerivedDataCache/Buckets/LegacySKELETALMESH/a1/5e/47f12da413a3d98c36aec65e11e244437455.udd" 6422
"C:/Users/nguye/UnrealProject/DOTD/Content/Characters/Mannequins/Rigs/Poses/Quinn/Quinn_clavicle_l_anim.uasset" 6423
"C:/Users/nguye/UnrealProject/DOTD/Content/Characters/Mannequins/Rigs/Poses/Quinn/Quinn_clavicle_r_anim.uasset" 6424
"C:/Users/nguye/UnrealProject/DOTD/Content/Characters/Mannequins/Rigs/Poses/Quinn/Quinn_calf_r_anim.uasset" 6425
"C:/Users/nguye/AppData/Local/UnrealEngine/Common/DerivedDataCache/Content/0c/59/46e6140f8c477a1ddb55f7471e3535a0c8c9.udd" 6426
"C:/Users/nguye/UnrealProject/DOTD/Content/Characters/Mannequins/Rigs/Poses/Manny/Manny_upperarm_r_anim.uasset" 6427
"C:/Users/nguye/UnrealProject/DOTD/Content/Characters/Mannequins/Rigs/Poses/Manny/Manny_thigh_l_anim.uasset" 6428
"C:/Users/nguye/UnrealProject/DOTD/Content/Characters/Mannequins/Rigs/Poses/Manny/Manny_upperarm_l_anim.uasset" 6429
"C:/Users/nguye/UnrealProject/DOTD/Content/Characters/Mannequins/Rigs/Poses/Manny/Manny_thigh_r_anim.uasset" 6430
"../../../../Users/nguye/UnrealProject/DOTD/Content/Characters/Mannequin_UE4/Textures/T_ML_Rubber_Blue_01_D.uasset" 6431
"../../../../Users/nguye/UnrealProject/DOTD/Content/Characters/Mannequin_UE4/Textures/T_ML_Rubber_Blue_01_N.uasset" 6432
"../../../../Users/nguye/UnrealProject/DOTD/Content/Characters/Mannequin_UE4/Textures/T_ML_Aluminum01.uasset" 6433
"../../../../Users/nguye/UnrealProject/DOTD/Content/Characters/Mannequin_UE4/Textures/T_ML_Aluminum01_N.uasset" 6434
"../../../../Users/nguye/UnrealProject/DOTD/Content/Characters/Mannequins/Meshes/SK_Mannequin.uasset" 6435
"C:/Users/nguye/UnrealProject/DOTD/Content/Characters/Mannequins/Rigs/Poses/Manny/Manny_lowerarm_r_anim.uasset" 6436
"C:/Users/nguye/UnrealProject/DOTD/Content/Characters/Mannequins/Rigs/Poses/Manny/Manny_lowerarm_l_anim.uasset" 6437
"C:/Users/nguye/UnrealProject/DOTD/Content/Characters/Mannequins/Rigs/Poses/Manny/Manny_hand_r_anim.uasset" 6438
"../../../../Users/nguye/UnrealProject/DOTD/Content/Characters/Mannequins/Materials/Functions/ChromaticCurve.uasset" 6439
"C:/Users/nguye/UnrealProject/DOTD/Content/Characters/Mannequins/Rigs/Poses/Manny/Manny_foot_r_anim.uasset" 6440
"C:/Users/nguye/AppData/Local/UnrealEngine/Common/DerivedDataCache/Buckets/BulkDataList/8d/65/70efe8d72b94bbe7a7d5319c28a082cca3c6.udd" 6441
"C:/Users/nguye/UnrealProject/DOTD/Content/Characters/Mannequins/Rigs/Poses/Manny/Manny_hand_l_anim.uasset" 6442
"C:/Users/nguye/UnrealProject/DOTD/Content/Characters/Mannequins/Rigs/Poses/Manny/Manny_foot_l_anim.uasset" 6443
"C:/Users/nguye/UnrealProject/DOTD/Content/Characters/Mannequins/Rigs/Poses/Manny/Manny_clavicle_r_anim.uasset" 6444
"C:/Users/nguye/UnrealProject/DOTD/Content/Characters/Mannequins/Rigs/Poses/Manny/Manny_clavicle_l_anim.uasset" 6445
"C:/Users/nguye/UnrealProject/DOTD/Content/Characters/Mannequins/Rigs/Poses/Manny/Manny_calf_r_anim.uasset" 6446
"C:/Users/nguye/UnrealProject/DOTD/Content/Characters/Mannequins/Rigs/Poses/Manny/Manny_calf_l_anim.uasset" 6447
"C:/Users/nguye/UnrealProject/DOTD/Content/Characters/Mannequins/Animations/Quinn/MF_Walk_Fwd.uasset" 6448
"../../../../Users/nguye/UnrealProject/DOTD/Content/Characters/Mannequin_UE4/Meshes/SK_Mannequin_Skeleton.uasset" 6449
"C:/Users/nguye/UnrealProject/DOTD/Content/Characters/Mannequins/Animations/Quinn/MF_Idle.uasset" 6450
"C:/Users/nguye/UnrealProject/DOTD/Content/Characters/Mannequins/Animations/Quinn/MF_Run_Fwd.uasset" 6451
"C:/Users/nguye/UnrealProject/DOTD/Content/Characters/Mannequins/Animations/Manny/MM_Walk_Fwd.uasset" 6452
"C:/Users/nguye/UnrealProject/DOTD/Content/Characters/Mannequins/Animations/Manny/MM_T_Pose.uasset" 6453
"C:/Users/nguye/UnrealProject/DOTD/Content/Characters/Mannequins/Animations/Manny/MM_Run_Fwd.uasset" 6454
"C:/Users/nguye/UnrealProject/DOTD/Content/Characters/Mannequins/Animations/Manny/MM_Land.uasset" 6455
"C:/Users/nguye/UnrealProject/DOTD/Content/Characters/Mannequins/Animations/Manny/MM_Jump.uasset" 6456
"C:/Users/nguye/UnrealProject/DOTD/Content/Characters/Mannequins/Animations/Manny/MM_Idle.uasset" 6457
"C:/Users/nguye/UnrealProject/DOTD/Content/Characters/Mannequins/Animations/Manny/MM_Fall_Loop.uasset" 6458
"C:/Users/nguye/UnrealProject/DOTD/Content/Characters/Mannequins/Rigs/CR_Mannequin_Procedural.uasset" 6459
"C:/Users/nguye/UnrealProject/DOTD/Content/Characters/Mannequins/Rigs/CR_Mannequin_BasicFootIK.uasset" 6460
"../../../Engine/Plugins/Interchange/Runtime/Content/Functions/MF_Iridescence.uasset" 6461
"../../../Engine/Content/Functions/Engine_MaterialFunctions01/ImageAdjustment/CheapContrast.uasset" 6462
"../../../Engine/Content/Functions/MaterialLayerFunctions/MatLayerBlend_NormalBlend.uasset" 6463
"../../../Engine/Plugins/Interchange/Runtime/Content/Functions/MX_Transmission.uasset" 6464
"C:/Users/nguye/UnrealProject/DOTD/Content/Characters/Mannequins/Materials/Functions/MF_logo3layers.uasset" 6465
"../../../Engine/Content/Maps/Entry.umap" 6466
"../../../Engine/Plugins/Animation/ControlRig/Content/Controls/ControlRig_Wedge_solid.uasset" 6467
"../../../Engine/Plugins/Animation/ControlRig/Content/Controls/ControlRig_Wedge_3mm.uasset" 6468
"../../../Engine/Plugins/Animation/ControlRig/Content/Controls/ControlRig_Wedge_1mm.uasset" 6469
"../../../Engine/Plugins/Animation/ControlRig/Content/Controls/ControlRig_Triangle_solid.uasset" 6470
"../../../Engine/Plugins/Animation/ControlRig/Content/Controls/ControlRig_Triangle_3mm.uasset" 6471
"../../../Engine/Plugins/Animation/ControlRig/Content/Controls/ControlRig_Triangle_1mm.uasset" 6472
"../../../Engine/Plugins/Animation/ControlRig/Content/Controls/ControlRig_Star4_solid.uasset" 6473
"../../../Engine/Plugins/Animation/ControlRig/Content/Controls/ControlRig_Star4_3mm.uasset" 6474
"../../../Engine/Plugins/Animation/ControlRig/Content/Controls/ControlRig_Star4_1mm.uasset" 6475
"../../../Engine/Plugins/Animation/ControlRig/Content/Controls/ControlRig_Square_solid.uasset" 6476
"../../../Engine/Plugins/Animation/ControlRig/Content/Controls/ControlRig_Square_3mm.uasset" 6477
"../../../Engine/Plugins/Animation/ControlRig/Content/Controls/ControlRig_Square_1mm.uasset" 6478
"../../../Engine/Plugins/Animation/ControlRig/Content/Controls/ControlRig_Sphere_3mm.uasset" 6479
"../../../Engine/Plugins/Animation/ControlRig/Content/Controls/ControlRig_Sphere_1mm.uasset" 6480
"../../../Engine/Plugins/Animation/ControlRig/Content/Controls/ControlRig_RoundedTriangle_solid.uasset" 6481
"../../../Engine/Plugins/Animation/ControlRig/Content/Controls/ControlRig_RoundedTriangle_3mm.uasset" 6482
"../../../Engine/Plugins/Animation/ControlRig/Content/Controls/ControlRig_RoundedTriangle_1mm.uasset" 6483
"../../../Engine/Plugins/Animation/ControlRig/Content/Controls/ControlRig_RoundedSquare_solid.uasset" 6484
"../../../Engine/Plugins/Animation/ControlRig/Content/Controls/ControlRig_RoundedSquare_3mm.uasset" 6485
"../../../Engine/Plugins/Animation/ControlRig/Content/Controls/ControlRig_RoundedSquare_1mm.uasset" 6486
"../../Plugins/Animation/ControlRig/Content/Controls/DefaultGizmoLibrary.uasset" 6487
"../../../Engine/Plugins/Animation/ControlRig/Content/Controls/ControlRig_QuarterCircle_solid.uasset" 6488
"../../../Engine/Plugins/Animation/ControlRig/Content/Controls/ControlRig_QuarterCircle_3mm.uasset" 6489
"../../Plugins/Interchange/Runtime/Content/Utilities/New_LUT.uasset" 6490
"../../../Engine/Plugins/Animation/ControlRig/Content/Controls/ControlRig_QuarterCircle_1mm.uasset" 6491
"../../../Engine/Plugins/Animation/ControlRig/Content/Controls/ControlRig_Pyramid_solid.uasset" 6492
"../../../Engine/Plugins/Animation/ControlRig/Content/Controls/ControlRig_Pyramid_3mm.uasset" 6493
"../../../Engine/Plugins/Animation/ControlRig/Content/Controls/ControlRig_Pyramid_1mm.uasset" 6494
"../../../Engine/Plugins/Animation/ControlRig/Content/Controls/ControlRig_Octagon_solid.uasset" 6495
"../../../../Users/nguye/UnrealProject/DOTD/Content/Characters/Mannequins/Textures/Shared/T_UE_Logo_M.uasset" 6496
"../../../Engine/Plugins/Animation/ControlRig/Content/Controls/ControlRig_Octagon_1mm.uasset" 6497
"../../../Engine/Plugins/Animation/ControlRig/Content/Controls/ControlRig_Octagon_3mm.uasset" 6498
"../../../Engine/Plugins/Animation/ControlRig/Content/Controls/ControlRig_Hexagon_solid.uasset" 6499
"../../../Engine/Plugins/Animation/ControlRig/Content/Controls/ControlRig_Hexagon_3mm.uasset" 6500
"../../../Engine/Plugins/Animation/ControlRig/Content/Controls/ControlRig_HalfCircle_3mm.uasset" 6501
"../../../Engine/Plugins/Animation/ControlRig/Content/Controls/ControlRig_Hexagon_1mm.uasset" 6502
"../../../Engine/Plugins/Animation/ControlRig/Content/Controls/ControlRig_HalfCircle_solid.uasset" 6503
"../../../Engine/Plugins/Animation/ControlRig/Content/Controls/ControlRig_Diamond_3mm.uasset" 6504
"../../../Engine/Plugins/Animation/ControlRig/Content/Controls/ControlRig_Diamond_solid.uasset" 6505
"../../../Engine/Plugins/Animation/ControlRig/Content/Controls/ControlRig_HalfCircle_1mm.uasset" 6506
"../../../Engine/Plugins/Animation/ControlRig/Content/Controls/ControlRig_Diamond_1mm.uasset" 6507
"../../../Engine/Plugins/Animation/ControlRig/Content/Controls/ControlRig_Circle_3mm.uasset" 6508
"../../../Engine/Plugins/Animation/ControlRig/Content/Controls/ControlRig_Circle_1mm.uasset" 6509
"../../../Engine/Plugins/Animation/ControlRig/Content/Controls/ControlRig_Circle_solid.uasset" 6510
"../../../Engine/Plugins/Animation/ControlRig/Content/Controls/ControlRig_Box_solid.uasset" 6511
"../../../Engine/Plugins/Animation/ControlRig/Content/Controls/ControlRig_Arrow_solid.uasset" 6512
"../../../Engine/Plugins/Animation/ControlRig/Content/Controls/ControlRig_Box_3mm.uasset" 6513
"../../../Engine/Plugins/Animation/ControlRig/Content/Controls/ControlRig_Box_1mm.uasset" 6514
"../../../../Users/nguye/UnrealProject/DOTD/Content/ThirdPerson/Maps/_GENERATED/s3979414/Boolean_DFD358C9.uasset" 6515
"../../../../Users/nguye/UnrealProject/DOTD/Content/ThirdPerson/Maps/_GENERATED/s3979414/Boolean_F2F8BB74.uasset" 6516
"C:/Users/nguye/AppData/Local/UnrealEngine/Common/DerivedDataCache/Buckets/StaticMesh/4a/9b/2e4f819c7b538fc40020a68d293dac487950.udd" 6517
"../../../../Users/nguye/UnrealProject/DOTD/Content/ThirdPerson/Maps/_GENERATED/s3979414/Boolean_D4BB8351.uasset" 6518
"C:/Users/nguye/AppData/Local/UnrealEngine/Common/DerivedDataCache/Buckets/LegacyDIST/4d/39/1a65e084259f6eefe641e5b78b2e6ddaa527.udd" 6519
"../../../../Users/nguye/UnrealProject/DOTD/Content/ThirdPerson/Maps/_GENERATED/s3979414/Boolean_61067C1B.uasset" 6520
"C:/Users/nguye/AppData/Local/UnrealEngine/Common/DerivedDataCache/Buckets/StaticMesh/c2/82/4f7d4f69703f3d4f0804fec19c4ec21afe2a.udd" 6521
"C:/Users/nguye/AppData/Local/UnrealEngine/Common/DerivedDataCache/Buckets/LegacyCARD/86/b5/65c541109d9f23a09383a2533204f38c3466.udd" 6522
"../../../../Users/nguye/UnrealProject/DOTD/Content/ThirdPerson/Maps/_GENERATED/s3979414/Boolean_5DC792DE.uasset" 6523
"C:/Users/nguye/AppData/Local/UnrealEngine/Common/DerivedDataCache/Buckets/LegacyDIST/4f/4d/240c9be6f8c36dd83a863f200ee3e14ee37f.udd" 6524
"C:/Users/nguye/AppData/Local/UnrealEngine/Common/DerivedDataCache/Buckets/StaticMesh/5a/1e/7bc9e275b9db0c8f9e9e701fe8d9bc72efcf.udd" 6525
"../../../../Users/nguye/UnrealProject/DOTD/Content/ThirdPerson/Maps/_GENERATED/s3979414/Boolean_584AC932.uasset" 6526
"../../../../Users/nguye/UnrealProject/DOTD/Content/ThirdPerson/Maps/_GENERATED/s3979414/Boolean_4B58CD8A.uasset" 6527
"C:/Users/nguye/AppData/Local/UnrealEngine/Common/DerivedDataCache/Buckets/LegacyCARD/41/36/c10c7f1bd8ce746d3195c9a5904ddc9d5489.udd" 6528
"C:/Users/nguye/AppData/Local/UnrealEngine/Common/DerivedDataCache/Buckets/LegacyDIST/25/ee/c691c07f27b37b0d67bf08f929b8c583b2a9.udd" 6529
"C:/Users/nguye/AppData/Local/UnrealEngine/Common/DerivedDataCache/Buckets/LegacyCARD/49/c2/46deb25d3bdb9f260cc0dca19d9508896c88.udd" 6530
"C:/Users/nguye/AppData/Local/UnrealEngine/Common/DerivedDataCache/Buckets/StaticMesh/fb/b1/8d2b4c0b113f137d605ba0174fc57f9e076e.udd" 6531
"C:/Users/nguye/AppData/Local/UnrealEngine/Common/DerivedDataCache/Buckets/LegacyNavCollision/65/fb/b8e6b35b983a266303e77cfc3d0e6897b9d1.udd" 6532
"../../../../Users/nguye/UnrealProject/DOTD/Content/ThirdPerson/Maps/_GENERATED/s3979414/Boolean_16C16215.uasset" 6533
"C:/Users/nguye/AppData/Local/UnrealEngine/Common/DerivedDataCache/Buckets/LegacyDIST/0c/b5/f0612d2173df7a3ad8c657ec7272fc0f7b68.udd" 6534
"../../../../Users/nguye/UnrealProject/DOTD/Content/ThirdPerson/Maps/_GENERATED/s3979414/Boolean_D9BE8150.uasset" 6535
"C:/Users/nguye/AppData/Local/UnrealEngine/Common/DerivedDataCache/Buckets/StaticMesh/58/bf/545d126ca588bb8a183eb8feeb17dec57e4b.udd" 6536
"C:/Users/nguye/AppData/Local/UnrealEngine/Common/DerivedDataCache/Buckets/LegacyCARD/c4/67/6c498ee42c89dee63465537ae70d4fa1ea6b.udd" 6537
"C:/Users/nguye/AppData/Local/UnrealEngine/Common/DerivedDataCache/Buckets/LegacyNavCollision/c7/79/9337f6ac378f7f677531234f151d57a8ff7a.udd" 6538
"../../../../Users/nguye/UnrealProject/DOTD/Content/ThirdPerson/Maps/_GENERATED/s3979414/Boolean_D41D4565.uasset" 6539
"C:/Users/nguye/AppData/Local/UnrealEngine/Common/DerivedDataCache/Buckets/LegacyDIST/27/86/a960eac90f29ac832a43b15f7cb289486202.udd" 6540
"../../../../Users/nguye/UnrealProject/DOTD/Content/ThirdPerson/Maps/_GENERATED/s3979414/Boolean_2D9F34BC.uasset" 6541
"C:/Users/nguye/AppData/Local/UnrealEngine/Common/DerivedDataCache/Buckets/LegacyCARD/74/6b/8f9c38b80f8b76464174efc022d6e3983928.udd" 6542
"../../../../Users/nguye/UnrealProject/DOTD/Content/ThirdPerson/Maps/_GENERATED/s3979414/Boolean_2B68CBBF.uasset" 6543
"C:/Users/nguye/AppData/Local/UnrealEngine/Common/DerivedDataCache/Buckets/StaticMesh/ae/7b/6f8e4a941930f7d6fc415d7cdff429ff0375.udd" 6544
"C:/Users/nguye/AppData/Local/UnrealEngine/Common/DerivedDataCache/Buckets/LegacyDIST/e4/f0/f252b94499f416e7bbbff37bdd22a90546c3.udd" 6545
"C:/Users/nguye/AppData/Local/UnrealEngine/Common/DerivedDataCache/Buckets/LegacyCARD/5a/7c/6b9aad2d43aacf25ecca8ba908d740505c2e.udd" 6546
"C:/Users/nguye/AppData/Local/UnrealEngine/Common/DerivedDataCache/Buckets/LegacyNavCollision/16/d8/d0389ba80497403be5c1406bc95ab262b4ae.udd" 6547
"../../../Engine/Plugins/Animation/ControlRig/Content/Controls/ControlRig_Arrow_3mm.uasset" 6548
"../../../Engine/Plugins/Animation/ControlRig/Content/Controls/ControlRig_Arrow_1mm.uasset" 6549
"../../../Engine/Plugins/Animation/ControlRig/Content/Controls/ControlRig_Arrow4_solid.uasset" 6550
"../../../Engine/Plugins/Animation/ControlRig/Content/Controls/ControlRig_Arrow4_1mm.uasset" 6551
"../../../Engine/Plugins/Animation/ControlRig/Content/Controls/ControlRig_Arrow2_solid.uasset" 6552
"../../../Engine/Plugins/Animation/ControlRig/Content/Controls/ControlRig_Arrow4_3mm.uasset" 6553
"../../../Engine/Plugins/Animation/ControlRig/Content/Controls/ControlRig_Arrow2_3mm.uasset" 6554
"../../../Engine/Plugins/Animation/ControlRig/Content/Controls/ControlRig_Arrow2_1mm.uasset" 6555
"../../../Engine/Plugins/Animation/ControlRig/Content/Controls/ControlRig_Sphere_solid.uasset" 6556
"C:/Users/nguye/UnrealProject/DOTD/Content/ThirdPerson/Maps/_GENERATED/s3979427/Stairs_7AF7EE69.uasset" 6557
"C:/Users/nguye/UnrealProject/DOTD/Content/ThirdPerson/Maps/_GENERATED/s3979427/Cylinder_1F926455.uasset" 6558
"C:/Users/nguye/UnrealProject/DOTD/Content/ThirdPerson/Maps/_GENERATED/s3979427/Box_6D7B1B02.uasset" 6559
"C:/Users/nguye/UnrealProject/DOTD/Content/ThirdPerson/Maps/_GENERATED/s3979427/Box_91AFF481.uasset" 6560
"C:/Users/nguye/UnrealProject/DOTD/Content/ThirdPerson/Maps/_GENERATED/s3979427/Box_8E424FE4.uasset" 6561
"C:/Users/nguye/UnrealProject/DOTD/Content/ThirdPerson/Maps/_GENERATED/s3979427/Box_7A150DC0.uasset" 6562
"C:/Users/nguye/UnrealProject/DOTD/Content/ThirdPerson/Maps/_GENERATED/s3979427/Box_0F9DF06C.uasset" 6563
"C:/Users/nguye/UnrealProject/DOTD/Content/ThirdPerson/Maps/_GENERATED/s3979414/Stairs_12001CA9.uasset" 6564
"C:/Users/nguye/UnrealProject/DOTD/Content/ThirdPerson/Maps/_GENERATED/s3979414/Cylinder_C1E45F35.uasset" 6565
"C:/Users/nguye/UnrealProject/DOTD/Content/ThirdPerson/Maps/_GENERATED/s3979414/Cylinder_E3A47655.uasset" 6566
"C:/Users/nguye/UnrealProject/DOTD/Content/ThirdPerson/Maps/_GENERATED/s3979414/Cylinder_B3784996.uasset" 6567
"C:/Users/nguye/UnrealProject/DOTD/Content/ThirdPerson/Maps/_GENERATED/s3979414/Box_ECAB94BE.uasset" 6568
"C:/Users/nguye/UnrealProject/DOTD/Content/ThirdPerson/Maps/_GENERATED/s3979414/Box_E0A1FB4C.uasset" 6569
"C:/Users/nguye/UnrealProject/DOTD/Content/ThirdPerson/Maps/_GENERATED/s3979414/Box_A881AB2F.uasset" 6570
"C:/Users/nguye/UnrealProject/DOTD/Content/ThirdPerson/Maps/_GENERATED/s3979414/Box_9C5DB63A.uasset" 6571
"C:/Users/nguye/UnrealProject/DOTD/Content/ThirdPerson/Maps/_GENERATED/s3979414/Box_389533CD.uasset" 6572
"C:/Users/nguye/UnrealProject/DOTD/Content/ThirdPerson/Maps/_GENERATED/s3979414/Box_4A82B2B8.uasset" 6573
"C:/Users/nguye/UnrealProject/DOTD/Content/ThirdPerson/Maps/_GENERATED/s3979414/Box_56BE5C30.uasset" 6574
"C:/Users/nguye/UnrealProject/DOTD/Content/ThirdPerson/Maps/_GENERATED/s3979414/Boolean_EBEB87F9.uasset" 6575
"C:/Users/nguye/UnrealProject/DOTD/Content/ThirdPerson/Maps/_GENERATED/s3979414/Boolean_E00D6661.uasset" 6576
"C:/Users/nguye/UnrealProject/DOTD/Content/ThirdPerson/Maps/_GENERATED/s3979414/Boolean_C554B9E3.uasset" 6577
"C:/Users/nguye/UnrealProject/DOTD/Content/ThirdPerson/Maps/_GENERATED/s3979414/Boolean_C86BD289.uasset" 6578
"C:/Users/nguye/UnrealProject/DOTD/Content/ThirdPerson/Maps/_GENERATED/s3979414/Boolean_DD11D526.uasset" 6579
"C:/Users/nguye/UnrealProject/DOTD/Content/ThirdPerson/Maps/_GENERATED/s3979414/Boolean_7D973B04.uasset" 6580
"C:/Users/nguye/UnrealProject/DOTD/Content/ThirdPerson/Maps/_GENERATED/s3979414/Boolean_85E95539.uasset" 6581
"C:/Users/nguye/UnrealProject/DOTD/Content/ThirdPerson/Maps/_GENERATED/s3979414/Boolean_8B15AA6E.uasset" 6582
"C:/Users/nguye/UnrealProject/DOTD/Content/ThirdPerson/Maps/_GENERATED/s3979414/Boolean_C419CBD5.uasset" 6583
"C:/Users/nguye/UnrealProject/DOTD/Content/ThirdPerson/Maps/_GENERATED/s3979414/Boolean_A26E3B38.uasset" 6584
"C:/Users/nguye/UnrealProject/DOTD/Content/ThirdPerson/Maps/_GENERATED/s3979414/Boolean_7C7F8C20.uasset" 6585
"C:/Users/nguye/UnrealProject/DOTD/Content/ThirdPerson/Maps/_GENERATED/s3979414/Boolean_6E7FA24A.uasset" 6586
"C:/Users/nguye/UnrealProject/DOTD/Content/ThirdPerson/Maps/_GENERATED/s3979414/Boolean_7A80A085.uasset" 6587
"C:/Users/nguye/UnrealProject/DOTD/Content/ThirdPerson/Maps/_GENERATED/s3979414/Boolean_73487D37.uasset" 6588
"C:/Users/nguye/UnrealProject/DOTD/Content/ThirdPerson/Maps/_GENERATED/s3979414/Boolean_6DA784CE.uasset" 6589
"C:/Users/nguye/UnrealProject/DOTD/Content/ThirdPerson/Maps/_GENERATED/s3979414/Boolean_52ED6120.uasset" 6590
"C:/Users/nguye/UnrealProject/DOTD/Content/ThirdPerson/Maps/_GENERATED/s3979414/Boolean_4DA538D9.uasset" 6591
"C:/Users/nguye/UnrealProject/DOTD/Content/ThirdPerson/Maps/_GENERATED/s3979414/Boolean_4349ACAB.uasset" 6592
"C:/Users/nguye/UnrealProject/DOTD/Content/ThirdPerson/Maps/_GENERATED/s3979414/Boolean_2200AD75.uasset" 6593
"C:/Users/nguye/UnrealProject/DOTD/Content/ThirdPerson/Maps/_GENERATED/s3979414/Boolean_314AC4A6.uasset" 6594
"C:/Users/nguye/UnrealProject/DOTD/Content/ThirdPerson/Maps/_GENERATED/nguye/Box_DA46D820.uasset" 6595
"C:/Users/nguye/UnrealProject/DOTD/Content/ThirdPerson/Maps/_GENERATED/nguye/Box_B02E7A84.uasset" 6596
"C:/Users/nguye/UnrealProject/DOTD/Content/ThirdPerson/Maps/_GENERATED/nguye/Box_E504BDB5.uasset" 6597
"C:/Users/nguye/UnrealProject/DOTD/Content/ThirdPerson/Maps/_GENERATED/nguye/Box_BA56704A.uasset" 6598
"C:/Users/nguye/UnrealProject/DOTD/Content/ThirdPerson/Maps/_GENERATED/nguye/Box_92A1A3C5.uasset" 6599
"C:/Users/nguye/UnrealProject/DOTD/Content/ThirdPerson/Maps/_GENERATED/nguye/Box_8C02A16A.uasset" 6600
"C:/Users/nguye/UnrealProject/DOTD/Content/ThirdPerson/Maps/_GENERATED/nguye/Box_74A72BC1.uasset" 6601
"C:/Users/nguye/UnrealProject/DOTD/Content/ThirdPerson/Maps/_GENERATED/nguye/Box_4F0B76D1.uasset" 6602
"C:/Users/nguye/UnrealProject/DOTD/Content/ThirdPerson/Maps/_GENERATED/nguye/Box_277A4540.uasset" 6603
"C:/Users/nguye/UnrealProject/DOTD/Content/ThirdPerson/Maps/_GENERATED/nguye/Box_4E686CB2.uasset" 6604
"C:/Users/nguye/UnrealProject/DOTD/Content/ThirdPerson/Maps/_GENERATED/ACER/Cylinder_A36B24C6.uasset" 6605
"C:/Users/nguye/UnrealProject/DOTD/Content/ThirdPerson/Maps/_GENERATED/ACER/Cylinder_51EA7D7C.uasset" 6606
"C:/Users/nguye/UnrealProject/DOTD/Content/ThirdPerson/Maps/_GENERATED/nguye/Box_15EA7D8F.uasset" 6607
"C:/Users/nguye/UnrealProject/DOTD/Content/ThirdPerson/Maps/_GENERATED/ACER/Box_1C1CDE9F.uasset" 6608
"C:/Users/nguye/UnrealProject/DOTD/Content/ThirdPerson/Maps/_GENERATED/ACER/Box_FB07096B.uasset" 6609
"C:/Users/nguye/UnrealProject/DOTD/Content/ThirdPerson/Maps/_GENERATED/ACER/Box_C62D86CA.uasset" 6610
"C:/Users/nguye/UnrealProject/DOTD/Content/ThirdPerson/Maps/_GENERATED/ACER/Boolean_5BB2FB4A.uasset" 6611
"C:/Users/nguye/UnrealProject/DOTD/Content/TextMaterial/NeonTextMaterial.uasset" 6612
"C:/Users/nguye/UnrealProject/DOTD/Content/ThirdPerson/Maps/_GENERATED/ACER/Boolean_68732D8C.uasset" 6613
"C:/Users/nguye/UnrealProject/DOTD/Content/ThirdPerson/Maps/_GENERATED/ACER/Boolean_0AB012D3.uasset" 6614
"C:/Users/nguye/UnrealProject/DOTD/Content/ThirdPerson/Maps/_GENERATED/ACER/Boolean_35ECD7F5.uasset" 6615
"C:/Users/nguye/UnrealProject/DOTD/Content/LevelPrototyping/Meshes/SM_ChamferCube.uasset" 6616
"C:/Users/nguye/UnrealProject/DOTD/Content/ThirdPerson/Maps/_GENERATED/s3979414/Boolean_DFA2A49B.uasset" 6617
"C:/Users/nguye/UnrealProject/DOTD/Content/Characters/Mannequins/Materials/Functions/MF_Diffraction.uasset" 6618
"C:/Users/nguye/UnrealProject/DOTD/Content/Characters/Mannequins/Rigs/Poses/Quinn/Quinn_upperarm_r_pose.uasset" 6619
"C:/Users/nguye/UnrealProject/DOTD/Content/TextMaterial/NeonTextMatGreenInst.uasset" 6620
"C:/Users/nguye/UnrealProject/DOTD/Content/Characters/Mannequins/Rigs/Poses/Quinn/Quinn_lowerarm_r_pose.uasset" 6621
"C:/Users/nguye/UnrealProject/DOTD/Content/Characters/Mannequins/Rigs/Poses/Quinn/Quinn_upperarm_l_pose.uasset" 6622
"C:/Users/nguye/UnrealProject/DOTD/Content/Characters/Mannequins/Rigs/Poses/Quinn/Quinn_thigh_r_pose.uasset" 6623
"C:/Users/nguye/UnrealProject/DOTD/Content/Characters/Mannequins/Rigs/Poses/Quinn/Quinn_hand_r_pose.uasset" 6624
"C:/Users/nguye/UnrealProject/DOTD/Content/Characters/Mannequins/Rigs/Poses/Quinn/Quinn_thigh_l_pose.uasset" 6625
"C:/Users/nguye/UnrealProject/DOTD/Content/Characters/Mannequins/Rigs/Poses/Quinn/Quinn_foot_r_pose.uasset" 6626
"C:/Users/nguye/UnrealProject/DOTD/Content/Characters/Mannequins/Rigs/Poses/Quinn/Quinn_foot_l_pose.uasset" 6627
"C:/Users/nguye/UnrealProject/DOTD/Content/ThirdPerson/Maps/_GENERATED/nguye/Box_5C43C0E8.uasset" 6628
"C:/Users/nguye/UnrealProject/DOTD/Content/Characters/Mannequins/Rigs/Poses/Quinn/Quinn_clavicle_r_pose.uasset" 6629
"C:/Users/nguye/UnrealProject/DOTD/Content/Characters/Mannequins/Rigs/Poses/Quinn/Quinn_lowerarm_l_pose.uasset" 6630
"C:/Users/nguye/UnrealProject/DOTD/Content/Characters/Mannequins/Rigs/Poses/Quinn/Quinn_clavicle_l_pose.uasset" 6631
"C:/Users/nguye/UnrealProject/DOTD/Content/Characters/Mannequins/Rigs/Poses/Quinn/Quinn_calf_r_pose.uasset" 6632
"C:/Users/nguye/UnrealProject/DOTD/Content/Characters/Mannequins/Rigs/Poses/Quinn/Quinn_calf_l_pose.uasset" 6633
"C:/Users/nguye/UnrealProject/DOTD/Content/Characters/Mannequins/Rigs/Poses/Manny/Manny_upperarm_r_pose.uasset" 6634
"C:/Users/nguye/UnrealProject/DOTD/Content/Characters/Mannequins/Rigs/Poses/Manny/Manny_upperarm_l_pose.uasset" 6635
"C:/Users/nguye/UnrealProject/DOTD/Content/Characters/Mannequins/Rigs/Poses/Manny/Manny_thigh_r_pose.uasset" 6636
"C:/Users/nguye/UnrealProject/DOTD/Content/Characters/Mannequins/Rigs/Poses/Manny/Manny_thigh_l_pose.uasset" 6637
"C:/Users/nguye/UnrealProject/DOTD/Content/Characters/Mannequins/Rigs/Poses/Manny/Manny_lowerarm_l_pose.uasset" 6638
"C:/Users/nguye/UnrealProject/DOTD/Content/Characters/Mannequins/Rigs/Poses/Manny/Manny_lowerarm_r_pose.uasset" 6639
"C:/Users/nguye/UnrealProject/DOTD/Content/Characters/Mannequins/Rigs/Poses/Manny/Manny_hand_l_pose.uasset" 6640
"C:/Users/nguye/UnrealProject/DOTD/Content/Characters/Mannequins/Rigs/Poses/Manny/Manny_clavicle_r_pose.uasset" 6641
"C:/Users/nguye/UnrealProject/DOTD/Content/Characters/Mannequins/Rigs/Poses/Manny/Manny_hand_r_pose.uasset" 6642
"C:/Users/nguye/UnrealProject/DOTD/Content/Characters/Mannequins/Rigs/Poses/Manny/Manny_foot_r_pose.uasset" 6643
"C:/Users/nguye/UnrealProject/DOTD/Content/Characters/Mannequins/Rigs/Poses/Manny/Manny_clavicle_l_pose.uasset" 6644
"C:/Users/nguye/UnrealProject/DOTD/Content/Characters/Mannequins/Rigs/Poses/Manny/Manny_foot_l_pose.uasset" 6645
"C:/Users/nguye/UnrealProject/DOTD/Content/Characters/Mannequins/Rigs/Poses/Manny/Manny_calf_r_pose.uasset" 6646
"C:/Users/nguye/UnrealProject/DOTD/Content/Characters/Mannequins/Animations/Quinn/BS_MF_Unarmed_WalkRun.uasset" 6647
"C:/Users/nguye/UnrealProject/DOTD/Content/Characters/Mannequins/Animations/Manny/BS_MM_WalkRun.uasset" 6648
"C:/Users/nguye/UnrealProject/DOTD/Content/LevelPrototyping/Materials/MF_ProcGrid.uasset" 6649
"C:/Users/nguye/UnrealProject/DOTD/Content/Characters/Mannequins/Rigs/Poses/Manny/Manny_calf_l_pose.uasset" 6650
"C:/Users/nguye/UnrealProject/DOTD/Content/Enemy/BP_EnemySpawn.uasset" 6651
"C:/Users/nguye/UnrealProject/DOTD/Content/TextMaterial/NeonTextMaterial_Inst.uasset" 6652
"C:/Users/nguye/UnrealProject/DOTD/Content/Characters/Mannequin_UE4/Materials/M_MannequinUE4_Body.uasset" 6653
"../../../Engine/Plugins/Interchange/Runtime/Content/Functions/MX_StandardSurface.uasset" 6654
"C:/Users/nguye/UnrealProject/DOTD/Content/ThirdPerson/Blueprints/BP_Door.uasset" 6655
"C:/Users/nguye/UnrealProject/DOTD/Content/Characters/Mannequins/Materials/M_Mannequin.uasset" 6656
"C:/Users/nguye/UnrealProject/DOTD/Content/Characters/Mannequins/Rigs/ABP_Quinn_PostProcess.uasset" 6657
"C:/Users/nguye/UnrealProject/DOTD/Content/Characters/Mannequins/Rigs/Poses/Quinn/Quinn_hand_l_pose.uasset" 6658
"C:/Users/nguye/UnrealProject/DOTD/Content/Characters/Mannequins/Rigs/ABP_Manny_PostProcess.uasset" 6659
"C:/Users/nguye/UnrealProject/DOTD/Content/Characters/Mannequins/Animations/ABP_Manny.uasset" 6660
"../../../Engine/Plugins/Interchange/Runtime/Content/Functions/MX_TransmissionSurface.uasset" 6661
"../../../Engine/Plugins/Interchange/Runtime/Content/gltf/M_Unlit.uasset" 6662
"C:/Users/nguye/UnrealProject/DOTD/Content/LevelPrototyping/Materials/M_PrototypeGrid.uasset" 6663
"C:/Users/nguye/UnrealProject/DOTD/Content/Characters/Mannequin_UE4/Materials/M_MannequinUE4_ChestLogo.uasset" 6664
"C:/Users/nguye/UnrealProject/DOTD/Content/ThirdPerson/Blueprints/BP_Key.uasset" 6665
"C:/Users/nguye/UnrealProject/DOTD/Content/Characters/Mannequins/Materials/Instances/Quinn/MI_Quinn_01.uasset" 6666
"C:/Users/nguye/UnrealProject/DOTD/Content/Characters/Mannequins/Materials/Instances/Manny/MI_Manny_01.uasset" 6667
"C:/Users/nguye/UnrealProject/DOTD/Content/Characters/Mannequins/Animations/ABP_Quinn.uasset" 6668
"C:/Users/nguye/UnrealProject/DOTD/Content/ThirdPerson/Maps/_GENERATED/s3979427/Boolean_3E45AEED.uasset" 6669
"C:/Users/nguye/UnrealProject/DOTD/Content/ThirdPerson/Maps/_GENERATED/nguye/Boolean_40DF9112.uasset" 6670
"C:/Users/nguye/UnrealProject/DOTD/Content/ThirdPerson/Maps/_GENERATED/nguye/Boolean_33BC819C.uasset" 6671
"C:/Users/nguye/UnrealProject/DOTD/Content/LevelPrototyping/Materials/MI_PrototypeGrid_TopDark.uasset" 6672
"C:/Users/nguye/UnrealProject/DOTD/Content/LevelPrototyping/Materials/MI_PrototypeGrid_Gray_02.uasset" 6673
"C:/Users/nguye/UnrealProject/DOTD/Content/LevelPrototyping/Materials/MI_PrototypeGrid_Gray.uasset" 6674
"../../../Engine/Plugins/Interchange/Runtime/Content/gltf/MaterialInstances/MI_Unlit_Blend_DS.uasset" 6675
"C:/Users/nguye/UnrealProject/DOTD/Content/Characters/Mannequin_UE4/Meshes/SK_Mannequin.uasset" 6676
"../../Plugins/Interchange/Runtime/Content/Functions/MF_OrenNayerView.uasset" 6677
"../../Plugins/Interchange/Runtime/Content/Functions/MF_SchlickApprox.uasset" 6678
"../../../Engine/Plugins/Interchange/Runtime/Content/gltf/MaterialInstances/MI_Unlit_Blend.uasset" 6679
"../../../Engine/Plugins/Interchange/Runtime/Content/gltf/MaterialInstances/MI_Unlit_Mask_DS.uasset" 6680
"../../../Engine/Plugins/Interchange/Runtime/Content/gltf/MaterialInstances/MI_Unlit_Opaque_DS.uasset" 6681
"../../../../Users/nguye/UnrealProject/DOTD/Content/LevelPrototyping/Textures/T_GridChecker_A.uasset" 6682
"../../../../Users/nguye/UnrealProject/DOTD/Content/Characters/Mannequin_UE4/Materials/Layers/ML_ShinyPlastic_Beige.uasset" 6683
"../../../../Users/nguye/UnrealProject/DOTD/Content/Characters/Mannequin_UE4/Textures/T_UE4_Mannequin__normals.uasset" 6684
"../../../../Users/nguye/UnrealProject/DOTD/Content/Characters/Mannequin_UE4/Textures/T_UE4_Mannequin_MAT_MASKA.uasset" 6685
"../../../Engine/Plugins/Interchange/Runtime/Content/gltf/MaterialInstances/MI_Unlit_Mask.uasset" 6686
"../../../Engine/Plugins/Interchange/Runtime/Content/gltf/MaterialInstances/MI_Unlit_Opaque.uasset" 6687
"../../../Engine/Plugins/Interchange/Runtime/Content/gltf/M_SpecularGlossiness.uasset" 6688
"../../../Engine/Plugins/Interchange/Runtime/Content/gltf/M_Sheen.uasset" 6689
"../../../Engine/Plugins/Interchange/Runtime/Content/gltf/M_Transmission.uasset" 6690
"../../../Engine/Plugins/Interchange/Runtime/Content/gltf/M_ClearCoat.uasset" 6691
"../../../../Users/nguye/UnrealProject/DOTD/Content/ThirdPerson/Blueprints/BPI_Door.uasset" 6692
"../../../../Users/nguye/UnrealProject/DOTD/Content/ThirdPerson/Blueprints/BPI_Interact.uasset" 6693
"../../../../Users/nguye/UnrealProject/DOTD/Content/Characters/Mannequins/Materials/Functions/ML_BaseColorFallOff.uasset" 6694
"../../../Engine/Plugins/Interchange/Runtime/Content/gltf/M_Default.uasset" 6695
"../../../../Users/nguye/UnrealProject/DOTD/Content/Characters/Mannequins/Textures/Manny/T_Manny_01_ASAOPMASK_MSK.uasset" 6696
"../../../../Users/nguye/UnrealProject/DOTD/Content/Characters/Mannequins/Textures/Manny/T_Manny_01_BN.uasset" 6697
"../../../../Users/nguye/UnrealProject/DOTD/Content/Characters/Mannequins/Textures/Manny/T_Manny_01_CCRCCPlastic_MSK.uasset" 6698
"../../../../Users/nguye/UnrealProject/DOTD/Content/Characters/Mannequins/Textures/Manny/T_Manny_01_D.uasset" 6699
"../../../../Users/nguye/UnrealProject/DOTD/Content/Characters/Mannequins/Textures/Manny/T_Manny_01_MSR_MSK.uasset" 6700
"../../../../Users/nguye/UnrealProject/DOTD/Content/Characters/Mannequins/Textures/Manny/T_Manny_01_N.uasset" 6701
"../../../../Users/nguye/UnrealProject/DOTD/Content/Characters/Mannequins/Textures/Manny/T_Manny_01_Tan.uasset" 6702
"C:/Users/nguye/UnrealProject/DOTD/Content/Characters/Mannequins/Materials/Instances/Quinn/MI_Quinn_02.uasset" 6703
"C:/Users/nguye/UnrealProject/DOTD/Content/Characters/Mannequins/Materials/Instances/Manny/MI_Manny_02.uasset" 6704
"C:/Users/nguye/UnrealProject/DOTD/Content/LevelPrototyping/Meshes/SM_Ramp.uasset" 6705
"C:/Users/nguye/UnrealProject/DOTD/Content/LevelPrototyping/Meshes/SM_QuarterCylinder.uasset" 6706
"C:/Users/nguye/UnrealProject/DOTD/Content/LevelPrototyping/Meshes/SM_Cylinder.uasset" 6707
"../../../../Users/nguye/UnrealProject/DOTD/Content/Characters/Mannequin_UE4/Textures/T_UELogo_N_TGA.uasset" 6708
"C:/Users/nguye/UnrealProject/DOTD/Content/LevelPrototyping/Meshes/SM_Cube.uasset" 6709
"C:/Users/nguye/AppData/Local/UnrealEngine/Common/DerivedDataCache/Buckets/StaticMesh/57/7a/7e7a77767a9a83e1e9727d74356175ae0d08.udd" 6710
"C:/Users/nguye/AppData/Local/UnrealEngine/Common/DerivedDataCache/Buckets/StaticMesh/49/90/e702e387506e85bddbca89d4c4dfc821ebc2.udd" 6711
"../../../Engine/Plugins/Interchange/Runtime/Content/gltf/MaterialInstances/MI_SpecularGlossiness_Blend_DS.uasset" 6712
"C:/Users/nguye/AppData/Local/UnrealEngine/Common/DerivedDataCache/Buckets/StaticMesh/01/df/7328d1128b408cbcc3f837c60906233fa1aa.udd" 6713
"../../../Engine/Plugins/Interchange/Runtime/Content/gltf/MaterialInstances/MI_SpecularGlossiness_Mask_DS.uasset" 6714
"C:/Users/nguye/AppData/Local/UnrealEngine/Common/DerivedDataCache/Buckets/StaticMesh/12/3a/66350864b0d550797e8721f198e81a995d36.udd" 6715
"C:/Users/nguye/AppData/Local/UnrealEngine/Common/DerivedDataCache/Buckets/StaticMesh/24/a4/4c2ffac2e510c3ca2309881863bafb1b5c0f.udd" 6716
"C:/Users/nguye/AppData/Local/UnrealEngine/Common/DerivedDataCache/Buckets/StaticMesh/18/49/8f2ba679abecfb2de9b0bab4d2a3e0790108.udd" 6717
"C:/Users/nguye/AppData/Local/UnrealEngine/Common/DerivedDataCache/Buckets/StaticMesh/9f/82/ad6c57f4da7d9f38f4f0d9d803378926169f.udd" 6718
"../../../Engine/Plugins/Interchange/Runtime/Content/gltf/MaterialInstances/MI_SpecularGlossiness_Opaque_DS.uasset" 6719
"../../../Engine/Plugins/Interchange/Runtime/Content/gltf/MaterialInstances/MI_SpecularGlossiness_Blend.uasset" 6720
"C:/Users/nguye/AppData/Local/UnrealEngine/Common/DerivedDataCache/Buckets/StaticMesh/6d/27/1f179ba53ef79b8dfe0220ce301d665cb704.udd" 6721
"C:/Users/nguye/AppData/Local/UnrealEngine/Common/DerivedDataCache/Buckets/StaticMesh/18/c2/930b266d4429bda5d4a2b27e7de1ae4c3a06.udd" 6722
"C:/Users/nguye/AppData/Local/UnrealEngine/Common/DerivedDataCache/Buckets/StaticMesh/4e/c2/2f557ffd0cdd5e927d86d2bb775d6783069a.udd" 6723
"C:/Users/nguye/AppData/Local/UnrealEngine/Common/DerivedDataCache/Buckets/StaticMesh/08/68/472175a99de46774fc619ff407cf7d7449b5.udd" 6724
"C:/Users/nguye/AppData/Local/UnrealEngine/Common/DerivedDataCache/Buckets/StaticMesh/fb/a1/93ab436cec10e1cbb45105a2157e36141ac3.udd" 6725
"C:/Users/nguye/AppData/Local/UnrealEngine/Common/DerivedDataCache/Buckets/LegacyDIST/67/83/aa7550da3edb9fcf3b8ab26add7397ccd52e.udd" 6726
"C:/Users/nguye/AppData/Local/UnrealEngine/Common/DerivedDataCache/Buckets/LegacyCARD/79/ab/92a88878b4d6a098ed742a2340894697c2b5.udd" 6727
"C:/Users/nguye/AppData/Local/UnrealEngine/Common/DerivedDataCache/Buckets/LegacyDIST/70/84/fbc596610314926f09c39aea8de60d64145e.udd" 6728
"C:/Users/nguye/AppData/Local/UnrealEngine/Common/DerivedDataCache/Buckets/LegacyCARD/d0/65/b809c55254766e5d4b35624d3596fba28734.udd" 6729
"C:/Users/nguye/AppData/Local/UnrealEngine/Common/DerivedDataCache/Buckets/LegacyDIST/85/95/d007a15f400644ef8a731603055c44c7d4ee.udd" 6730
"../../../../Users/nguye/UnrealProject/DOTD/Content/ThirdPerson/Maps/_GENERATED/s3979427/Cylinder_1F926455.uasset" 6731
"../../../../Users/nguye/UnrealProject/DOTD/Content/ThirdPerson/Maps/_GENERATED/s3979427/Box_7A150DC0.uasset" 6732
"../../../../Users/nguye/UnrealProject/DOTD/Content/ThirdPerson/Maps/_GENERATED/s3979414/Cylinder_E3A47655.uasset" 6733
"../../../../Users/nguye/UnrealProject/DOTD/Content/ThirdPerson/Maps/_GENERATED/s3979414/Cylinder_C1E45F35.uasset" 6734
"C:/Users/nguye/AppData/Local/UnrealEngine/Common/DerivedDataCache/Buckets/StaticMesh/6c/23/64df7dcf72d5877e90c7dc22030a7cdb4229.udd" 6735
"../../../../Users/nguye/UnrealProject/DOTD/Content/ThirdPerson/Maps/_GENERATED/s3979414/Cylinder_B3784996.uasset" 6736
"C:/Users/nguye/AppData/Local/UnrealEngine/Common/DerivedDataCache/Buckets/StaticMesh/e0/53/a92c146c557340dc9594d5527bba01b07aad.udd" 6737
"C:/Users/nguye/AppData/Local/UnrealEngine/Common/DerivedDataCache/Buckets/StaticMesh/33/b2/008fd30a0fd483bad5a5f59231a540ba2317.udd" 6738
"C:/Users/nguye/AppData/Local/UnrealEngine/Common/DerivedDataCache/Buckets/StaticMesh/83/d2/0593d5421be2c87154cf9e632c7c43816613.udd" 6739
"../../../../Users/nguye/UnrealProject/DOTD/Content/ThirdPerson/Maps/_GENERATED/s3979414/Box_ECAB94BE.uasset" 6740
"C:/Users/nguye/AppData/Local/UnrealEngine/Common/DerivedDataCache/Buckets/LegacyDIST/fc/d2/1efe3a311d79fc49c209b50de0462a038ecc.udd" 6741
"../../../../Users/nguye/UnrealProject/DOTD/Content/ThirdPerson/Maps/_GENERATED/s3979414/Box_E0A1FB4C.uasset" 6742
"C:/Users/nguye/AppData/Local/UnrealEngine/Common/DerivedDataCache/Buckets/LegacyDIST/23/6d/5d9cddb1db69e4424a154f8221da203342ec.udd" 6743
"C:/Users/nguye/AppData/Local/UnrealEngine/Common/DerivedDataCache/Buckets/LegacyDIST/b0/e6/a3c57ad3dd88e2c27ceda26151d7a43e7e54.udd" 6744
"C:/Users/nguye/AppData/Local/UnrealEngine/Common/DerivedDataCache/Buckets/LegacyCARD/47/c7/2543052c7d1d1bc38322e16695be469a94b1.udd" 6745
"C:/Users/nguye/AppData/Local/UnrealEngine/Common/DerivedDataCache/Buckets/LegacyCARD/03/e4/5a2160d1b1172e511dfef203e361833c6b0d.udd" 6746
"C:/Users/nguye/AppData/Local/UnrealEngine/Common/DerivedDataCache/Buckets/StaticMesh/ec/52/25e01f1c567020fa3863dccd709e6d82188c.udd" 6747
"C:/Users/nguye/AppData/Local/UnrealEngine/Common/DerivedDataCache/Buckets/LegacyCARD/d2/49/f67b8136197731d4f3f03084af1f74bc6cfc.udd" 6748
"C:/Users/nguye/AppData/Local/UnrealEngine/Common/DerivedDataCache/Buckets/StaticMesh/58/52/08382907e24589cafba76756d780fa97af7e.udd" 6749
"C:/Users/nguye/AppData/Local/UnrealEngine/Common/DerivedDataCache/Buckets/LegacyDIST/e8/a2/eb6402919a9799d3375f540f38afdcbb388d.udd" 6750
"C:/Users/nguye/AppData/Local/UnrealEngine/Common/DerivedDataCache/Buckets/StaticMesh/ef/6c/1be391fae5c6b35dbb53d40ff99ebcb3068f.udd" 6751
"C:/Users/nguye/AppData/Local/UnrealEngine/Common/DerivedDataCache/Buckets/LegacyDIST/18/a9/eae9537ae235046d943fadb45aa10d239d03.udd" 6752
"C:/Users/nguye/AppData/Local/UnrealEngine/Common/DerivedDataCache/Buckets/LegacyCARD/01/b6/201970c35478bfafa5b24a30b20a6d03ae65.udd" 6753
"C:/Users/nguye/AppData/Local/UnrealEngine/Common/DerivedDataCache/Buckets/LegacyCARD/47/fe/8b2ed3b2bfb4eb6d4707ac862b2b5014bac0.udd" 6754
"C:/Users/nguye/AppData/Local/UnrealEngine/Common/DerivedDataCache/Buckets/LegacyCARD/4e/bb/e94028061f9886c62ed3a589ba7fbbd0ac5f.udd" 6755
"C:/Users/nguye/AppData/Local/UnrealEngine/Common/DerivedDataCache/Buckets/LegacyDIST/38/c1/a5f034e89b4a1e2548d9bd32d99d4367aae0.udd" 6756
"C:/Users/nguye/AppData/Local/UnrealEngine/Common/DerivedDataCache/Buckets/LegacyNavCollision/eb/fd/5c3771c368553b596850142c86d8fd6aed3d.udd" 6757
"C:/Users/nguye/AppData/Local/UnrealEngine/Common/DerivedDataCache/Buckets/StaticMesh/8e/f8/daff0ecb481e27b6cbcb54e9cba4f96130dd.udd" 6758
"C:/Users/nguye/AppData/Local/UnrealEngine/Common/DerivedDataCache/Buckets/LegacyCARD/c0/aa/1f9692570c49a485a8df00855f2b542d26d8.udd" 6759
"C:/Users/nguye/AppData/Local/UnrealEngine/Common/DerivedDataCache/Buckets/LegacyDIST/8d/74/013423471befd31086cfb198705a57163bc8.udd" 6760
"C:/Users/nguye/AppData/Local/UnrealEngine/Common/DerivedDataCache/Buckets/LegacyCARD/61/e1/be2dc42631dea4d38787dff4cf981fe1f73b.udd" 6761
"C:/Users/nguye/AppData/Local/UnrealEngine/Common/DerivedDataCache/Buckets/LegacyDIST/7a/e6/f430d4318d40c23f9e3032f8668cfdabde7e.udd" 6762
"C:/Users/nguye/AppData/Local/UnrealEngine/Common/DerivedDataCache/Buckets/StaticMesh/cb/f1/9079e29212aeff416944f73c14d57b7a451a.udd" 6763
"C:/Users/nguye/AppData/Local/UnrealEngine/Common/DerivedDataCache/Buckets/StaticMesh/9a/c1/d59a5849aad7293b76c61cdcf332a50191c4.udd" 6764
"C:/Users/nguye/AppData/Local/UnrealEngine/Common/DerivedDataCache/Buckets/LegacyNavCollision/02/97/3be2f6c735c0b55f625d1c13d569a4745152.udd" 6765
"C:/Users/nguye/AppData/Local/UnrealEngine/Common/DerivedDataCache/Buckets/LegacyCARD/e9/dc/632792fa33f6641c2df6aaf5511d1d7639ac.udd" 6766
"C:/Users/nguye/AppData/Local/UnrealEngine/Common/DerivedDataCache/Buckets/StaticMesh/59/06/4396ee3fa5069e5a9b8592fb3edf82cbaa24.udd" 6767
"C:/Users/nguye/AppData/Local/UnrealEngine/Common/DerivedDataCache/Buckets/LegacyDIST/ec/dc/3fb2b9050138a42f146b4bcdc2eb1f72e0cb.udd" 6768
"C:/Users/nguye/AppData/Local/UnrealEngine/Common/DerivedDataCache/Buckets/StaticMesh/4b/a8/fb377fa32cf32829aa243ec303a3c1382a8a.udd" 6769
"C:/Users/nguye/AppData/Local/UnrealEngine/Common/DerivedDataCache/Buckets/StaticMesh/05/f5/ef4619025a1eee801628cc9c92381e962a46.udd" 6770
"C:/Users/nguye/AppData/Local/UnrealEngine/Common/DerivedDataCache/Buckets/LegacyDIST/75/66/eec177ddab120f173939b23479df6aaf407d.udd" 6771
"C:/Users/nguye/AppData/Local/UnrealEngine/Common/DerivedDataCache/Buckets/LegacyCARD/17/99/3c529f7b8a949a8ad998e8c9662b157153cd.udd" 6772
"C:/Users/nguye/AppData/Local/UnrealEngine/Common/DerivedDataCache/Buckets/LegacyDIST/04/9a/7a136b1752aa43bcc1477dcb5cf6cc1e0068.udd" 6773
"C:/Users/nguye/AppData/Local/UnrealEngine/Common/DerivedDataCache/Buckets/LegacyNavCollision/69/f1/05a3eae04a99853443de09d0753d30f4e0b6.udd" 6774
"C:/Users/nguye/AppData/Local/UnrealEngine/Common/DerivedDataCache/Buckets/LegacyCARD/c7/20/f4cbf77ec8745e9dcc1543c329e3ef9ec9ae.udd" 6775
"C:/Users/nguye/AppData/Local/UnrealEngine/Common/DerivedDataCache/Buckets/LegacyDIST/40/31/55fe0c1e7b03db807b250cb9bcb1c8508dd5.udd" 6776
"C:/Users/nguye/AppData/Local/UnrealEngine/Common/DerivedDataCache/Buckets/LegacyCARD/7e/5f/5d22507a49ade08a6603842b4ff729a07e59.udd" 6777
"C:/Users/nguye/AppData/Local/UnrealEngine/Common/DerivedDataCache/Buckets/LegacyCARD/3c/97/6dd62b1d6e0b19f0e53e66581c5d629dbd02.udd" 6778
"C:/Users/nguye/AppData/Local/UnrealEngine/Common/DerivedDataCache/Buckets/LegacyDIST/17/1f/87db19528d8fe813bb3b8067640487d71a21.udd" 6779
"C:/Users/nguye/AppData/Local/UnrealEngine/Common/DerivedDataCache/Buckets/StaticMesh/2f/32/4867f1ce4e204cfb7cf9818898985fef7eb7.udd" 6780
"C:/Users/nguye/AppData/Local/UnrealEngine/Common/DerivedDataCache/Buckets/LegacyDIST/49/6e/524cd8320acd8db92491bdbcfa371d2f58c5.udd" 6781
"C:/Users/nguye/AppData/Local/UnrealEngine/Common/DerivedDataCache/Buckets/LegacyCARD/7d/d2/f20af122216b13004a3eca6fe5f784e9fbea.udd" 6782
"C:/Users/nguye/AppData/Local/UnrealEngine/Common/DerivedDataCache/Buckets/LegacyNavCollision/16/b5/02587e4701dc0df5ba8595a5e499e3603668.udd" 6783
"C:/Users/nguye/AppData/Local/UnrealEngine/Common/DerivedDataCache/Buckets/LegacyNavCollision/a6/46/7960beaa5941c0ef57db6e3c85bc77113d62.udd" 6784
"C:/Users/nguye/AppData/Local/UnrealEngine/Common/DerivedDataCache/Buckets/LegacyNavCollision/fc/aa/9dce0020a0d49cbf1fb3e43a28364a7f0002.udd" 6785
"C:/Users/nguye/AppData/Local/UnrealEngine/Common/DerivedDataCache/Buckets/LegacyCARD/24/a2/14f2bc32e5ce41afe10ebab6f2493b23e52a.udd" 6786
"C:/Users/nguye/AppData/Local/UnrealEngine/Common/DerivedDataCache/Buckets/LegacyNavCollision/cf/ce/75b116d21baca97aec35b55c6d9d3dd2176d.udd" 6787
"../../../../Users/nguye/UnrealProject/DOTD/Content/ThirdPerson/Maps/_GENERATED/s3979414/Box_9C5DB63A.uasset" 6788
"../../../../Users/nguye/UnrealProject/DOTD/Content/ThirdPerson/Maps/_GENERATED/s3979414/Box_56BE5C30.uasset" 6789
"../../../../Users/nguye/UnrealProject/DOTD/Content/ThirdPerson/Maps/_GENERATED/s3979414/Box_4A82B2B8.uasset" 6790
"../../../../Users/nguye/UnrealProject/DOTD/Content/ThirdPerson/Maps/_GENERATED/s3979414/Box_389533CD.uasset" 6791
"../../../../Users/nguye/UnrealProject/DOTD/Content/ThirdPerson/Maps/_GENERATED/s3979414/Boolean_EBEB87F9.uasset" 6792
"../../../../Users/nguye/UnrealProject/DOTD/Content/ThirdPerson/Maps/_GENERATED/s3979414/Boolean_DD11D526.uasset" 6793
"../../../../Users/nguye/UnrealProject/DOTD/Content/ThirdPerson/Maps/_GENERATED/s3979414/Boolean_E00D6661.uasset" 6794
"../../../../Users/nguye/UnrealProject/DOTD/Content/ThirdPerson/Maps/_GENERATED/s3979414/Boolean_C554B9E3.uasset" 6795
"../../../../Users/nguye/UnrealProject/DOTD/Content/ThirdPerson/Maps/_GENERATED/s3979414/Boolean_C419CBD5.uasset" 6796
"../../../../Users/nguye/UnrealProject/DOTD/Content/ThirdPerson/Maps/_GENERATED/s3979414/Boolean_A26E3B38.uasset" 6797
"C:/Users/nguye/AppData/Local/UnrealEngine/Common/DerivedDataCache/Buckets/LegacyDIST/d5/4e/087384bb15e126d0cfed6f5e55e5e1ce1ead.udd" 6798
"../../../../Users/nguye/UnrealProject/DOTD/Content/ThirdPerson/Maps/_GENERATED/s3979414/Boolean_8B15AA6E.uasset" 6799
"../../../../Users/nguye/UnrealProject/DOTD/Content/ThirdPerson/Maps/_GENERATED/s3979414/Boolean_85E95539.uasset" 6800
"../../../../Users/nguye/UnrealProject/DOTD/Content/ThirdPerson/Maps/_GENERATED/s3979414/Boolean_7C7F8C20.uasset" 6801
"../../../../Users/nguye/UnrealProject/DOTD/Content/ThirdPerson/Maps/_GENERATED/s3979414/Boolean_7D973B04.uasset" 6802
"C:/Users/nguye/AppData/Local/UnrealEngine/Common/DerivedDataCache/Buckets/StaticMesh/c8/53/bb1e8c18996a4bc3e59fdb3be95218fb09d1.udd" 6803
"../../../../Users/nguye/UnrealProject/DOTD/Content/ThirdPerson/Maps/_GENERATED/s3979414/Boolean_73487D37.uasset" 6804
"../../../../Users/nguye/UnrealProject/DOTD/Content/ThirdPerson/Maps/_GENERATED/s3979414/Boolean_6E7FA24A.uasset" 6805
"../../../../Users/nguye/UnrealProject/DOTD/Content/ThirdPerson/Maps/_GENERATED/s3979414/Boolean_6DA784CE.uasset" 6806
"../../../../Users/nguye/UnrealProject/DOTD/Content/ThirdPerson/Maps/_GENERATED/s3979414/Boolean_7A80A085.uasset" 6807
"C:/Users/nguye/AppData/Local/UnrealEngine/Common/DerivedDataCache/Buckets/LegacyDIST/f7/7c/4f2df8f2f21659477a5e72d3089a49671181.udd" 6808
"../../../../Users/nguye/UnrealProject/DOTD/Content/ThirdPerson/Maps/_GENERATED/s3979414/Boolean_4DA538D9.uasset" 6809
"../../../../Users/nguye/UnrealProject/DOTD/Content/ThirdPerson/Maps/_GENERATED/s3979414/Boolean_52ED6120.uasset" 6810
"C:/Users/nguye/AppData/Local/UnrealEngine/Common/DerivedDataCache/Buckets/LegacyCARD/58/79/222fd97768c3b21f0b43dd215810a9f887e0.udd" 6811
"../../../../Users/nguye/UnrealProject/DOTD/Content/ThirdPerson/Maps/_GENERATED/s3979414/Boolean_314AC4A6.uasset" 6812
"../../../../Users/nguye/UnrealProject/DOTD/Content/ThirdPerson/Maps/_GENERATED/s3979414/Boolean_2200AD75.uasset" 6813
"C:/Users/nguye/AppData/Local/UnrealEngine/Common/DerivedDataCache/Buckets/LegacyCARD/a4/a9/0f5d0b0c943c53e857da5e896212f128ee7b.udd" 6814
"C:/Users/nguye/AppData/Local/UnrealEngine/Common/DerivedDataCache/Buckets/StaticMesh/dc/31/34d54533a6bc314e561ddabce509c687e013.udd" 6815
"C:/Users/nguye/AppData/Local/UnrealEngine/Common/DerivedDataCache/Buckets/LegacyDIST/7e/61/81ea876c84e4a2d31741b6ccaea6cbe9795e.udd" 6816
"C:/Users/nguye/AppData/Local/UnrealEngine/Common/DerivedDataCache/Buckets/LegacyCARD/39/97/5c412706eaf2e6c5562dbc40325e7255327a.udd" 6817
"C:/Users/nguye/AppData/Local/UnrealEngine/Common/DerivedDataCache/Buckets/StaticMesh/45/80/384d6473d3b31426ce4da0ca0f5587222d98.udd" 6818
"../../../../Users/nguye/UnrealProject/DOTD/Content/ThirdPerson/Maps/_GENERATED/nguye/Box_EAED341D.uasset" 6819
"C:/Users/nguye/AppData/Local/UnrealEngine/Common/DerivedDataCache/Buckets/LegacyDIST/19/ec/0d6748c17fd20e7d5229d41b29a72a86ddf0.udd" 6820
"C:/Users/nguye/AppData/Local/UnrealEngine/Common/DerivedDataCache/Buckets/LegacyCARD/9d/c7/885cc0c1f3be1099649052600d66e2199056.udd" 6821
"C:/Users/nguye/AppData/Local/UnrealEngine/Common/DerivedDataCache/Buckets/StaticMesh/88/62/1a01fcfb965e1baca246d74c61e13076b196.udd" 6822
"C:/Users/nguye/AppData/Local/UnrealEngine/Common/DerivedDataCache/Buckets/StaticMesh/0a/08/9c64b57761b971b8d48e9cc5b9a5f4ec3cfa.udd" 6823
"C:/Users/nguye/AppData/Local/UnrealEngine/Common/DerivedDataCache/Buckets/LegacyDIST/b2/36/12c38547ba99925cbf650b41a06ee83b3041.udd" 6824
"C:/Users/nguye/AppData/Local/UnrealEngine/Common/DerivedDataCache/Buckets/LegacyCARD/5f/03/66018be7e6fa5e5843607061c1d01bb223f6.udd" 6825
"C:/Users/nguye/AppData/Local/UnrealEngine/Common/DerivedDataCache/Buckets/LegacyDIST/c9/5c/93a3c167cb656960e5f9bf7ab0223746c897.udd" 6826
"C:/Users/nguye/AppData/Local/UnrealEngine/Common/DerivedDataCache/Buckets/LegacyNavCollision/bd/e7/59839ba74e62e1beed5ce87d558c61f3b3d8.udd" 6827
"C:/Users/nguye/AppData/Local/UnrealEngine/Common/DerivedDataCache/Buckets/LegacyCARD/56/bb/ed5c57ea268d0032946e7f91f2a90a7f44c2.udd" 6828
"C:/Users/nguye/AppData/Local/UnrealEngine/Common/DerivedDataCache/Buckets/LegacyNavCollision/e6/c2/a7084de47349760eea19f9d1138d804e157f.udd" 6829
"C:/Users/nguye/AppData/Local/Temp/UnrealShaderWorkingDir/B30B7E7B4A59A1BEDA466781C3BEBD35/0/WorkerOutputOnly.out" 6830
"C:/Users/nguye/AppData/Local/Temp/UnrealShaderWorkingDir/B30B7E7B4A59A1BEDA466781C3BEBD35/2/WorkerOutputOnly.out" 6831
"C:/Users/nguye/AppData/Local/UnrealEngine/Common/DerivedDataCache/Buckets/StaticMesh/20/81/496e99c6ead85fd34e76f8b1fac8ace6a43c.udd" 6832
"C:/Users/nguye/AppData/Local/UnrealEngine/Common/DerivedDataCache/Buckets/LegacyDIST/e7/4a/4be5a6a652f69e2fa97ed09ff4008b66c567.udd" 6833
"C:/Users/nguye/AppData/Local/UnrealEngine/Common/DerivedDataCache/Buckets/LegacyCARD/b4/87/3d180a0c26714f2540b737d114d25d03329b.udd" 6834
"../../../../Users/nguye/UnrealProject/DOTD/Content/ThirdPerson/Maps/_GENERATED/nguye/Box_9B9127B9.uasset" 6835
"C:/Users/nguye/AppData/Local/UnrealEngine/Common/DerivedDataCache/Buckets/LegacyDIST/05/e7/f72d8f55c89f972fdee8b13228743b63156c.udd" 6836
"C:/Users/nguye/AppData/Local/UnrealEngine/Common/DerivedDataCache/Buckets/StaticMesh/7a/fc/59912da7cc8f99a7630b14f52f504282b70f.udd" 6837
"C:/Users/nguye/AppData/Local/UnrealEngine/Common/DerivedDataCache/Buckets/StaticMesh/5b/d1/c4c3f65df3108b92e5b55c757853b97996f1.udd" 6838
"C:/Users/nguye/AppData/Local/UnrealEngine/Common/DerivedDataCache/Buckets/LegacyDIST/2e/56/04e6b0fd7779498424c7d5da7783556b7757.udd" 6839
"C:/Users/nguye/AppData/Local/UnrealEngine/Common/DerivedDataCache/Buckets/LegacyDIST/d6/cc/3c2fd1d018798b58fd83b4e9ea1e65afdabc.udd" 6840
"C:/Users/nguye/AppData/Local/UnrealEngine/Common/DerivedDataCache/Buckets/LegacyCARD/86/50/489d8dc079ae6b9f88e4abc04e9433ebdd1f.udd" 6841
"C:/Users/nguye/AppData/Local/UnrealEngine/Common/DerivedDataCache/Buckets/StaticMesh/14/c6/aea6d546c7304f11a0ee0105d5438db3ca76.udd" 6842
"C:/Users/nguye/AppData/Local/UnrealEngine/Common/DerivedDataCache/Buckets/LegacyCARD/5e/7b/077cebe53fc28133539e88816f5644d91e5a.udd" 6843
"C:/Users/nguye/AppData/Local/UnrealEngine/Common/DerivedDataCache/Buckets/StaticMesh/c4/b9/f8b97541e47719657f00d6f6c1aa342c6539.udd" 6844
"C:/Users/nguye/AppData/Local/UnrealEngine/Common/DerivedDataCache/Buckets/StaticMesh/40/16/da4ef69255dcf5e99aa48a92a66940c54cc7.udd" 6845
"C:/Users/nguye/AppData/Local/UnrealEngine/Common/DerivedDataCache/Buckets/StaticMesh/3e/d8/4b0a545ec72385aebd05b5869b8e10cf9acf.udd" 6846
"C:/Users/nguye/AppData/Local/UnrealEngine/Common/DerivedDataCache/Buckets/StaticMesh/86/ee/fb5760e3969794ea773070a0238b6791d36a.udd" 6847
"C:/Users/nguye/AppData/Local/UnrealEngine/Common/DerivedDataCache/Buckets/LegacyDIST/e0/b8/6207a272f50327a2ad353dcbdaa6b1167043.udd" 6848
"C:/Users/nguye/AppData/Local/UnrealEngine/Common/DerivedDataCache/Buckets/StaticMesh/f2/6a/c74f278dd783a94d13dac68eb136251c68e3.udd" 6849
"C:/Users/nguye/AppData/Local/UnrealEngine/Common/DerivedDataCache/Buckets/LegacyDIST/89/b2/c4ca1ab71a3f99522062b7cb9674aef41112.udd" 6850
"C:/Users/nguye/AppData/Local/UnrealEngine/Common/DerivedDataCache/Buckets/LegacyCARD/63/8d/925472277f911f436f06efe3bc593a299e44.udd" 6851
"C:/Users/nguye/AppData/Local/UnrealEngine/Common/DerivedDataCache/Buckets/LegacyDIST/11/41/6ce222d373245a70abfda971a4c8cd528d71.udd" 6852
"C:/Users/nguye/AppData/Local/UnrealEngine/Common/DerivedDataCache/Buckets/LegacyCARD/b2/d7/15b414c6b8c61990c2a1ef8790cdfb9edab1.udd" 6853
"C:/Users/nguye/AppData/Local/UnrealEngine/Common/DerivedDataCache/Buckets/LegacyNavCollision/3a/90/d5f785fd5189fb158b364427cc3e4dacb6b7.udd" 6854
"C:/Users/nguye/AppData/Local/UnrealEngine/Common/DerivedDataCache/Buckets/LegacyCARD/c3/f8/2d5266887fea2b64b20648952277f924aaba.udd" 6855
"C:/Users/nguye/AppData/Local/UnrealEngine/Common/DerivedDataCache/Buckets/StaticMesh/2f/98/6affa322758372fcc69f42d7b3c51b96c7c1.udd" 6856
"C:/Users/nguye/AppData/Local/UnrealEngine/Common/DerivedDataCache/Buckets/LegacyNavCollision/5b/1a/9b0dd4f4f61b934e3872814ca30bc6dff0d6.udd" 6857
"C:/Users/nguye/AppData/Local/UnrealEngine/Common/DerivedDataCache/Buckets/LegacyDIST/fd/77/e42cab39f54802c055c12c5306112a9ff121.udd" 6858
"C:/Users/nguye/AppData/Local/UnrealEngine/Common/DerivedDataCache/Buckets/LegacyCARD/c7/68/9d60ed4296acc8552c11714decf2a1723156.udd" 6859
"C:/Users/nguye/AppData/Local/UnrealEngine/Common/DerivedDataCache/Buckets/LegacyDIST/0b/45/937a1d805a8999f8e7d1df4d514cfc94ec20.udd" 6860
"C:/Users/nguye/AppData/Local/Temp/UnrealShaderWorkingDir/B30B7E7B4A59A1BEDA466781C3BEBD35/8/WorkerOutputOnly.out" 6861
"C:/Users/nguye/AppData/Local/UnrealEngine/Common/DerivedDataCache/Buckets/StaticMesh/1d/25/4cd88a5475dcde1d884b4f4405189abf77da.udd" 6862
"C:/Users/nguye/AppData/Local/Temp/UnrealShaderWorkingDir/B30B7E7B4A59A1BEDA466781C3BEBD35/10/WorkerOutputOnly.out" 6863
"C:/Users/nguye/AppData/Local/UnrealEngine/Common/DerivedDataCache/Buckets/LegacyNavCollision/3c/01/065fcab1dcaa26b107d5b004816600a88e1d.udd" 6864
"C:/Users/nguye/AppData/Local/UnrealEngine/Common/DerivedDataCache/Buckets/LegacyCARD/d0/67/3a3dfab2eea28cf4b58f8c74612431bc69a0.udd" 6865
"C:/Users/nguye/AppData/Local/Temp/UnrealShaderWorkingDir/B30B7E7B4A59A1BEDA466781C3BEBD35/11/WorkerOutputOnly.out" 6866
"C:/Users/nguye/AppData/Local/UnrealEngine/Common/DerivedDataCache/Buckets/LegacyDIST/17/33/7f4a26ab8eaca0f8693f4732bfb543a778fe.udd" 6867
"C:/Users/nguye/AppData/Local/UnrealEngine/Common/DerivedDataCache/Buckets/LegacyCARD/6a/0d/4cb0d8c6197707aa65b7d78d17c75e9dafe3.udd" 6868
"C:/Users/nguye/AppData/Local/UnrealEngine/Common/DerivedDataCache/Buckets/LegacyCARD/f2/83/a00ae3727a1e8c8654123ff662571972858a.udd" 6869
"C:/Users/nguye/AppData/Local/UnrealEngine/Common/DerivedDataCache/Buckets/StaticMesh/f4/e4/5746ff383e834df99210e4a1b193fefc78b5.udd" 6870
"C:/Users/nguye/AppData/Local/UnrealEngine/Common/DerivedDataCache/Buckets/LegacyDIST/49/98/4a96893ee73b56ec4b76beb94ae4de64afc4.udd" 6871
"C:/Users/nguye/AppData/Local/UnrealEngine/Common/DerivedDataCache/Buckets/LegacyCARD/6e/77/8fa454f2d50d5f0b70907835dd962a3fbdec.udd" 6872
"C:/Users/nguye/AppData/Local/UnrealEngine/Common/DerivedDataCache/Buckets/StaticMesh/62/94/2da2a743c13c7a82324094b615ded74adc36.udd" 6873
"C:/Users/nguye/AppData/Local/UnrealEngine/Common/DerivedDataCache/Buckets/LegacyNavCollision/ac/54/ca60f60e1f2aae2c3820b4151d904ee5b280.udd" 6874
"C:/Users/nguye/AppData/Local/UnrealEngine/Common/DerivedDataCache/Buckets/StaticMesh/df/f7/39a9e66ed10b9e099ecf4a5127e1367b1e10.udd" 6875
"C:/Users/nguye/AppData/Local/UnrealEngine/Common/DerivedDataCache/Buckets/StaticMesh/10/be/b96cda0c98a862f7c35542fdf2fc397b6b30.udd" 6876
"C:/Users/nguye/AppData/Local/UnrealEngine/Common/DerivedDataCache/Buckets/LegacyDIST/e0/c9/cbe14fc7484cf8a38f9c76174a8da2634e66.udd" 6877
"C:/Users/nguye/AppData/Local/UnrealEngine/Common/DerivedDataCache/Buckets/LegacyDIST/3a/a6/81ddeceeb52c2b3c2c854bab156e735603bf.udd" 6878
"C:/Users/nguye/AppData/Local/UnrealEngine/Common/DerivedDataCache/Buckets/LegacyDIST/f1/0f/467431dc71dcf46af722ed5a2a82dd5c459b.udd" 6879
"C:/Users/nguye/AppData/Local/UnrealEngine/Common/DerivedDataCache/Buckets/LegacyCARD/71/b9/c3c9448879501bc7f9f2ed382a5dfb71af78.udd" 6880
"C:/Users/nguye/AppData/Local/UnrealEngine/Common/DerivedDataCache/Buckets/LegacyCARD/46/31/4bbbf0c233565988ec88671c565a48a93e6d.udd" 6881
"C:/Users/nguye/AppData/Local/UnrealEngine/Common/DerivedDataCache/Buckets/StaticMesh/99/c4/4affdbb8418842aef8fbb9635ec1760f086a.udd" 6882
"C:/Users/nguye/AppData/Local/UnrealEngine/Common/DerivedDataCache/Buckets/LegacyNavCollision/9a/f3/57bc4afdf27c7ccec8069f019cce9bc4a2ab.udd" 6883
"C:/Users/nguye/AppData/Local/UnrealEngine/Common/DerivedDataCache/Buckets/StaticMesh/dc/83/66aa2ee44e4ffefcf7a2fed8e4af67fc892d.udd" 6884
"C:/Users/nguye/AppData/Local/UnrealEngine/Common/DerivedDataCache/Buckets/LegacyDIST/a9/48/754080e308d9ede85ef37f5163638c5d97d9.udd" 6885
"C:/Users/nguye/AppData/Local/UnrealEngine/Common/DerivedDataCache/Buckets/LegacyCARD/d4/33/7dc04a4b5bfcb4741e2a37e5471e02a3f93d.udd" 6886
"C:/Users/nguye/AppData/Local/UnrealEngine/Common/DerivedDataCache/Buckets/LegacyDIST/28/86/4ae58355dbf48f08c80ac43f960be3d5c97e.udd" 6887
"C:/Users/nguye/AppData/Local/UnrealEngine/Common/DerivedDataCache/Buckets/LegacyDIST/40/79/a5bcdff29051b71fa4d7e5ce316fe3e26ec9.udd" 6888
"C:/Users/nguye/AppData/Local/UnrealEngine/Common/DerivedDataCache/Buckets/LegacyDIST/ad/60/979cc6963a8dbe7c10218508a06d4210ad6b.udd" 6889
"C:/Users/nguye/AppData/Local/UnrealEngine/Common/DerivedDataCache/Buckets/LegacyNavCollision/03/63/b3db831213b37918f7924e217d47ccda735b.udd" 6890
"C:/Users/nguye/AppData/Local/UnrealEngine/Common/DerivedDataCache/Buckets/LegacyCARD/c9/55/6d87df887bad10b3b1db65f7cd103af11f05.udd" 6891
"../../../../Users/nguye/UnrealProject/DOTD/Content/ThirdPerson/Maps/_GENERATED/nguye/Box_4F0B76D1.uasset" 6892
"C:/Users/nguye/AppData/Local/UnrealEngine/Common/DerivedDataCache/Buckets/StaticMesh/ad/6a/9d409237e1dc0fe6d8ad32013f3025dea780.udd" 6893
"C:/Users/nguye/AppData/Local/Temp/UnrealShaderWorkingDir/B30B7E7B4A59A1BEDA466781C3BEBD35/6/WorkerOutputOnly.out" 6894
"C:/Users/nguye/AppData/Local/UnrealEngine/Common/DerivedDataCache/Buckets/LegacyCARD/03/d4/8c947b654a1ffaaafbe2adeb991443ffca33.udd" 6895
"../../../../Users/nguye/UnrealProject/DOTD/Content/ThirdPerson/Maps/_GENERATED/nguye/Box_6C501738.uasset" 6896
"C:/Users/nguye/AppData/Local/UnrealEngine/Common/DerivedDataCache/Buckets/LegacyDIST/f9/af/c0150be1f84010e455cfe8e401d0244710ed.udd" 6897
"C:/Users/nguye/AppData/Local/UnrealEngine/Common/DerivedDataCache/Buckets/LegacyCARD/de/e8/f0b5de24d5f265de2cdce6d9ba37d3ced3c8.udd" 6898
"../../../../Users/nguye/UnrealProject/DOTD/Content/ThirdPerson/Maps/_GENERATED/nguye/Box_4E686CB2.uasset" 6899
"C:/Users/nguye/AppData/Local/UnrealEngine/Common/DerivedDataCache/Buckets/LegacyCARD/85/10/8ad3428969f0b4701c531f575958ff56b4d2.udd" 6900
"C:/Users/nguye/AppData/Local/UnrealEngine/Common/DerivedDataCache/Buckets/LegacyNavCollision/58/40/537a8ae974111f0560582f45f82eaa0e4daf.udd" 6901
"C:/Users/nguye/AppData/Local/UnrealEngine/Common/DerivedDataCache/Buckets/LegacyCARD/a9/5e/0dd517d505ffa7bf8e229e0290c917d60168.udd" 6902
"C:/Users/nguye/AppData/Local/UnrealEngine/Common/DerivedDataCache/Buckets/LegacyNavCollision/e1/48/24b4c4d58f1068643665271627b44792ab40.udd" 6903
"C:/Users/nguye/AppData/Local/Temp/UnrealShaderWorkingDir/B30B7E7B4A59A1BEDA466781C3BEBD35/1/WorkerOutputOnly.out" 6904
"C:/Users/nguye/AppData/Local/Temp/UnrealShaderWorkingDir/B30B7E7B4A59A1BEDA466781C3BEBD35/7/WorkerOutputOnly.out" 6905
"../../../../Users/nguye/UnrealProject/DOTD/Content/ThirdPerson/Maps/_GENERATED/ACER/Cylinder_51EA7D7C.uasset" 6906
"../../../../Users/nguye/UnrealProject/DOTD/Content/ThirdPerson/Maps/_GENERATED/ACER/Cylinder_A36B24C6.uasset" 6907
"C:/Users/nguye/AppData/Local/UnrealEngine/Common/DerivedDataCache/Buckets/StaticMesh/19/f8/4c035a06cd81790fbddb3f8eb75e62a42e80.udd" 6908
"C:/Users/nguye/AppData/Local/UnrealEngine/Common/DerivedDataCache/Buckets/LegacyDIST/2e/b8/df1589453ae33c65cdbe578ac3e25b8c48f4.udd" 6909
"C:/Users/nguye/AppData/Local/UnrealEngine/Common/DerivedDataCache/Buckets/StaticMesh/b0/24/64eec8205b8890207963ac820de6d619eaaa.udd" 6910
"C:/Users/nguye/AppData/Local/UnrealEngine/Common/DerivedDataCache/Buckets/LegacyDIST/14/cf/eb64f9e726b5984a1acf4bc38d6c04d879b2.udd" 6911
"C:/Users/nguye/AppData/Local/UnrealEngine/Common/DerivedDataCache/Buckets/StaticMesh/c5/ff/833877b0908ec2f545fa775595c70fb69a63.udd" 6912
"C:/Users/nguye/AppData/Local/UnrealEngine/Common/DerivedDataCache/Buckets/LegacyDIST/48/a8/7c37ad118c7a02cc890c320cb6eff7a3f624.udd" 6913
"C:/Users/nguye/AppData/Local/UnrealEngine/Common/DerivedDataCache/Buckets/LegacyCARD/4f/d0/976dab79f0407300cb6cf549f2044ec86597.udd" 6914
"C:/Users/nguye/AppData/Local/UnrealEngine/Common/DerivedDataCache/Buckets/LegacyDIST/f6/ec/f0c7647ef50c610e31f037d61a71996ecab9.udd" 6915
"C:/Users/nguye/AppData/Local/UnrealEngine/Common/DerivedDataCache/Buckets/LegacyCARD/8b/88/8b82ae22e3c525a57c73a99637ed7cb171fe.udd" 6916
"../../../../Users/nguye/UnrealProject/DOTD/Content/ThirdPerson/Maps/_GENERATED/nguye/Boolean_456F8C0D.uasset" 6917
"C:/Users/nguye/AppData/Local/UnrealEngine/Common/DerivedDataCache/Buckets/StaticMesh/f6/62/40efa696c3a5581fb03555a6ffae38951a6c.udd" 6918
"C:/Users/nguye/AppData/Local/UnrealEngine/Common/DerivedDataCache/Buckets/LegacyDIST/db/5c/a08a25e17d63eeb001637504760102d8afb8.udd" 6919
"../../../../Users/nguye/UnrealProject/DOTD/Content/ThirdPerson/Maps/_GENERATED/ACER/Box_1C1CDE9F.uasset" 6920
"C:/Users/nguye/AppData/Local/UnrealEngine/Common/DerivedDataCache/Buckets/LegacyCARD/8c/92/0f8c6fb61183faaf9d823f671c533fea3068.udd" 6921
"../../../../Users/nguye/UnrealProject/DOTD/Content/ThirdPerson/Maps/_GENERATED/ACER/Boolean_68732D8C.uasset" 6922
"C:/Users/nguye/AppData/Local/UnrealEngine/Common/DerivedDataCache/Buckets/LegacyCARD/65/37/1cc02bffd309b69115a1893015a6e38ade2b.udd" 6923
"../../../../Users/nguye/UnrealProject/DOTD/Content/ThirdPerson/Maps/_GENERATED/ACER/Boolean_5BB2FB4A.uasset" 6924
"../../../../Users/nguye/UnrealProject/DOTD/Content/ThirdPerson/Maps/_GENERATED/ACER/Boolean_35ECD7F5.uasset" 6925
"C:/Users/nguye/AppData/Local/UnrealEngine/Common/DerivedDataCache/Buckets/StaticMesh/79/55/b1046d3bdb0b5aec311a32220b1e242fdcde.udd" 6926
"C:/Users/nguye/AppData/Local/UnrealEngine/Common/DerivedDataCache/Buckets/StaticMesh/8d/a6/d64057de5832cfa76b77f2a49b5de99645f8.udd" 6927
"C:/Users/nguye/AppData/Local/UnrealEngine/Common/DerivedDataCache/Buckets/LegacyNavCollision/68/8a/1ef78cdc82904320776e3cb8455c8d8c58bf.udd" 6928
"../../../../Users/nguye/UnrealProject/DOTD/Content/ThirdPerson/Maps/_GENERATED/s3979414/Boolean_DFA2A49B.uasset" 6929
"C:/Users/nguye/AppData/Local/UnrealEngine/Common/DerivedDataCache/Buckets/StaticMesh/48/9f/255db3a7fbad6d814ef8c5c0458f7b4417a0.udd" 6930
"C:/Users/nguye/AppData/Local/UnrealEngine/Common/DerivedDataCache/Buckets/StaticMesh/59/9b/299272296e6fe6021273614d0fb73dbab262.udd" 6931
"C:/Users/nguye/AppData/Local/UnrealEngine/Common/DerivedDataCache/Buckets/LegacyDIST/c0/38/649b26407f918c97284e01a24ed96cb4572f.udd" 6932
"C:/Users/nguye/AppData/Local/UnrealEngine/Common/DerivedDataCache/Buckets/LegacyDIST/63/fd/bc85d6c01f902c58622a18f244410179a8dc.udd" 6933
"C:/Users/nguye/AppData/Local/UnrealEngine/Common/DerivedDataCache/Buckets/LegacyCARD/58/9a/c1056efdd7b66e60bcb20450066a0f0c2213.udd" 6934
"C:/Users/nguye/AppData/Local/UnrealEngine/Common/DerivedDataCache/Buckets/LegacyDIST/2c/7f/d97192d3286a40582f2c81b7223042326c41.udd" 6935
"C:/Users/nguye/AppData/Local/UnrealEngine/Common/DerivedDataCache/Buckets/LegacyCARD/73/e4/8b335acecf3bf094e147dd9ab46c445eb03a.udd" 6936
"C:/Users/nguye/AppData/Local/UnrealEngine/Common/DerivedDataCache/Buckets/LegacyCARD/e2/39/89af091fcc7d735784133269d612c820a475.udd" 6937
"C:/Users/nguye/AppData/Local/UnrealEngine/Common/DerivedDataCache/Buckets/LegacyNavCollision/ca/fd/36b80fd5ac96957e5ff9f1d9c07c65a0cee4.udd" 6938
"C:/Users/nguye/AppData/Local/UnrealEngine/Common/DerivedDataCache/Buckets/LegacyDIST/5e/a4/66684168f2d1aa57ea780321970e492ca5e1.udd" 6939
"C:/Users/nguye/AppData/Local/UnrealEngine/Common/DerivedDataCache/Buckets/LegacyCARD/05/de/03f5e74d2840b2e55e708d3d37daaedd1b06.udd" 6940
"C:/Users/nguye/AppData/Local/UnrealEngine/Common/DerivedDataCache/Buckets/StaticMesh/2f/8b/30187de95cb2701b3e30748d74b8f1f5cb37.udd" 6941
"C:/Users/nguye/AppData/Local/UnrealEngine/Common/DerivedDataCache/Buckets/StaticMesh/30/a6/19fa45e0d40e4f27a6d8e15b5817a129e469.udd" 6942
"C:/Users/nguye/AppData/Local/UnrealEngine/Common/DerivedDataCache/Buckets/LegacyDIST/db/8f/0117708d2d33eee05e452e09fb337e10e478.udd" 6943
"C:/Users/nguye/AppData/Local/UnrealEngine/Common/DerivedDataCache/Buckets/LegacyCARD/87/92/0339b25cd0870d2dd59b797e60ba2f1d9536.udd" 6944
"C:/Users/nguye/AppData/Local/UnrealEngine/Common/DerivedDataCache/Buckets/LegacyNavCollision/b2/7f/0f2c578af611ed5b39684975539dbdc21217.udd" 6945
"C:/Users/nguye/AppData/Local/UnrealEngine/Common/DerivedDataCache/Buckets/LegacyDIST/e9/7d/703d6fbf5c61a4d8a0306ea3683ce7c089de.udd" 6946
"C:/Users/nguye/AppData/Local/UnrealEngine/Common/DerivedDataCache/Buckets/LegacyCARD/ce/2b/0e079b581e8d8d9b2b4855f06896278b4adc.udd" 6947
"C:/Users/nguye/AppData/Local/UnrealEngine/Common/DerivedDataCache/Buckets/StaticMesh/7e/5a/bb7cbeebdc9ad609d55c60aecb1a2f1af07f.udd" 6948
"C:/Users/nguye/AppData/Local/UnrealEngine/Common/DerivedDataCache/Buckets/LegacyDIST/87/a7/4ffa5a42d91320d91dca054add86b868419f.udd" 6949
"C:/Users/nguye/AppData/Local/UnrealEngine/Common/DerivedDataCache/Buckets/LegacyCARD/e5/d4/ce934b1fb5e63406d56dafedbc521356ccf4.udd" 6950
"C:/Users/nguye/AppData/Local/UnrealEngine/Common/DerivedDataCache/Buckets/LegacyNavCollision/ae/73/61c010385de66edbdf73dd372afaae5b707e.udd" 6951
"C:/Users/nguye/AppData/Local/UnrealEngine/Common/DerivedDataCache/Buckets/LegacyNavCollision/98/60/7317318213b000e2a17c632bb7859ceb9db4.udd" 6952
"C:/Users/nguye/AppData/Local/UnrealEngine/Common/DerivedDataCache/Buckets/LegacyCARD/c5/4f/958995364a913adbc1ee861d1cae994a7733.udd" 6953
"C:/Users/nguye/AppData/Local/Temp/UnrealShaderWorkingDir/B30B7E7B4A59A1BEDA466781C3BEBD35/9/WorkerOutputOnly.out" 6954
"C:/Users/nguye/AppData/Local/UnrealEngine/Common/DerivedDataCache/Buckets/LegacyDIST/ef/d2/79088a098b5a4b1dcdfdb753e65482de2c68.udd" 6955
"C:/Users/nguye/AppData/Local/Temp/UnrealShaderWorkingDir/B30B7E7B4A59A1BEDA466781C3BEBD35/5/WorkerOutputOnly.out" 6956
"C:/Users/nguye/AppData/Local/Temp/UnrealShaderWorkingDir/B30B7E7B4A59A1BEDA466781C3BEBD35/4/WorkerOutputOnly.out" 6957
"C:/Users/nguye/AppData/Local/UnrealEngine/Common/DerivedDataCache/Buckets/LegacyCARD/43/69/1032de1e786acd7f7a74b35ebf78e1a53aa9.udd" 6958
"C:/Users/nguye/AppData/Local/UnrealEngine/Common/DerivedDataCache/Buckets/LegacyDIST/4c/fe/27c5a644bc0d6d7ec065a7b147f90f4cb08a.udd" 6959
"C:/Users/nguye/AppData/Local/UnrealEngine/Common/DerivedDataCache/Buckets/LegacyCARD/d6/ef/71e77c199140d561124f8f568474a38afd01.udd" 6960
"C:/Users/nguye/AppData/Local/UnrealEngine/Common/DerivedDataCache/Buckets/StaticMesh/65/8a/901bdb3b64d5acd6912b117a9582da88624a.udd" 6961
"C:/Users/nguye/AppData/Local/UnrealEngine/Common/DerivedDataCache/Buckets/StaticMesh/b0/e1/f6b661d8a872073214dd3c0884966d0d584e.udd" 6962
"C:/Users/nguye/AppData/Local/UnrealEngine/Common/DerivedDataCache/Buckets/StaticMesh/9f/a2/bf883deccef10e817bcb583819e4f0d638d7.udd" 6963
"C:/Users/nguye/AppData/Local/UnrealEngine/Common/DerivedDataCache/Buckets/StaticMesh/1a/87/e1be4a1841a20e7f45e8d01f1f65868f4505.udd" 6964
"C:/Users/nguye/AppData/Local/UnrealEngine/Common/DerivedDataCache/Buckets/StaticMesh/8c/40/7a83de0a4083c5396bcf09bc929ab841a7f3.udd" 6965
"C:/Users/nguye/AppData/Local/Temp/UnrealShaderWorkingDir/B30B7E7B4A59A1BEDA466781C3BEBD35/3/WorkerOutputOnly.out" 6966
"C:/Users/nguye/AppData/Local/UnrealEngine/Common/DerivedDataCache/Buckets/LegacyDIST/76/46/107937a3b2aecac5a90af2957b7992259c82.udd" 6967
"C:/Users/nguye/AppData/Local/UnrealEngine/Common/DerivedDataCache/Buckets/LegacyCARD/4a/4f/b04e4f7b5604d84686756f32ef1994c5074c.udd" 6968
"C:/Users/nguye/AppData/Local/UnrealEngine/Common/DerivedDataCache/Buckets/StaticMesh/36/68/d1d6f443492c424f2b3f02f2da97a454e310.udd" 6969
"C:/Users/nguye/AppData/Local/UnrealEngine/Common/DerivedDataCache/Buckets/StaticMesh/86/c2/9d5127df1c7456086ea5c333063ae1bc9e20.udd" 6970
"C:/Users/nguye/AppData/Local/UnrealEngine/Common/DerivedDataCache/Buckets/StaticMesh/83/3f/6cb5e7da0f37c126acec8b560fc8386216e4.udd" 6971
"C:/Users/nguye/AppData/Local/UnrealEngine/Common/DerivedDataCache/Buckets/StaticMesh/b2/60/b88e2aa0c48322f70cfd471602b33b99daa6.udd" 6972
"C:/Users/nguye/AppData/Local/UnrealEngine/Common/DerivedDataCache/Buckets/StaticMesh/f9/76/dfa1cd620e1062be62576e76a0d6362b6313.udd" 6973
"C:/Users/nguye/AppData/Local/UnrealEngine/Common/DerivedDataCache/Buckets/StaticMesh/96/a8/9655138a62b71d3b603d90fdbc645cefe45e.udd" 6974
"C:/Users/nguye/AppData/Local/UnrealEngine/Common/DerivedDataCache/Buckets/StaticMesh/81/2c/37e110ffc67e08562dfcc995fe69df290027.udd" 6975
"C:/Users/nguye/AppData/Local/UnrealEngine/Common/DerivedDataCache/Buckets/StaticMesh/8b/54/12e45110e9b88101c5a3fdd8d492aa71d0e1.udd" 6976
"C:/Users/nguye/AppData/Local/UnrealEngine/Common/DerivedDataCache/Buckets/StaticMesh/8b/e5/f83b4d908697d68d498f1896a3e552a30e05.udd" 6977
"C:/Users/nguye/AppData/Local/UnrealEngine/Common/DerivedDataCache/Buckets/StaticMesh/70/66/962b3270a866ca8eb35ad64d13517998801c.udd" 6978
"C:/Users/nguye/AppData/Local/UnrealEngine/Common/DerivedDataCache/Buckets/StaticMesh/2e/ed/0063cbc94552ef8d13878adfbaa3405bc06b.udd" 6979
"C:/Users/nguye/AppData/Local/UnrealEngine/Common/DerivedDataCache/Buckets/StaticMesh/c5/5d/459ff6984e16d896dc242b248a22d0ae7307.udd" 6980
"C:/Users/nguye/AppData/Local/UnrealEngine/Common/DerivedDataCache/Buckets/StaticMesh/44/ed/40de831f2f4d13bd41bf9fe9b4e17e310999.udd" 6981
"C:/Users/nguye/AppData/Local/UnrealEngine/Common/DerivedDataCache/Buckets/StaticMesh/d4/27/0d49a9bf3625e0e82d12305215769b198940.udd" 6982
"C:/Users/nguye/AppData/Local/UnrealEngine/Common/DerivedDataCache/Buckets/StaticMesh/2c/9a/c6b7d56b9a7992f7d37daea3b5db84d47009.udd" 6983
"C:/Users/nguye/AppData/Local/UnrealEngine/Common/DerivedDataCache/Buckets/StaticMesh/0f/36/52aba11fc95b4ec0cde249de86f908ee541c.udd" 6984
"C:/Users/nguye/AppData/Local/UnrealEngine/Common/DerivedDataCache/Buckets/StaticMesh/3d/1c/b391e50823e2922c8700c02b78049e02958c.udd" 6985
"C:/Users/nguye/AppData/Local/UnrealEngine/Common/DerivedDataCache/Buckets/StaticMesh/7c/62/90056e2ef3f3328ed3ef87194bcfcfd30ee2.udd" 6986
"C:/Users/nguye/AppData/Local/UnrealEngine/Common/DerivedDataCache/Buckets/StaticMesh/b4/a5/875aa59941d01f397284b58ed95f9b83ce43.udd" 6987
"C:/Users/nguye/AppData/Local/UnrealEngine/Common/DerivedDataCache/Buckets/StaticMesh/35/64/e9d512b3a422ce5d3efe298e54c2cd72d1ea.udd" 6988
"C:/Users/nguye/AppData/Local/UnrealEngine/Common/DerivedDataCache/Buckets/StaticMesh/aa/4b/8d97707bcbc422b3a4ceef3e169d8e0de10f.udd" 6989
"C:/Users/nguye/AppData/Local/UnrealEngine/Common/DerivedDataCache/Buckets/StaticMesh/be/5a/0021f957220f4e7c942d5f5d1865b22ad849.udd" 6990
"C:/Users/nguye/AppData/Local/UnrealEngine/Common/DerivedDataCache/Buckets/StaticMesh/32/65/9a8248d7944bf7fd7400f94a89f8440a176e.udd" 6991
"C:/Users/nguye/AppData/Local/UnrealEngine/Common/DerivedDataCache/Buckets/StaticMesh/c1/de/bade92e99946702379741868d0fd1239b6ba.udd" 6992
"C:/Users/nguye/AppData/Local/UnrealEngine/Common/DerivedDataCache/Buckets/StaticMesh/50/9a/4106004e23dd610bedf96db22fbb7dfd53d1.udd" 6993
"C:/Users/nguye/AppData/Local/UnrealEngine/Common/DerivedDataCache/Buckets/StaticMesh/4f/d7/99702ec6e22c10447ac9cbbb8d5bbf10c13b.udd" 6994
"C:/Users/nguye/AppData/Local/UnrealEngine/Common/DerivedDataCache/Buckets/StaticMesh/31/c2/c4620c17296f51e402f6dcd633a546d84c25.udd" 6995
"C:/Users/nguye/AppData/Local/UnrealEngine/Common/DerivedDataCache/Buckets/LegacyDIST/6d/28/ca99b38d1c07eb56df932866a83aaf0b5002.udd" 6996
"C:/Users/nguye/AppData/Local/UnrealEngine/Common/DerivedDataCache/Buckets/LegacyCARD/54/74/d3ef1dc75f7c39d899bb44404c8099a246b8.udd" 6997
"C:/Users/nguye/AppData/Local/UnrealEngine/Common/DerivedDataCache/Buckets/StaticMesh/af/f9/427b7efd59060f7aaf5a9175caa61ffa9766.udd" 6998
"C:/Users/nguye/AppData/Local/UnrealEngine/Common/DerivedDataCache/Buckets/StaticMesh/38/ab/a5a0da9d2ded50b4c3f7ed631af6306e9373.udd" 6999
"C:/Users/nguye/AppData/Local/UnrealEngine/Common/DerivedDataCache/Buckets/StaticMesh/14/30/86270fab134ae3a75528c5981679876300c2.udd" 7000
"C:/Users/nguye/AppData/Local/UnrealEngine/Common/DerivedDataCache/Buckets/StaticMesh/8c/77/d45d9a7a630e4b1c56309ec4dbd9b9a8a53e.udd" 7001
"C:/Users/nguye/AppData/Local/UnrealEngine/Common/DerivedDataCache/Buckets/StaticMesh/3d/23/56c7cc60e573da1a003713997e04fecb439b.udd" 7002
"C:/Users/nguye/AppData/Local/UnrealEngine/Common/DerivedDataCache/Buckets/StaticMesh/e9/09/7e582d7f67b16fafee2d5b430d0f6d5a7d4c.udd" 7003
"C:/Users/nguye/AppData/Local/UnrealEngine/Common/DerivedDataCache/Buckets/StaticMesh/ef/94/60c2bb810721ab989c5c5393f8206ac36be9.udd" 7004
"C:/Users/nguye/AppData/Local/UnrealEngine/Common/DerivedDataCache/Buckets/StaticMesh/3d/f1/3cefa8bbab780281fcf8b7e709846bdf6803.udd" 7005
"C:/Users/nguye/AppData/Local/UnrealEngine/Common/DerivedDataCache/Buckets/StaticMesh/df/82/a6efcbfe1ac3c9be078d3f98fe6f0d937435.udd" 7006
"C:/Users/nguye/AppData/Local/UnrealEngine/Common/DerivedDataCache/Buckets/LegacyDIST/db/2a/45aba3b4eee5d41a69452715e6c2142074bb.udd" 7007
"C:/Users/nguye/AppData/Local/UnrealEngine/Common/DerivedDataCache/Buckets/LegacyCARD/6c/18/43020005db68f79004c793f54f172c3e5f19.udd" 7008
"C:/Users/nguye/AppData/Local/UnrealEngine/Common/DerivedDataCache/Buckets/StaticMesh/24/1b/26108c977722b30a346333818bac9fe2ba0a.udd" 7009
"C:/Users/nguye/AppData/Local/UnrealEngine/Common/DerivedDataCache/Buckets/LegacyDIST/a2/df/a81a1e7a6156b73ae3478fb987cbfb3f6d73.udd" 7010
"C:/Users/nguye/AppData/Local/UnrealEngine/Common/DerivedDataCache/Buckets/LegacyCARD/ee/ae/c0645d7cfe756ad80e3b195039d78be8acca.udd" 7011
"C:/Users/nguye/AppData/Local/UnrealEngine/Common/DerivedDataCache/Buckets/LegacyDIST/b9/ad/bd524b48dd63ef97a62fac4835bf85aaeddf.udd" 7012
"C:/Users/nguye/AppData/Local/UnrealEngine/Common/DerivedDataCache/Buckets/LegacyDIST/99/5b/12795674e9db69d51477adbfabaf47a275f1.udd" 7013
"C:/Users/nguye/AppData/Local/UnrealEngine/Common/DerivedDataCache/Buckets/LegacyDIST/a8/3b/7968e94860d476b3f29a5bce9b9cac7aa331.udd" 7014
"C:/Users/nguye/AppData/Local/UnrealEngine/Common/DerivedDataCache/Buckets/LegacyDIST/02/3c/0c3ec7ab84894d976c2ef7633ef1e12e77a2.udd" 7015
"C:/Users/nguye/AppData/Local/UnrealEngine/Common/DerivedDataCache/Buckets/LegacyDIST/87/88/bb3222d9339c87d745a87f78a861a3852e45.udd" 7016
"C:/Users/nguye/AppData/Local/UnrealEngine/Common/DerivedDataCache/Buckets/LegacyDIST/63/6d/5a0c85aab2bcc1939e5fb9e516ece9a128dd.udd" 7017
"C:/Users/nguye/AppData/Local/UnrealEngine/Common/DerivedDataCache/Buckets/LegacyDIST/48/d4/7cd9a2db9b0a4b0c346c8e5c5a7d182494cf.udd" 7018
"C:/Users/nguye/AppData/Local/UnrealEngine/Common/DerivedDataCache/Buckets/LegacyCARD/e0/ae/b8b046005c4e428de9ea0ecf54d2ad852809.udd" 7019
"C:/Users/nguye/AppData/Local/UnrealEngine/Common/DerivedDataCache/Buckets/LegacyDIST/0f/fe/105f0c652d0f397fe17a42a3bc50e1536903.udd" 7020
"C:/Users/nguye/AppData/Local/UnrealEngine/Common/DerivedDataCache/Buckets/LegacyCARD/23/0a/286dd10c5fac40f2551e042dd9d2678d6347.udd" 7021
"C:/Users/nguye/AppData/Local/UnrealEngine/Common/DerivedDataCache/Buckets/LegacyDIST/dc/1e/9ecd3e3199d27fd29f0d5a1dc90500edc008.udd" 7022
"C:/Users/nguye/AppData/Local/UnrealEngine/Common/DerivedDataCache/Buckets/LegacyCARD/8b/ba/41d58ed0c0b05d751c82dff14889d562972c.udd" 7023
"C:/Users/nguye/AppData/Local/UnrealEngine/Common/DerivedDataCache/Buckets/LegacyDIST/8b/8b/2831ff6165a7af494d90c30781b76b398509.udd" 7024
"C:/Users/nguye/AppData/Local/UnrealEngine/Common/DerivedDataCache/Buckets/LegacyCARD/54/b8/c5bbb6db0cc3116c865570269d5db73c8fac.udd" 7025
"C:/Users/nguye/AppData/Local/UnrealEngine/Common/DerivedDataCache/Buckets/LegacyDIST/2b/8e/740bf6da22bb16cca4b51826453b619e1014.udd" 7026
"C:/Users/nguye/AppData/Local/UnrealEngine/Common/DerivedDataCache/Buckets/LegacyCARD/0f/aa/709da5581818bb72e0d2dc53179e3f563ef5.udd" 7027
"C:/Users/nguye/AppData/Local/UnrealEngine/Common/DerivedDataCache/Buckets/LegacyCARD/e1/fb/1e6edae97cda4f325f1cb2711bfd7d9f8fc4.udd" 7028
"C:/Users/nguye/AppData/Local/UnrealEngine/Common/DerivedDataCache/Buckets/LegacyDIST/af/f2/1675462461736b06bef0671dd1dd35aa6602.udd" 7029
"C:/Users/nguye/AppData/Local/UnrealEngine/Common/DerivedDataCache/Buckets/LegacyCARD/83/41/f3d80ffb912ffb39ff0b9f7f749c95aee267.udd" 7030
"C:/Users/nguye/AppData/Local/UnrealEngine/Common/DerivedDataCache/Buckets/LegacyDIST/c2/7b/96f30da9f821c0cd233cc9fa18bf6166ddda.udd" 7031
"C:/Users/nguye/AppData/Local/UnrealEngine/Common/DerivedDataCache/Buckets/LegacyCARD/21/dd/91b70e04c3ff2337b7548ffd087492c323b5.udd" 7032
"C:/Users/nguye/AppData/Local/UnrealEngine/Common/DerivedDataCache/Buckets/LegacyDIST/6f/6f/c5f3b9d732388995a20781c106ca134e64cd.udd" 7033
"C:/Users/nguye/AppData/Local/UnrealEngine/Common/DerivedDataCache/Buckets/LegacyCARD/f2/78/b3e5baaea1b012bc830a4d32385a43b32119.udd" 7034
"C:/Users/nguye/AppData/Local/UnrealEngine/Common/DerivedDataCache/Buckets/LegacyDIST/d6/a2/a9ebb946698ab176d5c68ce48a5c60fcd2c2.udd" 7035
"C:/Users/nguye/AppData/Local/UnrealEngine/Common/DerivedDataCache/Buckets/LegacyCARD/01/0a/179f5909b72ff724c0097f02c9599efbd504.udd" 7036
"C:/Users/nguye/AppData/Local/UnrealEngine/Common/DerivedDataCache/Buckets/LegacyDIST/bc/7e/02685c52dd85cb83eb4c04ddac97c11a5765.udd" 7037
"C:/Users/nguye/AppData/Local/UnrealEngine/Common/DerivedDataCache/Buckets/LegacyCARD/6e/5d/0a27f107593e10078e1268790632df532ec7.udd" 7038
"C:/Users/nguye/AppData/Local/UnrealEngine/Common/DerivedDataCache/Buckets/LegacyDIST/87/73/9836001bb638f5c0b8cf63726bf4b74d6f85.udd" 7039
"C:/Users/nguye/AppData/Local/UnrealEngine/Common/DerivedDataCache/Buckets/LegacyCARD/8c/ff/60369bf66d5f6815d30ae52b45435b624d98.udd" 7040
"C:/Users/nguye/AppData/Local/UnrealEngine/Common/DerivedDataCache/Buckets/LegacyDIST/31/b0/edb3df0fbd640c2ce071290ebb3619cf4b36.udd" 7041
"C:/Users/nguye/AppData/Local/UnrealEngine/Common/DerivedDataCache/Buckets/LegacyCARD/0e/20/79df13b621685d01285ecef9f297c20cdc54.udd" 7042
"C:/Users/nguye/AppData/Local/UnrealEngine/Common/DerivedDataCache/Buckets/LegacyDIST/ba/3f/4d547e412a13a87f8dc973d180a3a9a6f3a3.udd" 7043
"C:/Users/nguye/AppData/Local/UnrealEngine/Common/DerivedDataCache/Buckets/LegacyCARD/cd/f6/fd35aace6e2d055395c5b57bfbaffe7b2641.udd" 7044
"C:/Users/nguye/AppData/Local/UnrealEngine/Common/DerivedDataCache/Buckets/LegacyDIST/c8/dd/e660dbe2eb84ac73a3f327b73bd49204ddb7.udd" 7045
"C:/Users/nguye/AppData/Local/UnrealEngine/Common/DerivedDataCache/Buckets/LegacyDIST/20/c1/a327bc63fa7db3d577ac83f8141f38e3d6e9.udd" 7046
"C:/Users/nguye/AppData/Local/UnrealEngine/Common/DerivedDataCache/Buckets/LegacyDIST/d1/80/1d8c1ec80b1102ff1c4897bcf1a04a2ca4e8.udd" 7047
"C:/Users/nguye/AppData/Local/UnrealEngine/Common/DerivedDataCache/Buckets/LegacyDIST/18/37/da354ba1fbe1665b435685d02997e226888b.udd" 7048
"C:/Users/nguye/AppData/Local/UnrealEngine/Common/DerivedDataCache/Buckets/LegacyCARD/2a/44/196997f9b6866a2c95b0febf5d9aa6157761.udd" 7049
"C:/Users/nguye/AppData/Local/UnrealEngine/Common/DerivedDataCache/Buckets/LegacyDIST/4f/97/eefe7e36e287030b3686d1c35fd13c4357cf.udd" 7050
"C:/Users/nguye/AppData/Local/UnrealEngine/Common/DerivedDataCache/Buckets/LegacyCARD/4f/1d/cfd9fbf173cfa2e74937d47a81fd2ecc978f.udd" 7051
"C:/Users/nguye/AppData/Local/UnrealEngine/Common/DerivedDataCache/Buckets/LegacyCARD/48/9a/01bf9dbe10e59db339226cb7847ca5515cee.udd" 7052
"C:/Users/nguye/AppData/Local/UnrealEngine/Common/DerivedDataCache/Buckets/LegacyDIST/21/74/75ca5e6495cf936c5b322ce2db7d39c3592e.udd" 7053
"C:/Users/nguye/AppData/Local/UnrealEngine/Common/DerivedDataCache/Buckets/LegacyCARD/5b/42/2b63f5c78cfbceed96ade6bceca95e6de9cd.udd" 7054
"C:/Users/nguye/AppData/Local/UnrealEngine/Common/DerivedDataCache/Buckets/LegacyDIST/d9/d8/241d69c805c213e3241283cec55b03fd2887.udd" 7055
"C:/Users/nguye/AppData/Local/UnrealEngine/Common/DerivedDataCache/Buckets/LegacyCARD/74/14/f228988e358b2459f97a4ecf8c3063901024.udd" 7056
"C:/Users/nguye/AppData/Local/UnrealEngine/Common/DerivedDataCache/Buckets/LegacyDIST/a0/00/311d9ae0c653f454475c73679ee9f5bd4da6.udd" 7057
"C:/Users/nguye/AppData/Local/UnrealEngine/Common/DerivedDataCache/Buckets/LegacyCARD/a8/39/a634a351c76f49b52cdab99947771a544801.udd" 7058
"C:/Users/nguye/AppData/Local/UnrealEngine/Common/DerivedDataCache/Buckets/LegacyDIST/cc/70/26f47802f673e060535443a595c487edd616.udd" 7059
"C:/Users/nguye/AppData/Local/UnrealEngine/Common/DerivedDataCache/Buckets/LegacyCARD/a4/d0/f188186d1a7689776ea88e04f4ffe210cfda.udd" 7060
"C:/Users/nguye/AppData/Local/UnrealEngine/Common/DerivedDataCache/Buckets/LegacyDIST/bc/06/6dce788f30969252acf60a86cf309f23549a.udd" 7061
"C:/Users/nguye/AppData/Local/UnrealEngine/Common/DerivedDataCache/Buckets/LegacyDIST/9f/74/ff3be29bc8460ef86573b1c2e6e802a50df1.udd" 7062
"C:/Users/nguye/AppData/Local/UnrealEngine/Common/DerivedDataCache/Buckets/LegacyDIST/c9/1b/f0b4907ef3af70dd5d94845931011e0a6f12.udd" 7063
"C:/Users/nguye/AppData/Local/UnrealEngine/Common/DerivedDataCache/Buckets/LegacyCARD/14/64/9775b6e1c33cbbe504023a3f18633c6bbfb9.udd" 7064
"C:/Users/nguye/AppData/Local/UnrealEngine/Common/DerivedDataCache/Buckets/LegacyDIST/15/cf/05caf9d90c7d057d08cacaed47dc97a20886.udd" 7065
"C:/Users/nguye/AppData/Local/UnrealEngine/Common/DerivedDataCache/Buckets/LegacyCARD/89/09/8bbe5655ac4a577e786d2d8eb3d7c55649b3.udd" 7066
"C:/Users/nguye/AppData/Local/UnrealEngine/Common/DerivedDataCache/Buckets/LegacyDIST/80/5b/70717f03db0b1fea74cf6b3d96b974ad94c3.udd" 7067
"C:/Users/nguye/AppData/Local/UnrealEngine/Common/DerivedDataCache/Buckets/LegacyCARD/ca/46/5f7a12f04e80b32de7b7a01fbb4c005fc7cd.udd" 7068
"C:/Users/nguye/AppData/Local/UnrealEngine/Common/DerivedDataCache/Buckets/LegacyDIST/af/63/76484dfa32971ac571dfaca58ba8763cf566.udd" 7069
"C:/Users/nguye/AppData/Local/UnrealEngine/Common/DerivedDataCache/Buckets/LegacyCARD/4b/fb/d618bacedd7b7060713bbd427784d8b06364.udd" 7070
"C:/Users/nguye/AppData/Local/UnrealEngine/Common/DerivedDataCache/Buckets/LegacyDIST/01/ac/06a6ace8da78ef54112c385adb1f68deacdb.udd" 7071
"C:/Users/nguye/AppData/Local/UnrealEngine/Common/DerivedDataCache/Buckets/LegacyCARD/5d/4e/028caf4fc51f0987351e3c5eac09e5ed0d7e.udd" 7072
"C:/Users/nguye/AppData/Local/UnrealEngine/Common/DerivedDataCache/Buckets/LegacyCARD/40/d9/01f2c3f0cd0e6bbeb4ff67e822647f70f05c.udd" 7073
"C:/Users/nguye/AppData/Local/UnrealEngine/Common/DerivedDataCache/Buckets/LegacyDIST/c9/5d/a36670e8347636dd3aac9606f7699b6b41a1.udd" 7074
"../../../../Users/nguye/UnrealProject/DOTD/Content/Characters/Mannequins/Textures/Quinn/T_Quinn_01_ASAOMASK_MSK.uasset" 7075
"../../../../Users/nguye/UnrealProject/DOTD/Content/Characters/Mannequins/Textures/Quinn/T_Quinn_01_CCRCCPlastic_MSK.uasset" 7076
"../../../../Users/nguye/UnrealProject/DOTD/Content/Characters/Mannequins/Textures/Quinn/T_Quinn_01ID_BN.uasset" 7077
"../../../../Users/nguye/UnrealProject/DOTD/Content/Characters/Mannequins/Textures/Quinn/T_Quinn_01ID_D.uasset" 7078
"../../../../Users/nguye/UnrealProject/DOTD/Content/Characters/Mannequins/Textures/Quinn/T_Quinn_01ID_MSR_MSK.uasset" 7079
"../../../../Users/nguye/UnrealProject/DOTD/Content/Characters/Mannequins/Textures/Quinn/T_Quinn_01ID_N.uasset" 7080
"../../../../Users/nguye/UnrealProject/DOTD/Content/Characters/Mannequins/Textures/Quinn/T_Quinn_01ID_Tan.uasset" 7081
"../../../Engine/Plugins/Interchange/Runtime/Content/gltf/MaterialInstances/MI_SpecularGlossiness_Mask.uasset" 7082
"../../../Engine/Plugins/Interchange/Runtime/Content/gltf/MaterialInstances/MI_SpecularGlossiness_Opaque.uasset" 7083
"../../../Engine/Plugins/Interchange/Runtime/Content/gltf/MaterialInstances/MI_Transmission_DS.uasset" 7084
"../../../Engine/Plugins/Interchange/Runtime/Content/gltf/MaterialInstances/MI_Sheen_Blend_DS.uasset" 7085
"../../../Engine/Plugins/Interchange/Runtime/Content/gltf/MaterialInstances/MI_Sheen_Mask_DS.uasset" 7086
"../../../Engine/Plugins/Interchange/Runtime/Content/gltf/MaterialInstances/MI_Transmission.uasset" 7087
"../../../Engine/Plugins/Interchange/Runtime/Content/gltf/MaterialInstances/MI_Sheen_Opaque_DS.uasset" 7088
"../../../Engine/Plugins/Interchange/Runtime/Content/gltf/MaterialInstances/MI_Sheen_Blend.uasset" 7089
"../../../Engine/Plugins/Interchange/Runtime/Content/gltf/MaterialInstances/MI_Sheen_Mask.uasset" 7090
"C:/Users/nguye/AppData/Local/UnrealEngine/Common/DerivedDataCache/Buckets/StaticMesh/c9/5c/4eb2dc6a04cd369917f4fe6710c7d4ef6e6c.udd" 7091
"C:/Users/nguye/AppData/Local/UnrealEngine/Common/DerivedDataCache/Buckets/StaticMesh/5c/7b/f8b437cd8c84e4ac5b6038f9dc820c372234.udd" 7092
"C:/Users/nguye/AppData/Local/UnrealEngine/Common/DerivedDataCache/Buckets/StaticMesh/49/f8/9c94af75c1d084d01883f7978f2b96063dea.udd" 7093
"C:/Users/nguye/AppData/Local/UnrealEngine/Common/DerivedDataCache/Buckets/LegacyDIST/2a/01/ed66a6abff3f0002ba1bbf89fa1b23ecad93.udd" 7094
"C:/Users/nguye/AppData/Local/UnrealEngine/Common/DerivedDataCache/Buckets/LegacyDIST/ea/b7/63dfe1f18232d8aa995a320819861e123075.udd" 7095
"C:/Users/nguye/AppData/Local/UnrealEngine/Common/DerivedDataCache/Buckets/LegacyCARD/63/e0/a44f6bec956905c4c6f89856dd3c3d914f4c.udd" 7096
"C:/Users/nguye/AppData/Local/UnrealEngine/Common/DerivedDataCache/Buckets/LegacyCARD/34/4f/b182d17e3030572d2e88dc52ff8540c1389e.udd" 7097
"C:/Users/nguye/AppData/Local/UnrealEngine/Common/DerivedDataCache/Buckets/StaticMesh/df/34/98d9b5086446817a2d2bd667099a22fe2841.udd" 7098
"../../../../Users/nguye/UnrealProject/DOTD/Content/Characters/Mannequin_UE4/Meshes/SK_Mannequin_PhysicsAsset.uasset" 7099
"C:/Users/nguye/AppData/Local/UnrealEngine/Common/DerivedDataCache/Buckets/LegacyDIST/48/fe/f6776efa564aac7ae5fda3a60da58f39b619.udd" 7100
"C:/Users/nguye/AppData/Local/UnrealEngine/Common/DerivedDataCache/Buckets/LegacyCARD/78/7d/6d2e292f70028688e70e91409dfa6c5dc639.udd" 7101
"../../../Engine/Plugins/Interchange/Runtime/Content/gltf/MaterialInstances/MI_Sheen_Opaque.uasset" 7102
"../../../../Users/nguye/UnrealProject/DOTD/Content/ThirdPerson/Maps/_GENERATED/nguye/Boolean_33BC819C.uasset" 7103
"C:/Users/nguye/AppData/Local/UnrealEngine/Common/DerivedDataCache/Buckets/StaticMesh/74/1d/4f5285b1c0e2be82350547eba5d351c2972f.udd" 7104
"C:/Users/nguye/AppData/Local/UnrealEngine/Common/DerivedDataCache/Buckets/LegacyDIST/0e/26/c319a125f514219ac01f5add22bbb3470052.udd" 7105
"C:/Users/nguye/AppData/Local/UnrealEngine/Common/DerivedDataCache/Buckets/LegacyCARD/be/1b/668b5cbc79e11a687400abbe27b2637ab68a.udd" 7106
"C:/Users/nguye/AppData/Local/UnrealEngine/Common/DerivedDataCache/Buckets/LegacyDIST/66/28/334e7fdb3ecff07c0915eb6da046aff05397.udd" 7107
"C:/Users/nguye/AppData/Local/UnrealEngine/Common/DerivedDataCache/Buckets/LegacyCARD/78/06/75eb23d15e02969010d4da513b6c872d109c.udd" 7108
"C:/Users/nguye/AppData/Local/UnrealEngine/Common/DerivedDataCache/Buckets/LegacyNavCollision/e9/40/9603d581b0a311302a405b47a7070cbc87fd.udd" 7109
"../../../../Users/nguye/UnrealProject/DOTD/Content/Characters/Mannequin_UE4/Meshes/SK_Mannequin.uasset" 7110
"C:/Users/nguye/AppData/Local/UnrealEngine/Common/DerivedDataCache/Buckets/LegacyNavCollision/38/d2/166057e40ae3c476489b71a23b1f5694bb66.udd" 7111
"../../../Engine/Plugins/Interchange/Runtime/Content/gltf/MaterialInstances/MI_ClearCoat_Blend_DS.uasset" 7112
"../../../Engine/Plugins/Interchange/Runtime/Content/gltf/MaterialInstances/MI_ClearCoat_Mask_DS.uasset" 7113
"../../../Engine/Plugins/Interchange/Runtime/Content/gltf/MaterialInstances/MI_ClearCoat_Blend.uasset" 7114
"../../../Engine/Plugins/Interchange/Runtime/Content/gltf/MaterialInstances/MI_ClearCoat_Opaque_DS.uasset" 7115
"../../../Engine/Plugins/Interchange/Runtime/Content/gltf/MaterialInstances/MI_ClearCoat_Mask.uasset" 7116
"../../../Engine/Plugins/Interchange/Runtime/Content/gltf/MaterialInstances/MI_ClearCoat_Opaque.uasset" 7117
"../../../Engine/Plugins/Interchange/Runtime/Content/gltf/MaterialInstances/MI_Default_Blend_DS.uasset" 7118
"../../../Engine/Plugins/Interchange/Runtime/Content/gltf/MaterialInstances/MI_Default_Mask_DS.uasset" 7119
"../../../Engine/Plugins/Interchange/Runtime/Content/gltf/MaterialInstances/MI_Default_Opaque_DS.uasset" 7120
"../../../Engine/Plugins/Interchange/Runtime/Content/gltf/MaterialInstances/MI_Default_Blend.uasset" 7121
"../../../../Users/nguye/UnrealProject/DOTD/Content/Characters/Mannequins/Textures/Quinn/T_Quinn_02_ASAOMASK_MSK.uasset" 7122
"../../../../Users/nguye/UnrealProject/DOTD/Content/Characters/Mannequins/Textures/Quinn/T_Quinn_02_CCRCCPlastic_MSK.uasset" 7123
"../../../Engine/Plugins/Interchange/Runtime/Content/gltf/MaterialInstances/MI_Default_Mask.uasset" 7124
"../../../../Users/nguye/UnrealProject/DOTD/Content/Characters/Mannequins/Textures/Quinn/T_Quinn_02ID_BN.uasset" 7125
"../../../../Users/nguye/UnrealProject/DOTD/Content/Characters/Mannequins/Textures/Quinn/T_Quinn_02ID_D.uasset" 7126
"../../../../Users/nguye/UnrealProject/DOTD/Content/Characters/Mannequins/Textures/Quinn/T_Quinn_02ID_MSR_MSK.uasset" 7127
"../../../Engine/Plugins/Interchange/Runtime/Content/gltf/MaterialInstances/MI_Default_Opaque.uasset" 7128
"../../../../Users/nguye/UnrealProject/DOTD/Content/Characters/Mannequins/Textures/Quinn/T_Quinn_02ID_N.uasset" 7129
"../../../../Users/nguye/UnrealProject/DOTD/Content/Characters/Mannequins/Textures/Quinn/T_Quinn_02ID_Tan.uasset" 7130
"../../../../Users/nguye/UnrealProject/DOTD/Content/Characters/Mannequins/Textures/Manny/T_Manny_02_ASAOPMASK_MSK.uasset" 7131
"../../../../Users/nguye/UnrealProject/DOTD/Content/Characters/Mannequins/Textures/Manny/T_Manny_02_BN.uasset" 7132
"../../../../Users/nguye/UnrealProject/DOTD/Content/Characters/Mannequins/Textures/Manny/T_Manny_02_CCRCCPlastic_MSK.uasset" 7133
"../../../../Users/nguye/UnrealProject/DOTD/Content/Characters/Mannequins/Textures/Manny/T_Manny_02_D.uasset" 7134
"../../../../Users/nguye/UnrealProject/DOTD/Content/Characters/Mannequins/Textures/Manny/T_Manny_02_MSR_MSK.uasset" 7135
"../../../../Users/nguye/UnrealProject/DOTD/Content/Characters/Mannequins/Textures/Manny/T_Manny_02_N.uasset" 7136
"C:/Users/nguye/UnrealProject/DOTD/Content/Characters/Mannequins/Meshes/SKM_Quinn_Simple.uasset" 7137
"../../../../Users/nguye/UnrealProject/DOTD/Content/Characters/Mannequins/Textures/Manny/T_Manny_02_Tan.uasset" 7138
"C:/Users/nguye/AppData/Local/UnrealEngine/Common/DerivedDataCache/Buckets/StaticMesh/d7/25/4df32c6af86793c2fcf7c6215fce54df9b65.udd" 7139
"C:/Users/nguye/UnrealProject/DOTD/Content/Characters/Mannequins/Meshes/SKM_Quinn.uasset" 7140
"C:/Users/nguye/UnrealProject/DOTD/Content/Characters/Mannequins/Meshes/SKM_Manny_Simple.uasset" 7141
"C:/Users/nguye/AppData/Local/UnrealEngine/Common/DerivedDataCache/Buckets/LegacyDIST/a4/23/63f344f76ad16cd5accdbf7ec8216cab01dc.udd" 7142
"C:/Users/nguye/AppData/Local/UnrealEngine/Common/DerivedDataCache/Buckets/LegacyCARD/d7/30/e89b891f0e3511beb086f43fa8398a3271e7.udd" 7143
"../../../Engine/Content/EngineSounds/Submixes/MasterEQSubmixDefault.uasset" 7144
"../../../Engine/Content/EngineSounds/Submixes/MasterSubmixDefault.uasset" 7145
"../../../Engine/Content/EngineSounds/Submixes/MasterReverbSubmixDefault.uasset" 7146
"C:/Users/nguye/UnrealProject/DOTD/Content/Characters/Mannequin_UE4/Rigs/RTG_UE5Manny_UE4Manny.uasset" 7147
"C:/Users/nguye/UnrealProject/DOTD/Content/Characters/Mannequins/Meshes/SKM_Manny.uasset" 7148
"C:/Users/nguye/UnrealProject/DOTD/Content/ThirdPerson/Blueprints/BP_ThirdPersonGameMode.uasset" 7149
"C:/Users/nguye/UnrealProject/DOTD/Content/Characters/Mannequins/Rigs/RTG_Mannequin.uasset" 7150
"C:/Users/nguye/UnrealProject/DOTD/Content/ThirdPerson/Maps/ThirdPersonMap.umap" 7151
"C:/Users/nguye/UnrealProject/DOTD/Content/Characters/Mannequin_UE4/Rigs/RTG_UE4Manny_UE5Manny.uasset" 7152
"C:/Users/nguye/UnrealProject/DOTD/Content/__ExternalObjects__/ThirdPerson/Maps/ThirdPersonMap/E/GP/22PD314FCWY4ZK61DE3XZC.uasset" 7153
"C:/Users/nguye/UnrealProject/DOTD/Content/ThirdPerson/Blueprints/BP_ThirdPersonCharacter.uasset" 7154
"C:/Users/nguye/UnrealProject/DOTD/Content/ThirdPerson/Blueprints/BP_FlashlightPickup.uasset" 7155
"C:/Users/nguye/AppData/Local/UnrealEngine/Common/DerivedDataCache/Buckets/StaticMesh/d5/b4/24e837577c120c5282f3e020096d5729b304.udd" 7156
"C:/Users/nguye/UnrealProject/DOTD/Content/ThirdPerson/Blueprints/Light.uasset" 7157
"C:/Users/nguye/UnrealProject/DOTD/Content/ThirdPerson/Blueprints/BP_ToolPickup.uasset" 7158
"C:/Users/nguye/AppData/Local/UnrealEngine/Common/DerivedDataCache/Buckets/LegacyDIST/ed/91/8756873c33fbb3b39bd6e92c794bd1c4c3ff.udd" 7159
"C:/Users/nguye/AppData/Local/UnrealEngine/Common/DerivedDataCache/Buckets/LegacyCARD/67/af/58706ab2876194d3014a07968901d28d1dae.udd" 7160
"C:/Users/nguye/AppData/Local/UnrealEngine/Common/DerivedDataCache/Buckets/StaticMesh/bc/9c/3e7e206c95c980c0252385e170c27884b3df.udd" 7161
"C:/Users/nguye/AppData/Local/UnrealEngine/Common/DerivedDataCache/Buckets/LegacyDIST/94/38/9a85961d51e172b6389924a1a3f066bc616e.udd" 7162
"C:/Users/nguye/AppData/Local/UnrealEngine/Common/DerivedDataCache/Buckets/LegacyCARD/05/ad/a9a4783490ed43616f8564e30427bdfeb369.udd" 7163
"C:/Users/nguye/AppData/Local/UnrealEngine/Common/DerivedDataCache/Buckets/LegacyNavCollision/e3/c0/49b7a544e16917d0751e5470efeb1a1fa2d7.udd" 7164
"C:/Users/nguye/UnrealProject/DOTD/Content/__ExternalObjects__/ThirdPerson/Maps/ThirdPersonMap/C/7N/FDH7Y28CQFXDK8P6MM1HXM.uasset" 7165
"C:/Users/nguye/UnrealProject/DOTD/Content/__ExternalObjects__/ThirdPerson/Maps/ThirdPersonMap/9/KN/KHZG97SS6AL73U7AXDWH6J.uasset" 7166
"C:/Users/nguye/UnrealProject/DOTD/Content/__ExternalObjects__/ThirdPerson/Maps/ThirdPersonMap/6/TK/PIQ0B2FNWR15P52TECP27A.uasset" 7167
"C:/Users/nguye/UnrealProject/DOTD/Content/__ExternalObjects__/ThirdPerson/Maps/ThirdPersonMap/6/D8/3MZ6M1DB94VN44C87D65WR.uasset" 7168
"C:/Users/nguye/UnrealProject/DOTD/Content/__ExternalObjects__/ThirdPerson/Maps/ThirdPersonMap/4/VW/TY7TSUER9KKGHX2BMKSL0L.uasset" 7169
"../../../../Users/nguye/UnrealProject/DOTD/Content/Characters/Mannequins/Rigs/PA_Mannequin.uasset" 7170
"../../../../Users/nguye/UnrealProject/DOTD/Content/Characters/Mannequins/Meshes/SKM_Quinn_Simple.uasset" 7171
"../../../../Users/nguye/UnrealProject/DOTD/Content/Characters/Mannequins/Meshes/SKM_Quinn.uasset" 7172
"../../../../Users/nguye/UnrealProject/DOTD/Content/Characters/Mannequins/Meshes/SKM_Manny_Simple.uasset" 7173
"../../../../Users/nguye/UnrealProject/DOTD/Content/Characters/Mannequins/Meshes/SKM_Manny.uasset" 7174
"../../../../Users/nguye/UnrealProject/DOTD/Content/ThirdPerson/Blueprints/BPI_Light.uasset" 7175
"../../../../Users/nguye/UnrealProject/DOTD/Content/__ExternalActors__/ThirdPerson/Maps/ThirdPersonMap/0/43/HYQWORMY4JDQ5X3OKZXFLC.uasset" 7176
"../../../../Users/nguye/UnrealProject/DOTD/Content/ThirdPerson/Blueprints/BadEndScreen.uasset" 7177
"../../../../Users/nguye/UnrealProject/DOTD/Content/ThirdPerson/Maps/Blockout.umap" 7178
"../../../../Users/nguye/UnrealProject/DOTD/Content/__ExternalActors__/ThirdPerson/Maps/ThirdPersonMap/0/A4/2AU68QWWX6D6N8QTTUNDBX.uasset" 7179
"../../../../Users/nguye/UnrealProject/DOTD/Content/__ExternalActors__/ThirdPerson/Maps/ThirdPersonMap/0/FG/C9C8NKPQ680JETAE5ROTT1.uasset" 7180
"../../../../Users/nguye/UnrealProject/DOTD/Content/__ExternalActors__/ThirdPerson/Maps/ThirdPersonMap/0/I3/G03JQP70WE7Z60S3CRRFCB.uasset" 7181
"../../../../Users/nguye/UnrealProject/DOTD/Content/__ExternalActors__/ThirdPerson/Maps/ThirdPersonMap/0/I6/850YUPUAE2AY84MQNY43PI.uasset" 7182
"../../../../Users/nguye/UnrealProject/DOTD/Content/__ExternalActors__/ThirdPerson/Maps/ThirdPersonMap/0/KA/INJZIEQQZHY7DAEIWDIKEP.uasset" 7183
"../../../../Users/nguye/UnrealProject/DOTD/Content/__ExternalActors__/ThirdPerson/Maps/ThirdPersonMap/0/QR/10Q06O4OIE1HOAOZH0EOBM.uasset" 7184
"../../../../Users/nguye/UnrealProject/DOTD/Content/__ExternalActors__/ThirdPerson/Maps/ThirdPersonMap/0/ZK/U93TPUUSKNP9OUWCAE96CI.uasset" 7185
"../../../../Users/nguye/UnrealProject/DOTD/Content/__ExternalActors__/ThirdPerson/Maps/ThirdPersonMap/1/2U/CAHAEQSX3ZIEJ6MSW25OJ4.uasset" 7186
"../../../../Users/nguye/UnrealProject/DOTD/Content/__ExternalActors__/ThirdPerson/Maps/ThirdPersonMap/1/9G/OJJUPN2CM3ZJKLS7398I8H.uasset" 7187
"../../../../Users/nguye/UnrealProject/DOTD/Content/__ExternalActors__/ThirdPerson/Maps/ThirdPersonMap/1/9S/CLOLD3YX0VPPL8OCWNDSMB.uasset" 7188
"../../../../Users/nguye/UnrealProject/DOTD/Content/__ExternalActors__/ThirdPerson/Maps/ThirdPersonMap/1/AZ/A7GPT109Y6ZTTJD4A7TXER.uasset" 7189
"../../../../Users/nguye/UnrealProject/DOTD/Content/__ExternalActors__/ThirdPerson/Maps/ThirdPersonMap/1/GO/9FZW753MFBOCYAXHC0AHLA.uasset" 7190
"../../../../Users/nguye/UnrealProject/DOTD/Content/__ExternalActors__/ThirdPerson/Maps/ThirdPersonMap/1/HL/XWFFRCIJ8QK4NRO30ALA6J.uasset" 7191
"../../../../Users/nguye/UnrealProject/DOTD/Content/__ExternalActors__/ThirdPerson/Maps/ThirdPersonMap/1/KF/QGPW2VPTOUDH8IO77B2LRS.uasset" 7192
"../../../../Users/nguye/UnrealProject/DOTD/Content/__ExternalActors__/ThirdPerson/Maps/ThirdPersonMap/2/IP/P9SLZAOFIHKHA271O5D0AN.uasset" 7193
"../../../../Users/nguye/UnrealProject/DOTD/Content/__ExternalActors__/ThirdPerson/Maps/ThirdPersonMap/3/6G/4SV8T3P7SQNG1DMY9UWWML.uasset" 7194
"../../../../Users/nguye/UnrealProject/DOTD/Content/__ExternalActors__/ThirdPerson/Maps/ThirdPersonMap/3/DI/V9I7RWA7BQ9JHS6YKR9FBN.uasset" 7195
"../../../../Users/nguye/UnrealProject/DOTD/Content/__ExternalActors__/ThirdPerson/Maps/ThirdPersonMap/3/EY/87SHEJN5UBEAN2K5OV1G6R.uasset" 7196
"../../../../Users/nguye/UnrealProject/DOTD/Content/__ExternalActors__/ThirdPerson/Maps/ThirdPersonMap/3/NI/9YF442H0NT84DTJO2585D2.uasset" 7197
"../../../../Users/nguye/UnrealProject/DOTD/Content/__ExternalActors__/ThirdPerson/Maps/ThirdPersonMap/3/O2/GI3Q6UAB5K3RIYOKA8QEY1.uasset" 7198
"../../../../Users/nguye/UnrealProject/DOTD/Content/__ExternalActors__/ThirdPerson/Maps/ThirdPersonMap/3/P3/O43ETCZTFMLWWH1CJ941H2.uasset" 7199
"../../../../Users/nguye/UnrealProject/DOTD/Content/__ExternalActors__/ThirdPerson/Maps/ThirdPersonMap/3/QX/EZF7QWM3M9VR2TG4T5P633.uasset" 7200
"../../../../Users/nguye/UnrealProject/DOTD/Content/__ExternalActors__/ThirdPerson/Maps/ThirdPersonMap/4/60/5PI42YRDC8HSSG6BVV2GRR.uasset" 7201
"../../../../Users/nguye/UnrealProject/DOTD/Content/__ExternalActors__/ThirdPerson/Maps/ThirdPersonMap/4/EF/CHDZDD4BEMOIMD5KPFAAR4.uasset" 7202
"../../../../Users/nguye/UnrealProject/DOTD/Content/__ExternalActors__/ThirdPerson/Maps/ThirdPersonMap/4/HZ/I3BRNPZY6BLLWJPL0SN5Q1.uasset" 7203
"../../../../Users/nguye/UnrealProject/DOTD/Content/__ExternalActors__/ThirdPerson/Maps/ThirdPersonMap/4/LN/30UBDLYFFA5ZR7U4W4L4GG.uasset" 7204
"../../../../Users/nguye/UnrealProject/DOTD/Content/__ExternalActors__/ThirdPerson/Maps/ThirdPersonMap/4/PN/2QISIGK5DJNQ05US8O8FXW.uasset" 7205
"../../../Engine/Content/EngineSky/M_SimpleSkyDome.uasset" 7206
"../../../Engine/Content/EngineSky/SM_SkySphere.uasset" 7207
"../../../Engine/Content/EngineSky/M_Sky_Panning_Clouds2.uasset" 7208
"../../../Engine/Content/EngineSky/T_Sky_Blue.uasset" 7209
"../../../Engine/Content/EngineSky/T_Sky_Clouds_M.uasset" 7210
"../../../Engine/Content/EngineSky/T_Sky_Stars.uasset" 7211
"../../../../Users/nguye/UnrealProject/DOTD/Content/__ExternalActors__/ThirdPerson/Maps/ThirdPersonMap/4/SI/I9XY57YCV03QDX8EYAG2TP.uasset" 7212
"../../../../Users/nguye/UnrealProject/DOTD/Content/__ExternalActors__/ThirdPerson/Maps/ThirdPersonMap/4/T1/D8G3BFW84PD8BGP2GHOZBR.uasset" 7213
"../../../../Users/nguye/UnrealProject/DOTD/Content/__ExternalActors__/ThirdPerson/Maps/ThirdPersonMap/4/TA/MIMA28JIM0AFGH7WAPMGBV.uasset" 7214
"../../../../Users/nguye/UnrealProject/DOTD/Content/__ExternalActors__/ThirdPerson/Maps/ThirdPersonMap/4/TP/JDHJ9OFMK2SEPA6QX1HVQS.uasset" 7215
"C:/Users/nguye/AppData/Local/UnrealEngine/Common/DerivedDataCache/Buckets/BulkDataList/c3/b9/ea96a18fc9891cc0ff43a86d793d16311769.udd" 7216
"C:/Users/nguye/AppData/Local/UnrealEngine/Common/DerivedDataCache/Buckets/BulkDataList/fc/96/5eb1834587de1f3099a3e063dfddfe27e460.udd" 7217
"C:/Users/nguye/AppData/Local/UnrealEngine/Common/DerivedDataCache/Buckets/BulkDataList/87/1e/8b6c10462afda72e035fa0fa5e5886166078.udd" 7218
"../../../../Users/nguye/UnrealProject/DOTD/Content/__ExternalActors__/ThirdPerson/Maps/ThirdPersonMap/5/11/IM858T68EBXCBX1T2FNR96.uasset" 7219
"../../../../Users/nguye/UnrealProject/DOTD/Content/__ExternalActors__/ThirdPerson/Maps/ThirdPersonMap/5/2Z/QAVKN3TPDKX2R10ZFWOSRK.uasset" 7220
"../../../../Users/nguye/UnrealProject/DOTD/Content/__ExternalActors__/ThirdPerson/Maps/ThirdPersonMap/5/7E/BEYC27T14FHBU6LF2F60RR.uasset" 7221
"../../../../Users/nguye/UnrealProject/DOTD/Content/__ExternalActors__/ThirdPerson/Maps/ThirdPersonMap/5/7H/D2S0Z426Q1BBCIC0LS7FZG.uasset" 7222
"../../../../Users/nguye/UnrealProject/DOTD/Content/__ExternalActors__/ThirdPerson/Maps/ThirdPersonMap/5/BX/RQE856NCPSB320IET3GRK8.uasset" 7223
"../../../../Users/nguye/UnrealProject/DOTD/Content/__ExternalActors__/ThirdPerson/Maps/ThirdPersonMap/5/DQ/6ZEB5XY400TE4IM3WCYNJ4.uasset" 7224
"../../../../Users/nguye/UnrealProject/DOTD/Content/__ExternalActors__/ThirdPerson/Maps/ThirdPersonMap/5/GF/XR4I0PNUSEZY9QWGXLXZFQ.uasset" 7225
"../../../../Users/nguye/UnrealProject/DOTD/Content/__ExternalActors__/ThirdPerson/Maps/ThirdPersonMap/5/GP/3S8X7UEL9DUDFRWDUTCH5D.uasset" 7226
"../../../../Users/nguye/UnrealProject/DOTD/Content/__ExternalActors__/ThirdPerson/Maps/ThirdPersonMap/5/MA/F890815L2GPTKS8CWVZZ4E.uasset" 7227
"../../../../Users/nguye/UnrealProject/DOTD/Content/__ExternalActors__/ThirdPerson/Maps/ThirdPersonMap/C/H2/DALLD222YB6EBHJIAJAD2J.uasset" 7228
"../../../../Users/nguye/UnrealProject/DOTD/Content/__ExternalActors__/ThirdPerson/Maps/ThirdPersonMap/5/QO/CO9MG7REJF8N8AQFYRCI06.uasset" 7229
"../../../../Users/nguye/UnrealProject/DOTD/Content/__ExternalActors__/ThirdPerson/Maps/ThirdPersonMap/5/R1/TS5OQ5CRUWFZYL1ZQ7I416.uasset" 7230
"../../../../Users/nguye/UnrealProject/DOTD/Content/__ExternalActors__/ThirdPerson/Maps/ThirdPersonMap/5/VX/4P2OBLP0KLYDAPMR3X0CQA.uasset" 7231
"../../../../Users/nguye/UnrealProject/DOTD/Content/__ExternalActors__/ThirdPerson/Maps/ThirdPersonMap/6/CZ/K2YM0JIRZ78IHGM8W2QBAF.uasset" 7232
"../../../../Users/nguye/UnrealProject/DOTD/Content/__ExternalActors__/ThirdPerson/Maps/ThirdPersonMap/6/DH/AHIHR5UFDH5Q3RNKS90MTL.uasset" 7233
"../../../../Users/nguye/UnrealProject/DOTD/Content/__ExternalActors__/ThirdPerson/Maps/ThirdPersonMap/6/HF/9H7TKAXH9DD8KI3TIXGI2I.uasset" 7234
"../../../../Users/nguye/UnrealProject/DOTD/Content/__ExternalActors__/ThirdPerson/Maps/ThirdPersonMap/6/IR/OTJMGDDXDV5TI7982YKZ5P.uasset" 7235
"../../../../Users/nguye/UnrealProject/DOTD/Content/__ExternalActors__/ThirdPerson/Maps/ThirdPersonMap/6/J7/N10XDC9G27EMLS5AGZ6AVV.uasset" 7236
"../../../../Users/nguye/UnrealProject/DOTD/Content/__ExternalActors__/ThirdPerson/Maps/ThirdPersonMap/6/KY/O3TFHHL6M3VW9VBA6AVU4V.uasset" 7237
"../../../../Users/nguye/UnrealProject/DOTD/Content/__ExternalActors__/ThirdPerson/Maps/ThirdPersonMap/6/NC/UUYHDUFQAXTRRN4RVOPIUF.uasset" 7238
"../../../../Users/nguye/UnrealProject/DOTD/Content/__ExternalActors__/ThirdPerson/Maps/ThirdPersonMap/6/XB/9VVR39MG0K7W5GQIEFE7SO.uasset" 7239
"../../../../Users/nguye/UnrealProject/DOTD/Content/__ExternalActors__/ThirdPerson/Maps/ThirdPersonMap/6/YF/PA33PS6IPGLF5FCBKGUEGE.uasset" 7240
"../../../../Users/nguye/UnrealProject/DOTD/Content/__ExternalActors__/ThirdPerson/Maps/ThirdPersonMap/6/YO/NG2R9BPZVA7ZDN0Z4VSTG6.uasset" 7241
"../../../../Users/nguye/UnrealProject/DOTD/Content/__ExternalActors__/ThirdPerson/Maps/ThirdPersonMap/6/YQ/PQ77OW9ES0ZK50QJCDOWKZ.uasset" 7242
"../../../../Users/nguye/UnrealProject/DOTD/Content/__ExternalActors__/ThirdPerson/Maps/ThirdPersonMap/7/3V/JYM5LKZLVX49EPSXO0A2NA.uasset" 7243
"../../../../Users/nguye/UnrealProject/DOTD/Content/__ExternalActors__/ThirdPerson/Maps/ThirdPersonMap/7/72/F0Z15HPPPWKYOHWWBC7REN.uasset" 7244
"../../../../Users/nguye/UnrealProject/DOTD/Content/__ExternalActors__/ThirdPerson/Maps/ThirdPersonMap/7/HA/4GQMKS6ZSG0SCQHK64PV99.uasset" 7245
"../../../../Users/nguye/UnrealProject/DOTD/Content/__ExternalActors__/ThirdPerson/Maps/ThirdPersonMap/7/S4/O54F3G7GPDU4D94NH6KBHP.uasset" 7246
"../../../../Users/nguye/UnrealProject/DOTD/Content/__ExternalActors__/ThirdPerson/Maps/ThirdPersonMap/8/3J/6B9RJI3FDPCETRKXUXCQ4C.uasset" 7247
"../../../../Users/nguye/UnrealProject/DOTD/Content/__ExternalActors__/ThirdPerson/Maps/ThirdPersonMap/8/JZ/O1KAUN3LPXIYG682PCDXNW.uasset" 7248
"../../../../Users/nguye/UnrealProject/DOTD/Content/__ExternalActors__/ThirdPerson/Maps/ThirdPersonMap/8/L9/H8BSDQA6828J1K83SKTO8P.uasset" 7249
"../../../../Users/nguye/UnrealProject/DOTD/Content/__ExternalActors__/ThirdPerson/Maps/ThirdPersonMap/8/S1/DXUWD12MD3HRWVVXX076BY.uasset" 7250
"../../../../Users/nguye/UnrealProject/DOTD/Content/__ExternalActors__/ThirdPerson/Maps/ThirdPersonMap/8/T2/E363O8PZXQIBX1SLCAQDYJ.uasset" 7251
"../../../../Users/nguye/UnrealProject/DOTD/Content/__ExternalActors__/ThirdPerson/Maps/ThirdPersonMap/9/6K/8XDZ06R69V83H7SY25W323.uasset" 7252
"../../../../Users/nguye/UnrealProject/DOTD/Content/__ExternalActors__/ThirdPerson/Maps/ThirdPersonMap/9/DM/BOZL9PUAIXA5WFGA3OAFYA.uasset" 7253
"../../../../Users/nguye/UnrealProject/DOTD/Content/__ExternalActors__/ThirdPerson/Maps/ThirdPersonMap/9/FP/LJZ47M2LG36UDHOEBQBHCQ.uasset" 7254
"../../../../Users/nguye/UnrealProject/DOTD/Content/__ExternalActors__/ThirdPerson/Maps/ThirdPersonMap/9/SI/CLK7619PKRVWJXYZNMIII0.uasset" 7255
"../../../../Users/nguye/UnrealProject/DOTD/Content/__ExternalActors__/ThirdPerson/Maps/ThirdPersonMap/A/17/6LXV4Y6DE3LUT705XNU4DZ.uasset" 7256
"../../../../Users/nguye/UnrealProject/DOTD/Content/__ExternalActors__/ThirdPerson/Maps/ThirdPersonMap/A/5A/7GYBVGKNH9DHV2JEZ6YNQN.uasset" 7257
"../../../../Users/nguye/UnrealProject/DOTD/Content/__ExternalActors__/ThirdPerson/Maps/ThirdPersonMap/A/9X/ZAHI4G6P9JG2JI1YDUPAX0.uasset" 7258
"../../../../Users/nguye/UnrealProject/DOTD/Content/__ExternalActors__/ThirdPerson/Maps/ThirdPersonMap/A/HN/6B3PNXW7CIXRQAA2PM3Z5J.uasset" 7259
"../../../../Users/nguye/UnrealProject/DOTD/Content/__ExternalActors__/ThirdPerson/Maps/ThirdPersonMap/A/PJ/1YFN2YWNKLPZ7VD3FAW2JU.uasset" 7260
"../../../../Users/nguye/UnrealProject/DOTD/Content/__ExternalActors__/ThirdPerson/Maps/ThirdPersonMap/A/TM/IU7B0EW8S4Q1APSP8J7TRW.uasset" 7261
"../../../../Users/nguye/UnrealProject/DOTD/Content/__ExternalActors__/ThirdPerson/Maps/ThirdPersonMap/B/4K/EABAB4VXFUWKD1RDWGKZJ4.uasset" 7262
"../../../../Users/nguye/UnrealProject/DOTD/Content/__ExternalActors__/ThirdPerson/Maps/ThirdPersonMap/B/77/PLBVW0SMLJHY59C8QN1UP8.uasset" 7263
"../../../../Users/nguye/UnrealProject/DOTD/Content/__ExternalActors__/ThirdPerson/Maps/ThirdPersonMap/B/8K/1IKKDYS7RULH8FRYRPPF04.uasset" 7264
"../../../../Users/nguye/UnrealProject/DOTD/Content/__ExternalActors__/ThirdPerson/Maps/ThirdPersonMap/B/BA/5WY66BQ43Q07CWIGVZB4XV.uasset" 7265
"../../../../Users/nguye/UnrealProject/DOTD/Content/__ExternalActors__/ThirdPerson/Maps/ThirdPersonMap/B/FB/8RB55FM1HBEUVO4IOQC4YN.uasset" 7266
"../../../../Users/nguye/UnrealProject/DOTD/Content/__ExternalActors__/ThirdPerson/Maps/ThirdPersonMap/C/7W/XRSXE2DMMCX5YK7QY5Y9KG.uasset" 7267
"../../../../Users/nguye/UnrealProject/DOTD/Content/__ExternalActors__/ThirdPerson/Maps/ThirdPersonMap/C/99/Y4YBZ7SANZODIPKPGFS7ZQ.uasset" 7268
"../../../../Users/nguye/UnrealProject/DOTD/Content/__ExternalActors__/ThirdPerson/Maps/ThirdPersonMap/C/I0/8R2NAQTG3187EMFWR8JFTA.uasset" 7269
"../../../../Users/nguye/UnrealProject/DOTD/Content/__ExternalActors__/ThirdPerson/Maps/ThirdPersonMap/C/YI/98F8O7GZKL8W19LNGZ93ZU.uasset" 7270
"../../../../Users/nguye/UnrealProject/DOTD/Content/__ExternalActors__/ThirdPerson/Maps/ThirdPersonMap/D/3V/NMHOKL5LGQDOAAG00FUMZR.uasset" 7271
"../../../../Users/nguye/UnrealProject/DOTD/Content/__ExternalActors__/ThirdPerson/Maps/ThirdPersonMap/D/DE/SWSI13675DVYIZ0N4NF7Y3.uasset" 7272
"../../../../Users/nguye/UnrealProject/DOTD/Content/__ExternalActors__/ThirdPerson/Maps/ThirdPersonMap/D/FV/YL8KCIOOHLPZLW5ZDIO50P.uasset" 7273
"../../../../Users/nguye/UnrealProject/DOTD/Content/__ExternalActors__/ThirdPerson/Maps/ThirdPersonMap/D/HO/NS4SR9WLJNWDYG76P2L2QM.uasset" 7274
"../../../../Users/nguye/UnrealProject/DOTD/Content/__ExternalActors__/ThirdPerson/Maps/ThirdPersonMap/D/MK/US8SAFNNL7D5SULVRERPO4.uasset" 7275
"../../../../Users/nguye/UnrealProject/DOTD/Content/__ExternalActors__/ThirdPerson/Maps/ThirdPersonMap/D/ST/I4UO76KGCE3IIWFV4S5T6S.uasset" 7276
"../../../../Users/nguye/UnrealProject/DOTD/Content/__ExternalActors__/ThirdPerson/Maps/ThirdPersonMap/E/8O/GK06JAEJ82TQ0GA2QB0DJG.uasset" 7277
"../../../../Users/nguye/UnrealProject/DOTD/Content/__ExternalActors__/ThirdPerson/Maps/ThirdPersonMap/E/G5/M53TE0MO6Z4M4NWT5G0TKB.uasset" 7278
"../../../../Users/nguye/UnrealProject/DOTD/Content/__ExternalActors__/ThirdPerson/Maps/ThirdPersonMap/E/N0/ZKHY1RK89DJ1V4J0JTG5BX.uasset" 7279
"../../../../Users/nguye/UnrealProject/DOTD/Content/__ExternalActors__/ThirdPerson/Maps/ThirdPersonMap/E/Q6/EFEG5JL2FDCXCXE3BGDM5E.uasset" 7280
"../../../Engine/Content/EditorResources/EmptyActor.uasset" 7281
"C:/Users/nguye/AppData/Local/UnrealEngine/Common/DerivedDataCache/Buckets/BulkDataList/c4/77/352a67c43dd412e49194528fd66c50810e2b.udd" 7282
"../../../Engine/Content/EditorResources/LightIcons/S_LightError.uasset" 7283
"C:/Users/nguye/AppData/Local/UnrealEngine/Common/DerivedDataCache/Buckets/BulkDataList/50/a2/3d86de9bad0b1eafee2bf29f1dcb63bb4faf.udd" 7284
